2026-05-07T13:03:33.805+05:30  INFO 79068 --- [main] c.c.m.McpServerApplication               : Starting McpServerApplication using Java 21.0.10 with PID 79068 (/Users/vivekpandey/Documents/Project/twdc/Mysql_mcp_server/target/classes started by vivekpandey in /Users/vivekpandey/Documents/Project/twdc/Mysql_mcp_server)
2026-05-07T13:03:33.811+05:30  INFO 79068 --- [main] c.c.m.McpServerApplication               : No active profile set, falling back to 1 default profile: "default"
2026-05-07T13:03:34.190+05:30  INFO 79068 --- [main] o.s.a.m.s.a.McpServerAutoConfiguration   : Enable tools capabilities, notification: true
2026-05-07T13:03:34.213+05:30  INFO 79068 --- [main] o.s.a.m.s.a.McpServerAutoConfiguration   : Registered tools: 5
2026-05-07T13:03:34.213+05:30  INFO 79068 --- [main] o.s.a.m.s.a.McpServerAutoConfiguration   : Enable resources capabilities, notification: true
2026-05-07T13:03:34.213+05:30  INFO 79068 --- [main] o.s.a.m.s.a.McpServerAutoConfiguration   : Enable prompts capabilities, notification: true
2026-05-07T13:03:34.214+05:30  INFO 79068 --- [main] o.s.a.m.s.a.McpServerAutoConfiguration   : Registered prompts: 6
2026-05-07T13:03:34.214+05:30  INFO 79068 --- [main] o.s.a.m.s.a.McpServerAutoConfiguration   : Enable completions capabilities
2026-05-07T13:03:34.214+05:30  INFO 79068 --- [main] o.s.a.m.s.a.McpServerAutoConfiguration   : Registered completions: 6
2026-05-07T13:03:34.278+05:30  INFO 79068 --- [main] c.c.m.McpServerApplication               : Started McpServerApplication in 0.633 seconds (process running for 0.786)
2026-05-07 13:37:45 INFO  c.c.m.McpServerApplication - Starting McpServerApplication v1.0-SNAPSHOT using Java 21.0.10 with PID 80738 (/Users/vivekpandey/Documents/Project/twdc/Mysql_mcp_server/target/mysql-mcp-server-1.0-SNAPSHOT.jar started by vivekpandey in /Users/vivekpandey/Documents/Project/twdc/Mysql_mcp_server)
2026-05-07 13:37:45 INFO  c.c.m.McpServerApplication - The following 1 profile is active: "mcp"
2026-05-07 13:37:45 INFO  o.s.a.m.s.a.McpServerAutoConfiguration - Enable tools capabilities, notification: true
2026-05-07 13:37:45 INFO  o.s.a.m.s.a.McpServerAutoConfiguration - Registered tools: 5
2026-05-07 13:37:45 INFO  o.s.a.m.s.a.McpServerAutoConfiguration - Enable resources capabilities, notification: true
2026-05-07 13:37:45 INFO  o.s.a.m.s.a.McpServerAutoConfiguration - Enable prompts capabilities, notification: true
2026-05-07 13:37:45 INFO  o.s.a.m.s.a.McpServerAutoConfiguration - Registered prompts: 6
2026-05-07 13:37:45 INFO  o.s.a.m.s.a.McpServerAutoConfiguration - Enable completions capabilities
2026-05-07 13:37:45 INFO  o.s.a.m.s.a.McpServerAutoConfiguration - Registered completions: 6
2026-05-07 13:37:45 INFO  i.m.server.McpAsyncServer - Client initialize request - Protocol: 2025-11-25, Capabilities: ClientCapabilities[experimental=null, roots=null, sampling=null], Info: Implementation[name=q-chat-plugin, version=1.0.0]
2026-05-07 13:37:45 WARN  i.m.server.McpAsyncServer - Client requested unsupported protocol version: 2025-11-25, so the server will suggest the 2024-11-05 version instead
2026-05-07 13:37:45 INFO  c.c.m.McpServerApplication - Started McpServerApplication in 0.85 seconds (process running for 1.062)
2026-05-07 13:38:50 INFO  c.c.m.McpServerApplication - Starting McpServerApplication v1.0-SNAPSHOT using Java 21.0.10 with PID 80935 (/Users/vivekpandey/Documents/Project/twdc/Mysql_mcp_server/target/mysql-mcp-server-1.0-SNAPSHOT.jar started by vivekpandey in /Users/vivekpandey/Documents/Project/twdc/Mysql_mcp_server)
2026-05-07 13:38:50 INFO  c.c.m.McpServerApplication - The following 1 profile is active: "mcp"
2026-05-07 13:38:50 INFO  o.s.a.m.s.a.McpServerAutoConfiguration - Enable tools capabilities, notification: true
2026-05-07 13:38:50 INFO  o.s.a.m.s.a.McpServerAutoConfiguration - Registered tools: 5
2026-05-07 13:38:50 INFO  o.s.a.m.s.a.McpServerAutoConfiguration - Enable resources capabilities, notification: true
2026-05-07 13:38:50 INFO  o.s.a.m.s.a.McpServerAutoConfiguration - Enable prompts capabilities, notification: true
2026-05-07 13:38:50 INFO  o.s.a.m.s.a.McpServerAutoConfiguration - Registered prompts: 6
2026-05-07 13:38:50 INFO  o.s.a.m.s.a.McpServerAutoConfiguration - Enable completions capabilities
2026-05-07 13:38:50 INFO  o.s.a.m.s.a.McpServerAutoConfiguration - Registered completions: 6
2026-05-07 13:38:51 INFO  i.m.server.McpAsyncServer - Client initialize request - Protocol: 2025-11-25, Capabilities: ClientCapabilities[experimental=null, roots=null, sampling=null], Info: Implementation[name=q-chat-plugin, version=1.0.0]
2026-05-07 13:38:51 WARN  i.m.server.McpAsyncServer - Client requested unsupported protocol version: 2025-11-25, so the server will suggest the 2024-11-05 version instead
2026-05-07 13:38:51 INFO  c.c.m.McpServerApplication - Started McpServerApplication in 0.85 seconds (process running for 1.116)
2026-05-07 13:38:51 INFO  c.c.m.McpServerApplication - Starting McpServerApplication v1.0-SNAPSHOT using Java 21.0.10 with PID 80957 (/Users/vivekpandey/Documents/Project/twdc/Mysql_mcp_server/target/mysql-mcp-server-1.0-SNAPSHOT.jar started by vivekpandey in /Users/vivekpandey/Documents/Project/twdc/Mysql_mcp_server)
2026-05-07 13:38:51 INFO  c.c.m.McpServerApplication - The following 1 profile is active: "mcp"
2026-05-07 13:38:51 INFO  o.s.a.m.s.a.McpServerAutoConfiguration - Enable tools capabilities, notification: true
2026-05-07 13:38:51 INFO  o.s.a.m.s.a.McpServerAutoConfiguration - Registered tools: 5
2026-05-07 13:38:51 INFO  o.s.a.m.s.a.McpServerAutoConfiguration - Enable resources capabilities, notification: true
2026-05-07 13:38:51 INFO  o.s.a.m.s.a.McpServerAutoConfiguration - Enable prompts capabilities, notification: true
2026-05-07 13:38:51 INFO  o.s.a.m.s.a.McpServerAutoConfiguration - Registered prompts: 6
2026-05-07 13:38:51 INFO  o.s.a.m.s.a.McpServerAutoConfiguration - Enable completions capabilities
2026-05-07 13:38:51 INFO  o.s.a.m.s.a.McpServerAutoConfiguration - Registered completions: 6
2026-05-07 13:38:51 INFO  i.m.server.McpAsyncServer - Client initialize request - Protocol: 2025-11-25, Capabilities: ClientCapabilities[experimental=null, roots=null, sampling=null], Info: Implementation[name=q-chat-plugin, version=1.0.0]
2026-05-07 13:38:51 WARN  i.m.server.McpAsyncServer - Client requested unsupported protocol version: 2025-11-25, so the server will suggest the 2024-11-05 version instead
2026-05-07 13:38:52 INFO  c.c.m.McpServerApplication - Started McpServerApplication in 0.693 seconds (process running for 0.898)
2026-05-07 13:38:52 INFO  c.c.m.McpServerApplication - Starting McpServerApplication v1.0-SNAPSHOT using Java 21.0.10 with PID 80973 (/Users/vivekpandey/Documents/Project/twdc/Mysql_mcp_server/target/mysql-mcp-server-1.0-SNAPSHOT.jar started by vivekpandey in /Users/vivekpandey/Documents/Project/twdc/Mysql_mcp_server)
2026-05-07 13:38:52 INFO  c.c.m.McpServerApplication - The following 1 profile is active: "mcp"
2026-05-07 13:38:53 INFO  o.s.a.m.s.a.McpServerAutoConfiguration - Enable tools capabilities, notification: true
2026-05-07 13:38:53 INFO  o.s.a.m.s.a.McpServerAutoConfiguration - Registered tools: 5
2026-05-07 13:38:53 INFO  o.s.a.m.s.a.McpServerAutoConfiguration - Enable resources capabilities, notification: true
2026-05-07 13:38:53 INFO  o.s.a.m.s.a.McpServerAutoConfiguration - Enable prompts capabilities, notification: true
2026-05-07 13:38:53 INFO  o.s.a.m.s.a.McpServerAutoConfiguration - Registered prompts: 6
2026-05-07 13:38:53 INFO  o.s.a.m.s.a.McpServerAutoConfiguration - Enable completions capabilities
2026-05-07 13:38:53 INFO  o.s.a.m.s.a.McpServerAutoConfiguration - Registered completions: 6
2026-05-07 13:38:53 INFO  i.m.server.McpAsyncServer - Client initialize request - Protocol: 2025-11-25, Capabilities: ClientCapabilities[experimental=null, roots=null, sampling=null], Info: Implementation[name=q-chat-plugin, version=1.0.0]
2026-05-07 13:38:53 WARN  i.m.server.McpAsyncServer - Client requested unsupported protocol version: 2025-11-25, so the server will suggest the 2024-11-05 version instead
2026-05-07 13:38:53 INFO  c.c.m.McpServerApplication - Started McpServerApplication in 0.831 seconds (process running for 1.065)
2026-05-07 13:48:33 INFO  c.c.m.McpServerApplication - Starting McpServerApplication v1.0-SNAPSHOT using Java 21.0.10 with PID 81433 (/Users/vivekpandey/Documents/Project/twdc/Mysql_mcp_server/target/mysql-mcp-server-1.0-SNAPSHOT.jar started by vivekpandey in /Users/vivekpandey/Documents/Project/twdc/Mysql_mcp_server)
2026-05-07 13:48:33 INFO  c.c.m.McpServerApplication - The following 1 profile is active: "mcp"
2026-05-07 13:48:34 INFO  o.s.a.m.s.a.McpServerAutoConfiguration - Enable tools capabilities, notification: true
2026-05-07 13:48:34 INFO  o.s.a.m.s.a.McpServerAutoConfiguration - Registered tools: 5
2026-05-07 13:48:34 INFO  o.s.a.m.s.a.McpServerAutoConfiguration - Enable resources capabilities, notification: true
2026-05-07 13:48:34 INFO  o.s.a.m.s.a.McpServerAutoConfiguration - Enable prompts capabilities, notification: true
2026-05-07 13:48:34 INFO  o.s.a.m.s.a.McpServerAutoConfiguration - Registered prompts: 6
2026-05-07 13:48:34 INFO  o.s.a.m.s.a.McpServerAutoConfiguration - Enable completions capabilities
2026-05-07 13:48:34 INFO  o.s.a.m.s.a.McpServerAutoConfiguration - Registered completions: 6
2026-05-07 13:48:34 INFO  i.m.server.McpAsyncServer - Client initialize request - Protocol: 2025-11-25, Capabilities: ClientCapabilities[experimental=null, roots=null, sampling=null], Info: Implementation[name=q-chat-plugin, version=1.0.0]
2026-05-07 13:48:34 WARN  i.m.server.McpAsyncServer - Client requested unsupported protocol version: 2025-11-25, so the server will suggest the 2024-11-05 version instead
2026-05-07 13:48:34 INFO  c.c.m.McpServerApplication - Started McpServerApplication in 0.782 seconds (process running for 1.173)
2026-05-07 13:48:34 INFO  c.c.m.McpServerApplication - Starting McpServerApplication v1.0-SNAPSHOT using Java 21.0.10 with PID 81440 (/Users/vivekpandey/Documents/Project/twdc/Mysql_mcp_server/target/mysql-mcp-server-1.0-SNAPSHOT.jar started by vivekpandey in /Users/vivekpandey/Documents/Project/twdc/Mysql_mcp_server)
2026-05-07 13:48:34 INFO  c.c.m.McpServerApplication - The following 1 profile is active: "mcp"
2026-05-07 13:48:35 INFO  o.s.a.m.s.a.McpServerAutoConfiguration - Enable tools capabilities, notification: true
2026-05-07 13:48:35 INFO  o.s.a.m.s.a.McpServerAutoConfiguration - Registered tools: 5
2026-05-07 13:48:35 INFO  o.s.a.m.s.a.McpServerAutoConfiguration - Enable resources capabilities, notification: true
2026-05-07 13:48:35 INFO  o.s.a.m.s.a.McpServerAutoConfiguration - Enable prompts capabilities, notification: true
2026-05-07 13:48:35 INFO  o.s.a.m.s.a.McpServerAutoConfiguration - Registered prompts: 6
2026-05-07 13:48:35 INFO  o.s.a.m.s.a.McpServerAutoConfiguration - Enable completions capabilities
2026-05-07 13:48:35 INFO  o.s.a.m.s.a.McpServerAutoConfiguration - Registered completions: 6
2026-05-07 13:48:35 INFO  i.m.server.McpAsyncServer - Client initialize request - Protocol: 2025-11-25, Capabilities: ClientCapabilities[experimental=null, roots=null, sampling=null], Info: Implementation[name=q-chat-plugin, version=1.0.0]
2026-05-07 13:48:35 WARN  i.m.server.McpAsyncServer - Client requested unsupported protocol version: 2025-11-25, so the server will suggest the 2024-11-05 version instead
2026-05-07 13:48:35 INFO  c.c.m.McpServerApplication - Started McpServerApplication in 0.851 seconds (process running for 1.038)
2026-05-07 13:48:35 INFO  c.c.m.McpServerApplication - Starting McpServerApplication v1.0-SNAPSHOT using Java 21.0.10 with PID 81452 (/Users/vivekpandey/Documents/Project/twdc/Mysql_mcp_server/target/mysql-mcp-server-1.0-SNAPSHOT.jar started by vivekpandey in /Users/vivekpandey/Documents/Project/twdc/Mysql_mcp_server)
2026-05-07 13:48:35 INFO  c.c.m.McpServerApplication - The following 1 profile is active: "mcp"
2026-05-07 13:48:36 INFO  o.s.a.m.s.a.McpServerAutoConfiguration - Enable tools capabilities, notification: true
2026-05-07 13:48:36 INFO  o.s.a.m.s.a.McpServerAutoConfiguration - Registered tools: 5
2026-05-07 13:48:36 INFO  o.s.a.m.s.a.McpServerAutoConfiguration - Enable resources capabilities, notification: true
2026-05-07 13:48:36 INFO  o.s.a.m.s.a.McpServerAutoConfiguration - Enable prompts capabilities, notification: true
2026-05-07 13:48:36 INFO  o.s.a.m.s.a.McpServerAutoConfiguration - Registered prompts: 6
2026-05-07 13:48:36 INFO  o.s.a.m.s.a.McpServerAutoConfiguration - Enable completions capabilities
2026-05-07 13:48:36 INFO  o.s.a.m.s.a.McpServerAutoConfiguration - Registered completions: 6
2026-05-07 13:48:36 INFO  i.m.server.McpAsyncServer - Client initialize request - Protocol: 2025-11-25, Capabilities: ClientCapabilities[experimental=null, roots=null, sampling=null], Info: Implementation[name=q-chat-plugin, version=1.0.0]
2026-05-07 13:48:36 WARN  i.m.server.McpAsyncServer - Client requested unsupported protocol version: 2025-11-25, so the server will suggest the 2024-11-05 version instead
2026-05-07 13:48:36 INFO  c.c.m.McpServerApplication - Started McpServerApplication in 0.75 seconds (process running for 0.937)
2026-05-07 13:48:36 INFO  c.c.m.McpServerApplication - Starting McpServerApplication v1.0-SNAPSHOT using Java 21.0.10 with PID 81468 (/Users/vivekpandey/Documents/Project/twdc/Mysql_mcp_server/target/mysql-mcp-server-1.0-SNAPSHOT.jar started by vivekpandey in /Users/vivekpandey/Documents/Project/twdc/Mysql_mcp_server)
2026-05-07 13:48:36 INFO  c.c.m.McpServerApplication - The following 1 profile is active: "mcp"
2026-05-07 13:48:37 INFO  o.s.a.m.s.a.McpServerAutoConfiguration - Enable tools capabilities, notification: true
2026-05-07 13:48:37 INFO  o.s.a.m.s.a.McpServerAutoConfiguration - Registered tools: 5
2026-05-07 13:48:37 INFO  o.s.a.m.s.a.McpServerAutoConfiguration - Enable resources capabilities, notification: true
2026-05-07 13:48:37 INFO  o.s.a.m.s.a.McpServerAutoConfiguration - Enable prompts capabilities, notification: true
2026-05-07 13:48:37 INFO  o.s.a.m.s.a.McpServerAutoConfiguration - Registered prompts: 6
2026-05-07 13:48:37 INFO  o.s.a.m.s.a.McpServerAutoConfiguration - Enable completions capabilities
2026-05-07 13:48:37 INFO  o.s.a.m.s.a.McpServerAutoConfiguration - Registered completions: 6
2026-05-07 13:48:37 INFO  i.m.server.McpAsyncServer - Client initialize request - Protocol: 2025-11-25, Capabilities: ClientCapabilities[experimental=null, roots=null, sampling=null], Info: Implementation[name=q-chat-plugin, version=1.0.0]
2026-05-07 13:48:37 WARN  i.m.server.McpAsyncServer - Client requested unsupported protocol version: 2025-11-25, so the server will suggest the 2024-11-05 version instead
2026-05-07 13:48:37 INFO  c.c.m.McpServerApplication - Started McpServerApplication in 0.747 seconds (process running for 0.946)
2026-05-07 13:48:37 INFO  c.c.m.McpServerApplication - Starting McpServerApplication v1.0-SNAPSHOT using Java 21.0.10 with PID 81491 (/Users/vivekpandey/Documents/Project/twdc/Mysql_mcp_server/target/mysql-mcp-server-1.0-SNAPSHOT.jar started by vivekpandey in /Users/vivekpandey/Documents/Project/twdc/Mysql_mcp_server)
2026-05-07 13:48:37 INFO  c.c.m.McpServerApplication - The following 1 profile is active: "mcp"
2026-05-07 13:48:38 INFO  o.s.a.m.s.a.McpServerAutoConfiguration - Enable tools capabilities, notification: true
2026-05-07 13:48:38 INFO  o.s.a.m.s.a.McpServerAutoConfiguration - Registered tools: 5
2026-05-07 13:48:38 INFO  o.s.a.m.s.a.McpServerAutoConfiguration - Enable resources capabilities, notification: true
2026-05-07 13:48:38 INFO  o.s.a.m.s.a.McpServerAutoConfiguration - Enable prompts capabilities, notification: true
2026-05-07 13:48:38 INFO  o.s.a.m.s.a.McpServerAutoConfiguration - Registered prompts: 6
2026-05-07 13:48:38 INFO  o.s.a.m.s.a.McpServerAutoConfiguration - Enable completions capabilities
2026-05-07 13:48:38 INFO  o.s.a.m.s.a.McpServerAutoConfiguration - Registered completions: 6
2026-05-07 13:48:38 INFO  i.m.server.McpAsyncServer - Client initialize request - Protocol: 2025-11-25, Capabilities: ClientCapabilities[experimental=null, roots=null, sampling=null], Info: Implementation[name=q-chat-plugin, version=1.0.0]
2026-05-07 13:48:38 WARN  i.m.server.McpAsyncServer - Client requested unsupported protocol version: 2025-11-25, so the server will suggest the 2024-11-05 version instead
2026-05-07 13:48:38 INFO  c.c.m.McpServerApplication - Started McpServerApplication in 1.006 seconds (process running for 1.224)
2026-05-07 13:54:32 INFO  c.c.m.McpServerApplication - Starting McpServerApplication v1.0-SNAPSHOT using Java 21.0.10 with PID 81831 (/Users/vivekpandey/Documents/Project/twdc/Mysql_mcp_server/target/mysql-mcp-server-1.0-SNAPSHOT.jar started by vivekpandey in /Users/vivekpandey/Documents/Project/twdc/Mysql_mcp_server)
2026-05-07 13:54:32 INFO  c.c.m.McpServerApplication - The following 1 profile is active: "mcp"
2026-05-07 13:54:33 INFO  o.s.a.m.s.a.McpServerAutoConfiguration - Enable tools capabilities, notification: true
2026-05-07 13:54:33 INFO  o.s.a.m.s.a.McpServerAutoConfiguration - Registered tools: 5
2026-05-07 13:54:33 INFO  o.s.a.m.s.a.McpServerAutoConfiguration - Enable resources capabilities, notification: true
2026-05-07 13:54:33 INFO  o.s.a.m.s.a.McpServerAutoConfiguration - Enable prompts capabilities, notification: true
2026-05-07 13:54:33 INFO  o.s.a.m.s.a.McpServerAutoConfiguration - Registered prompts: 6
2026-05-07 13:54:33 INFO  o.s.a.m.s.a.McpServerAutoConfiguration - Enable completions capabilities
2026-05-07 13:54:33 INFO  o.s.a.m.s.a.McpServerAutoConfiguration - Registered completions: 6
2026-05-07 13:54:33 INFO  i.m.server.McpAsyncServer - Client initialize request - Protocol: 2025-11-25, Capabilities: ClientCapabilities[experimental=null, roots=null, sampling=null], Info: Implementation[name=q-chat-plugin, version=1.0.0]
2026-05-07 13:54:33 WARN  i.m.server.McpAsyncServer - Client requested unsupported protocol version: 2025-11-25, so the server will suggest the 2024-11-05 version instead
2026-05-07 13:54:33 INFO  c.c.m.McpServerApplication - Started McpServerApplication in 1.131 seconds (process running for 1.38)
2026-05-07 13:54:34 INFO  c.c.m.McpServerApplication - Starting McpServerApplication v1.0-SNAPSHOT using Java 21.0.10 with PID 81857 (/Users/vivekpandey/Documents/Project/twdc/Mysql_mcp_server/target/mysql-mcp-server-1.0-SNAPSHOT.jar started by vivekpandey in /Users/vivekpandey/Documents/Project/twdc/Mysql_mcp_server)
2026-05-07 13:54:34 INFO  c.c.m.McpServerApplication - The following 1 profile is active: "mcp"
2026-05-07 13:54:34 INFO  o.s.a.m.s.a.McpServerAutoConfiguration - Enable tools capabilities, notification: true
2026-05-07 13:54:34 INFO  o.s.a.m.s.a.McpServerAutoConfiguration - Registered tools: 5
2026-05-07 13:54:34 INFO  o.s.a.m.s.a.McpServerAutoConfiguration - Enable resources capabilities, notification: true
2026-05-07 13:54:34 INFO  o.s.a.m.s.a.McpServerAutoConfiguration - Enable prompts capabilities, notification: true
2026-05-07 13:54:34 INFO  o.s.a.m.s.a.McpServerAutoConfiguration - Registered prompts: 6
2026-05-07 13:54:34 INFO  o.s.a.m.s.a.McpServerAutoConfiguration - Enable completions capabilities
2026-05-07 13:54:34 INFO  o.s.a.m.s.a.McpServerAutoConfiguration - Registered completions: 6
2026-05-07 13:54:34 INFO  i.m.server.McpAsyncServer - Client initialize request - Protocol: 2025-11-25, Capabilities: ClientCapabilities[experimental=null, roots=null, sampling=null], Info: Implementation[name=q-chat-plugin, version=1.0.0]
2026-05-07 13:54:34 WARN  i.m.server.McpAsyncServer - Client requested unsupported protocol version: 2025-11-25, so the server will suggest the 2024-11-05 version instead
2026-05-07 13:54:34 INFO  c.c.m.McpServerApplication - Started McpServerApplication in 0.744 seconds (process running for 0.935)
2026-05-07 13:54:35 INFO  c.c.m.McpServerApplication - Starting McpServerApplication v1.0-SNAPSHOT using Java 21.0.10 with PID 81869 (/Users/vivekpandey/Documents/Project/twdc/Mysql_mcp_server/target/mysql-mcp-server-1.0-SNAPSHOT.jar started by vivekpandey in /Users/vivekpandey/Documents/Project/twdc/Mysql_mcp_server)
2026-05-07 13:54:35 INFO  c.c.m.McpServerApplication - The following 1 profile is active: "mcp"
2026-05-07 13:54:35 INFO  o.s.a.m.s.a.McpServerAutoConfiguration - Enable tools capabilities, notification: true
2026-05-07 13:54:35 INFO  o.s.a.m.s.a.McpServerAutoConfiguration - Registered tools: 5
2026-05-07 13:54:35 INFO  o.s.a.m.s.a.McpServerAutoConfiguration - Enable resources capabilities, notification: true
2026-05-07 13:54:35 INFO  o.s.a.m.s.a.McpServerAutoConfiguration - Enable prompts capabilities, notification: true
2026-05-07 13:54:35 INFO  o.s.a.m.s.a.McpServerAutoConfiguration - Registered prompts: 6
2026-05-07 13:54:35 INFO  o.s.a.m.s.a.McpServerAutoConfiguration - Enable completions capabilities
2026-05-07 13:54:35 INFO  o.s.a.m.s.a.McpServerAutoConfiguration - Registered completions: 6
2026-05-07 13:54:35 INFO  i.m.server.McpAsyncServer - Client initialize request - Protocol: 2025-11-25, Capabilities: ClientCapabilities[experimental=null, roots=null, sampling=null], Info: Implementation[name=q-chat-plugin, version=1.0.0]
2026-05-07 13:54:35 WARN  i.m.server.McpAsyncServer - Client requested unsupported protocol version: 2025-11-25, so the server will suggest the 2024-11-05 version instead
2026-05-07 13:54:35 INFO  c.c.m.McpServerApplication - Started McpServerApplication in 0.673 seconds (process running for 0.867)
2026-05-07 13:54:36 INFO  c.c.m.McpServerApplication - Starting McpServerApplication v1.0-SNAPSHOT using Java 21.0.10 with PID 81879 (/Users/vivekpandey/Documents/Project/twdc/Mysql_mcp_server/target/mysql-mcp-server-1.0-SNAPSHOT.jar started by vivekpandey in /Users/vivekpandey/Documents/Project/twdc/Mysql_mcp_server)
2026-05-07 13:54:36 INFO  c.c.m.McpServerApplication - The following 1 profile is active: "mcp"
2026-05-07 13:54:36 INFO  o.s.a.m.s.a.McpServerAutoConfiguration - Enable tools capabilities, notification: true
2026-05-07 13:54:36 INFO  o.s.a.m.s.a.McpServerAutoConfiguration - Registered tools: 5
2026-05-07 13:54:36 INFO  o.s.a.m.s.a.McpServerAutoConfiguration - Enable resources capabilities, notification: true
2026-05-07 13:54:36 INFO  o.s.a.m.s.a.McpServerAutoConfiguration - Enable prompts capabilities, notification: true
2026-05-07 13:54:36 INFO  o.s.a.m.s.a.McpServerAutoConfiguration - Registered prompts: 6
2026-05-07 13:54:36 INFO  o.s.a.m.s.a.McpServerAutoConfiguration - Enable completions capabilities
2026-05-07 13:54:36 INFO  o.s.a.m.s.a.McpServerAutoConfiguration - Registered completions: 6
2026-05-07 13:54:36 INFO  i.m.server.McpAsyncServer - Client initialize request - Protocol: 2025-11-25, Capabilities: ClientCapabilities[experimental=null, roots=null, sampling=null], Info: Implementation[name=q-chat-plugin, version=1.0.0]
2026-05-07 13:54:36 WARN  i.m.server.McpAsyncServer - Client requested unsupported protocol version: 2025-11-25, so the server will suggest the 2024-11-05 version instead
2026-05-07 13:54:36 INFO  c.c.m.McpServerApplication - Started McpServerApplication in 0.685 seconds (process running for 0.876)
2026-05-07 13:54:36 INFO  c.c.m.McpServerApplication - Starting McpServerApplication v1.0-SNAPSHOT using Java 21.0.10 with PID 81898 (/Users/vivekpandey/Documents/Project/twdc/Mysql_mcp_server/target/mysql-mcp-server-1.0-SNAPSHOT.jar started by vivekpandey in /Users/vivekpandey/Documents/Project/twdc/Mysql_mcp_server)
2026-05-07 13:54:36 INFO  c.c.m.McpServerApplication - The following 1 profile is active: "mcp"
2026-05-07 13:54:37 INFO  o.s.a.m.s.a.McpServerAutoConfiguration - Enable tools capabilities, notification: true
2026-05-07 13:54:37 INFO  o.s.a.m.s.a.McpServerAutoConfiguration - Registered tools: 5
2026-05-07 13:54:37 INFO  o.s.a.m.s.a.McpServerAutoConfiguration - Enable resources capabilities, notification: true
2026-05-07 13:54:37 INFO  o.s.a.m.s.a.McpServerAutoConfiguration - Enable prompts capabilities, notification: true
2026-05-07 13:54:37 INFO  o.s.a.m.s.a.McpServerAutoConfiguration - Registered prompts: 6
2026-05-07 13:54:37 INFO  o.s.a.m.s.a.McpServerAutoConfiguration - Enable completions capabilities
2026-05-07 13:54:37 INFO  o.s.a.m.s.a.McpServerAutoConfiguration - Registered completions: 6
2026-05-07 13:54:37 INFO  i.m.server.McpAsyncServer - Client initialize request - Protocol: 2025-11-25, Capabilities: ClientCapabilities[experimental=null, roots=null, sampling=null], Info: Implementation[name=q-chat-plugin, version=1.0.0]
2026-05-07 13:54:37 WARN  i.m.server.McpAsyncServer - Client requested unsupported protocol version: 2025-11-25, so the server will suggest the 2024-11-05 version instead
2026-05-07 13:54:37 INFO  c.c.m.McpServerApplication - Started McpServerApplication in 0.628 seconds (process running for 0.808)
2026-05-07 13:55:42 INFO  com.zaxxer.hikari.HikariDataSource - HikariPool-1 - Starting...
2026-05-07 13:56:47 INFO  c.c.m.McpServerApplication - Starting McpServerApplication using Java 21.0.10 with PID 81990 (/Users/vivekpandey/Documents/Project/twdc/Mysql_mcp_server/target/classes started by vivekpandey in /Users/vivekpandey/Documents/Project/twdc/Mysql_mcp_server)
2026-05-07 13:56:47 INFO  c.c.m.McpServerApplication - The following 1 profile is active: "mcp"
2026-05-07 13:56:47 INFO  o.s.a.m.s.a.McpServerAutoConfiguration - Enable tools capabilities, notification: true
2026-05-07 13:56:47 INFO  o.s.a.m.s.a.McpServerAutoConfiguration - Registered tools: 5
2026-05-07 13:56:47 INFO  o.s.a.m.s.a.McpServerAutoConfiguration - Enable resources capabilities, notification: true
2026-05-07 13:56:47 INFO  o.s.a.m.s.a.McpServerAutoConfiguration - Enable prompts capabilities, notification: true
2026-05-07 13:56:47 INFO  o.s.a.m.s.a.McpServerAutoConfiguration - Registered prompts: 6
2026-05-07 13:56:47 INFO  o.s.a.m.s.a.McpServerAutoConfiguration - Enable completions capabilities
2026-05-07 13:56:47 INFO  o.s.a.m.s.a.McpServerAutoConfiguration - Registered completions: 6
2026-05-07 13:56:47 INFO  c.c.m.McpServerApplication - Started McpServerApplication in 0.619 seconds (process running for 0.792)
2026-05-07 13:57:05 INFO  com.zaxxer.hikari.HikariDataSource - HikariPool-1 - Starting...
2026-05-07 13:58:01 INFO  c.c.m.McpServerApplication - Starting McpServerApplication v1.0-SNAPSHOT using Java 21.0.10 with PID 82104 (/Users/vivekpandey/Documents/Project/twdc/Mysql_mcp_server/target/mysql-mcp-server-1.0-SNAPSHOT.jar started by vivekpandey in /Users/vivekpandey/Documents/Project/twdc/Mysql_mcp_server)
2026-05-07 13:58:01 INFO  c.c.m.McpServerApplication - The following 1 profile is active: "mcp"
2026-05-07 13:58:01 INFO  o.s.a.m.s.a.McpServerAutoConfiguration - Enable tools capabilities, notification: true
2026-05-07 13:58:01 INFO  o.s.a.m.s.a.McpServerAutoConfiguration - Registered tools: 5
2026-05-07 13:58:01 INFO  o.s.a.m.s.a.McpServerAutoConfiguration - Enable resources capabilities, notification: true
2026-05-07 13:58:01 INFO  o.s.a.m.s.a.McpServerAutoConfiguration - Enable prompts capabilities, notification: true
2026-05-07 13:58:01 INFO  o.s.a.m.s.a.McpServerAutoConfiguration - Registered prompts: 6
2026-05-07 13:58:01 INFO  o.s.a.m.s.a.McpServerAutoConfiguration - Enable completions capabilities
2026-05-07 13:58:01 INFO  o.s.a.m.s.a.McpServerAutoConfiguration - Registered completions: 6
2026-05-07 13:58:01 INFO  i.m.server.McpAsyncServer - Client initialize request - Protocol: 2025-11-25, Capabilities: ClientCapabilities[experimental=null, roots=null, sampling=null], Info: Implementation[name=q-chat-plugin, version=1.0.0]
2026-05-07 13:58:01 WARN  i.m.server.McpAsyncServer - Client requested unsupported protocol version: 2025-11-25, so the server will suggest the 2024-11-05 version instead
2026-05-07 13:58:01 INFO  c.c.m.McpServerApplication - Started McpServerApplication in 0.731 seconds (process running for 0.939)
2026-05-07 13:58:02 INFO  c.c.m.McpServerApplication - Starting McpServerApplication v1.0-SNAPSHOT using Java 21.0.10 with PID 82114 (/Users/vivekpandey/Documents/Project/twdc/Mysql_mcp_server/target/mysql-mcp-server-1.0-SNAPSHOT.jar started by vivekpandey in /Users/vivekpandey/Documents/Project/twdc/Mysql_mcp_server)
2026-05-07 13:58:02 INFO  c.c.m.McpServerApplication - The following 1 profile is active: "mcp"
2026-05-07 13:58:02 INFO  o.s.a.m.s.a.McpServerAutoConfiguration - Enable tools capabilities, notification: true
2026-05-07 13:58:02 INFO  o.s.a.m.s.a.McpServerAutoConfiguration - Registered tools: 5
2026-05-07 13:58:02 INFO  o.s.a.m.s.a.McpServerAutoConfiguration - Enable resources capabilities, notification: true
2026-05-07 13:58:02 INFO  o.s.a.m.s.a.McpServerAutoConfiguration - Enable prompts capabilities, notification: true
2026-05-07 13:58:02 INFO  o.s.a.m.s.a.McpServerAutoConfiguration - Registered prompts: 6
2026-05-07 13:58:02 INFO  o.s.a.m.s.a.McpServerAutoConfiguration - Enable completions capabilities
2026-05-07 13:58:02 INFO  o.s.a.m.s.a.McpServerAutoConfiguration - Registered completions: 6
2026-05-07 13:58:02 INFO  i.m.server.McpAsyncServer - Client initialize request - Protocol: 2025-11-25, Capabilities: ClientCapabilities[experimental=null, roots=null, sampling=null], Info: Implementation[name=q-chat-plugin, version=1.0.0]
2026-05-07 13:58:02 WARN  i.m.server.McpAsyncServer - Client requested unsupported protocol version: 2025-11-25, so the server will suggest the 2024-11-05 version instead
2026-05-07 13:58:02 INFO  c.c.m.McpServerApplication - Started McpServerApplication in 0.667 seconds (process running for 0.851)
2026-05-07 13:58:03 INFO  c.c.m.McpServerApplication - Starting McpServerApplication v1.0-SNAPSHOT using Java 21.0.10 with PID 82132 (/Users/vivekpandey/Documents/Project/twdc/Mysql_mcp_server/target/mysql-mcp-server-1.0-SNAPSHOT.jar started by vivekpandey in /Users/vivekpandey/Documents/Project/twdc/Mysql_mcp_server)
2026-05-07 13:58:03 INFO  c.c.m.McpServerApplication - The following 1 profile is active: "mcp"
2026-05-07 13:58:04 INFO  o.s.a.m.s.a.McpServerAutoConfiguration - Enable tools capabilities, notification: true
2026-05-07 13:58:04 INFO  o.s.a.m.s.a.McpServerAutoConfiguration - Registered tools: 5
2026-05-07 13:58:04 INFO  o.s.a.m.s.a.McpServerAutoConfiguration - Enable resources capabilities, notification: true
2026-05-07 13:58:04 INFO  o.s.a.m.s.a.McpServerAutoConfiguration - Enable prompts capabilities, notification: true
2026-05-07 13:58:04 INFO  o.s.a.m.s.a.McpServerAutoConfiguration - Registered prompts: 6
2026-05-07 13:58:04 INFO  o.s.a.m.s.a.McpServerAutoConfiguration - Enable completions capabilities
2026-05-07 13:58:04 INFO  o.s.a.m.s.a.McpServerAutoConfiguration - Registered completions: 6
2026-05-07 13:58:04 INFO  i.m.server.McpAsyncServer - Client initialize request - Protocol: 2025-11-25, Capabilities: ClientCapabilities[experimental=null, roots=null, sampling=null], Info: Implementation[name=q-chat-plugin, version=1.0.0]
2026-05-07 13:58:04 WARN  i.m.server.McpAsyncServer - Client requested unsupported protocol version: 2025-11-25, so the server will suggest the 2024-11-05 version instead
2026-05-07 13:58:04 INFO  c.c.m.McpServerApplication - Started McpServerApplication in 0.658 seconds (process running for 0.838)
2026-05-07 13:58:11 INFO  com.zaxxer.hikari.HikariDataSource - HikariPool-1 - Starting...
2026-05-07 14:01:03 INFO  c.c.m.McpServerApplication - Starting McpServerApplication v1.0-SNAPSHOT using Java 21.0.10 with PID 82497 (/Users/vivekpandey/Documents/Project/twdc/Mysql_mcp_server/target/mysql-mcp-server-1.0-SNAPSHOT.jar started by vivekpandey in /Users/vivekpandey/Documents/Project/twdc/Mysql_mcp_server)
2026-05-07 14:01:03 INFO  c.c.m.McpServerApplication - The following 1 profile is active: "mcp"
2026-05-07 14:01:03 INFO  o.s.a.m.s.a.McpServerAutoConfiguration - Enable tools capabilities, notification: true
2026-05-07 14:01:03 INFO  o.s.a.m.s.a.McpServerAutoConfiguration - Registered tools: 5
2026-05-07 14:01:03 INFO  o.s.a.m.s.a.McpServerAutoConfiguration - Enable resources capabilities, notification: true
2026-05-07 14:01:03 INFO  o.s.a.m.s.a.McpServerAutoConfiguration - Enable prompts capabilities, notification: true
2026-05-07 14:01:03 INFO  o.s.a.m.s.a.McpServerAutoConfiguration - Registered prompts: 6
2026-05-07 14:01:03 INFO  o.s.a.m.s.a.McpServerAutoConfiguration - Enable completions capabilities
2026-05-07 14:01:03 INFO  o.s.a.m.s.a.McpServerAutoConfiguration - Registered completions: 6
2026-05-07 14:01:03 INFO  i.m.server.McpAsyncServer - Client initialize request - Protocol: 2025-11-25, Capabilities: ClientCapabilities[experimental=null, roots=null, sampling=null], Info: Implementation[name=q-chat-plugin, version=1.0.0]
2026-05-07 14:01:03 WARN  i.m.server.McpAsyncServer - Client requested unsupported protocol version: 2025-11-25, so the server will suggest the 2024-11-05 version instead
2026-05-07 14:01:03 INFO  c.c.m.McpServerApplication - Started McpServerApplication in 0.719 seconds (process running for 0.919)
2026-05-07 14:01:04 INFO  c.c.m.McpServerApplication - Starting McpServerApplication v1.0-SNAPSHOT using Java 21.0.10 with PID 82502 (/Users/vivekpandey/Documents/Project/twdc/Mysql_mcp_server/target/mysql-mcp-server-1.0-SNAPSHOT.jar started by vivekpandey in /Users/vivekpandey/Documents/Project/twdc/Mysql_mcp_server)
2026-05-07 14:01:04 INFO  c.c.m.McpServerApplication - The following 1 profile is active: "mcp"
2026-05-07 14:01:04 INFO  o.s.a.m.s.a.McpServerAutoConfiguration - Enable tools capabilities, notification: true
2026-05-07 14:01:04 INFO  o.s.a.m.s.a.McpServerAutoConfiguration - Registered tools: 5
2026-05-07 14:01:04 INFO  o.s.a.m.s.a.McpServerAutoConfiguration - Enable resources capabilities, notification: true
2026-05-07 14:01:04 INFO  o.s.a.m.s.a.McpServerAutoConfiguration - Enable prompts capabilities, notification: true
2026-05-07 14:01:04 INFO  o.s.a.m.s.a.McpServerAutoConfiguration - Registered prompts: 6
2026-05-07 14:01:04 INFO  o.s.a.m.s.a.McpServerAutoConfiguration - Enable completions capabilities
2026-05-07 14:01:04 INFO  o.s.a.m.s.a.McpServerAutoConfiguration - Registered completions: 6
2026-05-07 14:01:04 INFO  i.m.server.McpAsyncServer - Client initialize request - Protocol: 2025-11-25, Capabilities: ClientCapabilities[experimental=null, roots=null, sampling=null], Info: Implementation[name=q-chat-plugin, version=1.0.0]
2026-05-07 14:01:04 WARN  i.m.server.McpAsyncServer - Client requested unsupported protocol version: 2025-11-25, so the server will suggest the 2024-11-05 version instead
2026-05-07 14:01:04 INFO  c.c.m.McpServerApplication - Started McpServerApplication in 0.683 seconds (process running for 0.864)
2026-05-07 14:01:05 INFO  c.c.m.McpServerApplication - Starting McpServerApplication v1.0-SNAPSHOT using Java 21.0.10 with PID 82515 (/Users/vivekpandey/Documents/Project/twdc/Mysql_mcp_server/target/mysql-mcp-server-1.0-SNAPSHOT.jar started by vivekpandey in /Users/vivekpandey/Documents/Project/twdc/Mysql_mcp_server)
2026-05-07 14:01:05 INFO  c.c.m.McpServerApplication - The following 1 profile is active: "mcp"
2026-05-07 14:01:05 INFO  o.s.a.m.s.a.McpServerAutoConfiguration - Enable tools capabilities, notification: true
2026-05-07 14:01:05 INFO  o.s.a.m.s.a.McpServerAutoConfiguration - Registered tools: 5
2026-05-07 14:01:05 INFO  o.s.a.m.s.a.McpServerAutoConfiguration - Enable resources capabilities, notification: true
2026-05-07 14:01:05 INFO  o.s.a.m.s.a.McpServerAutoConfiguration - Enable prompts capabilities, notification: true
2026-05-07 14:01:05 INFO  o.s.a.m.s.a.McpServerAutoConfiguration - Registered prompts: 6
2026-05-07 14:01:05 INFO  o.s.a.m.s.a.McpServerAutoConfiguration - Enable completions capabilities
2026-05-07 14:01:05 INFO  o.s.a.m.s.a.McpServerAutoConfiguration - Registered completions: 6
2026-05-07 14:01:05 INFO  i.m.server.McpAsyncServer - Client initialize request - Protocol: 2025-11-25, Capabilities: ClientCapabilities[experimental=null, roots=null, sampling=null], Info: Implementation[name=q-chat-plugin, version=1.0.0]
2026-05-07 14:01:05 WARN  i.m.server.McpAsyncServer - Client requested unsupported protocol version: 2025-11-25, so the server will suggest the 2024-11-05 version instead
2026-05-07 14:01:05 INFO  c.c.m.McpServerApplication - Started McpServerApplication in 0.695 seconds (process running for 0.914)
2026-05-07 14:01:06 INFO  c.c.m.McpServerApplication - Starting McpServerApplication v1.0-SNAPSHOT using Java 21.0.10 with PID 82525 (/Users/vivekpandey/Documents/Project/twdc/Mysql_mcp_server/target/mysql-mcp-server-1.0-SNAPSHOT.jar started by vivekpandey in /Users/vivekpandey/Documents/Project/twdc/Mysql_mcp_server)
2026-05-07 14:01:06 INFO  c.c.m.McpServerApplication - The following 1 profile is active: "mcp"
2026-05-07 14:01:06 INFO  o.s.a.m.s.a.McpServerAutoConfiguration - Enable tools capabilities, notification: true
2026-05-07 14:01:06 INFO  o.s.a.m.s.a.McpServerAutoConfiguration - Registered tools: 5
2026-05-07 14:01:06 INFO  o.s.a.m.s.a.McpServerAutoConfiguration - Enable resources capabilities, notification: true
2026-05-07 14:01:06 INFO  o.s.a.m.s.a.McpServerAutoConfiguration - Enable prompts capabilities, notification: true
2026-05-07 14:01:06 INFO  o.s.a.m.s.a.McpServerAutoConfiguration - Registered prompts: 6
2026-05-07 14:01:06 INFO  o.s.a.m.s.a.McpServerAutoConfiguration - Enable completions capabilities
2026-05-07 14:01:06 INFO  o.s.a.m.s.a.McpServerAutoConfiguration - Registered completions: 6
2026-05-07 14:01:06 INFO  i.m.server.McpAsyncServer - Client initialize request - Protocol: 2025-11-25, Capabilities: ClientCapabilities[experimental=null, roots=null, sampling=null], Info: Implementation[name=q-chat-plugin, version=1.0.0]
2026-05-07 14:01:06 WARN  i.m.server.McpAsyncServer - Client requested unsupported protocol version: 2025-11-25, so the server will suggest the 2024-11-05 version instead
2026-05-07 14:01:06 INFO  c.c.m.McpServerApplication - Started McpServerApplication in 0.687 seconds (process running for 0.902)
2026-05-07 14:01:07 INFO  c.c.m.McpServerApplication - Starting McpServerApplication v1.0-SNAPSHOT using Java 21.0.10 with PID 82536 (/Users/vivekpandey/Documents/Project/twdc/Mysql_mcp_server/target/mysql-mcp-server-1.0-SNAPSHOT.jar started by vivekpandey in /Users/vivekpandey/Documents/Project/twdc/Mysql_mcp_server)
2026-05-07 14:01:07 INFO  c.c.m.McpServerApplication - The following 1 profile is active: "mcp"
2026-05-07 14:01:07 INFO  o.s.a.m.s.a.McpServerAutoConfiguration - Enable tools capabilities, notification: true
2026-05-07 14:01:07 INFO  o.s.a.m.s.a.McpServerAutoConfiguration - Registered tools: 5
2026-05-07 14:01:07 INFO  o.s.a.m.s.a.McpServerAutoConfiguration - Enable resources capabilities, notification: true
2026-05-07 14:01:07 INFO  o.s.a.m.s.a.McpServerAutoConfiguration - Enable prompts capabilities, notification: true
2026-05-07 14:01:07 INFO  o.s.a.m.s.a.McpServerAutoConfiguration - Registered prompts: 6
2026-05-07 14:01:07 INFO  o.s.a.m.s.a.McpServerAutoConfiguration - Enable completions capabilities
2026-05-07 14:01:07 INFO  o.s.a.m.s.a.McpServerAutoConfiguration - Registered completions: 6
2026-05-07 14:01:07 INFO  i.m.server.McpAsyncServer - Client initialize request - Protocol: 2025-11-25, Capabilities: ClientCapabilities[experimental=null, roots=null, sampling=null], Info: Implementation[name=q-chat-plugin, version=1.0.0]
2026-05-07 14:01:07 WARN  i.m.server.McpAsyncServer - Client requested unsupported protocol version: 2025-11-25, so the server will suggest the 2024-11-05 version instead
2026-05-07 14:01:07 INFO  c.c.m.McpServerApplication - Started McpServerApplication in 0.616 seconds (process running for 0.798)
2026-05-07 14:01:19 INFO  com.zaxxer.hikari.HikariDataSource - HikariPool-1 - Starting...
2026-05-07 14:01:19 INFO  com.zaxxer.hikari.pool.HikariPool - HikariPool-1 - Added connection com.mysql.cj.jdbc.ConnectionImpl@6dffe50d
2026-05-07 14:01:19 INFO  com.zaxxer.hikari.HikariDataSource - HikariPool-1 - Start completed.
2026-05-07 14:20:12 INFO  com.zaxxer.hikari.HikariDataSource - HikariPool-1 - Shutdown initiated...
2026-05-07 14:20:12 INFO  com.zaxxer.hikari.HikariDataSource - HikariPool-1 - Shutdown completed.
2026-05-07 14:20:12 INFO  c.c.m.McpServerApplication - Starting McpServerApplication v1.0-SNAPSHOT using Java 21.0.10 with PID 83258 (/Users/vivekpandey/Documents/Project/twdc/Mysql_mcp_server/target/mysql-mcp-server-1.0-SNAPSHOT.jar started by vivekpandey in /Users/vivekpandey/Documents/Project/twdc/Mysql_mcp_server)
2026-05-07 14:20:12 INFO  c.c.m.McpServerApplication - The following 1 profile is active: "mcp"
2026-05-07 14:20:13 INFO  o.s.a.m.s.a.McpServerAutoConfiguration - Enable tools capabilities, notification: true
2026-05-07 14:20:13 INFO  o.s.a.m.s.a.McpServerAutoConfiguration - Registered tools: 5
2026-05-07 14:20:13 INFO  o.s.a.m.s.a.McpServerAutoConfiguration - Enable resources capabilities, notification: true
2026-05-07 14:20:13 INFO  o.s.a.m.s.a.McpServerAutoConfiguration - Enable prompts capabilities, notification: true
2026-05-07 14:20:13 INFO  o.s.a.m.s.a.McpServerAutoConfiguration - Enable completions capabilities
2026-05-07 14:20:13 INFO  i.m.server.McpAsyncServer - Client initialize request - Protocol: 2025-11-25, Capabilities: ClientCapabilities[experimental=null, roots=null, sampling=null], Info: Implementation[name=q-chat-plugin, version=1.0.0]
2026-05-07 14:20:13 WARN  i.m.server.McpAsyncServer - Client requested unsupported protocol version: 2025-11-25, so the server will suggest the 2024-11-05 version instead
2026-05-07 14:20:13 INFO  c.c.m.McpServerApplication - Started McpServerApplication in 0.62 seconds (process running for 0.792)
2026-05-07 15:26:50 INFO  c.c.m.McpServerApplication - Starting McpServerApplication v1.0-SNAPSHOT using Java 21.0.10 with PID 83646 (/Users/vivekpandey/Documents/Project/twdc/Mysql_mcp_server/target/mysql-mcp-server-1.0-SNAPSHOT.jar started by vivekpandey in /Users/vivekpandey/Documents/Project/twdc/Mysql_mcp_server)
2026-05-07 15:26:50 INFO  c.c.m.McpServerApplication - The following 1 profile is active: "mcp"
2026-05-07 15:26:52 INFO  o.s.a.m.s.a.McpServerAutoConfiguration - Enable tools capabilities, notification: true
2026-05-07 15:26:52 INFO  o.s.a.m.s.a.McpServerAutoConfiguration - Registered tools: 5
2026-05-07 15:26:52 INFO  o.s.a.m.s.a.McpServerAutoConfiguration - Enable resources capabilities, notification: true
2026-05-07 15:26:52 INFO  o.s.a.m.s.a.McpServerAutoConfiguration - Enable prompts capabilities, notification: true
2026-05-07 15:26:52 INFO  o.s.a.m.s.a.McpServerAutoConfiguration - Enable completions capabilities
2026-05-07 15:26:53 INFO  i.m.server.McpAsyncServer - Client initialize request - Protocol: 2025-11-25, Capabilities: ClientCapabilities[experimental=null, roots=null, sampling=null], Info: Implementation[name=q-chat-plugin, version=1.0.0]
2026-05-07 15:26:53 WARN  i.m.server.McpAsyncServer - Client requested unsupported protocol version: 2025-11-25, so the server will suggest the 2024-11-05 version instead
2026-05-07 15:26:53 INFO  c.c.m.McpServerApplication - Started McpServerApplication in 2.929 seconds (process running for 3.327)
2026-05-07 16:09:54 INFO  c.c.m.McpServerApplication - Starting McpServerApplication v1.0-SNAPSHOT using Java 21.0.10 with PID 84055 (/Users/vivekpandey/Documents/Project/twdc/Mysql_mcp_server/target/mysql-mcp-server-1.0-SNAPSHOT.jar started by vivekpandey in /Users/vivekpandey/Documents/Project/twdc/Mysql_mcp_server)
2026-05-07 16:09:54 INFO  c.c.m.McpServerApplication - The following 1 profile is active: "mcp"
2026-05-07 16:09:54 INFO  o.s.a.m.s.a.McpServerAutoConfiguration - Enable tools capabilities, notification: true
2026-05-07 16:09:54 INFO  o.s.a.m.s.a.McpServerAutoConfiguration - Registered tools: 5
2026-05-07 16:09:54 INFO  o.s.a.m.s.a.McpServerAutoConfiguration - Enable resources capabilities, notification: true
2026-05-07 16:09:54 INFO  o.s.a.m.s.a.McpServerAutoConfiguration - Enable prompts capabilities, notification: true
2026-05-07 16:09:54 INFO  o.s.a.m.s.a.McpServerAutoConfiguration - Enable completions capabilities
2026-05-07 16:09:54 INFO  i.m.server.McpAsyncServer - Client initialize request - Protocol: 2025-11-25, Capabilities: ClientCapabilities[experimental=null, roots=null, sampling=null], Info: Implementation[name=q-chat-plugin, version=1.0.0]
2026-05-07 16:09:54 WARN  i.m.server.McpAsyncServer - Client requested unsupported protocol version: 2025-11-25, so the server will suggest the 2024-11-05 version instead
2026-05-07 16:09:54 INFO  c.c.m.McpServerApplication - Started McpServerApplication in 0.631 seconds (process running for 0.807)
2026-05-07 16:51:23 INFO  c.c.m.McpServerApplication - Starting McpServerApplication v1.0-SNAPSHOT using Java 21.0.10 with PID 85646 (/Users/vivekpandey/Documents/Project/twdc/Mysql_mcp_server/target/mysql-mcp-server-1.0-SNAPSHOT.jar started by vivekpandey in /Users/vivekpandey/Documents/Project/twdc/Mysql_mcp_server)
2026-05-07 16:51:23 INFO  c.c.m.McpServerApplication - The following 1 profile is active: "mcp"
2026-05-07 16:51:24 INFO  o.s.a.m.s.a.McpServerAutoConfiguration - Enable tools capabilities, notification: true
2026-05-07 16:51:24 INFO  o.s.a.m.s.a.McpServerAutoConfiguration - Registered tools: 5
2026-05-07 16:51:24 INFO  o.s.a.m.s.a.McpServerAutoConfiguration - Enable resources capabilities, notification: true
2026-05-07 16:51:24 INFO  o.s.a.m.s.a.McpServerAutoConfiguration - Enable prompts capabilities, notification: true
2026-05-07 16:51:24 INFO  o.s.a.m.s.a.McpServerAutoConfiguration - Enable completions capabilities
2026-05-07 16:51:24 INFO  i.m.server.McpAsyncServer - Client initialize request - Protocol: 2025-11-25, Capabilities: ClientCapabilities[experimental=null, roots=null, sampling=null], Info: Implementation[name=q-chat-plugin, version=1.0.0]
2026-05-07 16:51:24 WARN  i.m.server.McpAsyncServer - Client requested unsupported protocol version: 2025-11-25, so the server will suggest the 2024-11-05 version instead
2026-05-07 16:51:24 INFO  c.c.m.McpServerApplication - Started McpServerApplication in 0.639 seconds (process running for 0.824)
2026-05-07 18:11:10 INFO  c.c.m.McpServerApplication - Starting McpServerApplication v1.0-SNAPSHOT using Java 21.0.10 with PID 86625 (/Users/vivekpandey/Documents/Project/twdc/Mysql_mcp_server/target/mysql-mcp-server-1.0-SNAPSHOT.jar started by vivekpandey in /Users/vivekpandey/Documents/Project/twdc/Mysql_mcp_server)
2026-05-07 18:11:10 INFO  c.c.m.McpServerApplication - The following 1 profile is active: "mcp"
2026-05-07 18:11:10 INFO  o.s.a.m.s.a.McpServerAutoConfiguration - Enable tools capabilities, notification: true
2026-05-07 18:11:10 INFO  o.s.a.m.s.a.McpServerAutoConfiguration - Registered tools: 5
2026-05-07 18:11:10 INFO  o.s.a.m.s.a.McpServerAutoConfiguration - Enable resources capabilities, notification: true
2026-05-07 18:11:10 INFO  o.s.a.m.s.a.McpServerAutoConfiguration - Enable prompts capabilities, notification: true
2026-05-07 18:11:10 INFO  o.s.a.m.s.a.McpServerAutoConfiguration - Enable completions capabilities
2026-05-07 18:11:11 INFO  i.m.server.McpAsyncServer - Client initialize request - Protocol: 2025-11-25, Capabilities: ClientCapabilities[experimental=null, roots=null, sampling=null], Info: Implementation[name=q-chat-plugin, version=1.0.0]
2026-05-07 18:11:11 WARN  i.m.server.McpAsyncServer - Client requested unsupported protocol version: 2025-11-25, so the server will suggest the 2024-11-05 version instead
2026-05-07 18:11:11 INFO  c.c.m.McpServerApplication - Started McpServerApplication in 0.64 seconds (process running for 0.81)
2026-05-07 18:52:29 INFO  c.c.m.McpServerApplication - Starting McpServerApplication v1.0-SNAPSHOT using Java 21.0.10 with PID 88313 (/Users/vivekpandey/Documents/Project/twdc/Mysql_mcp_server/target/mysql-mcp-server-1.0-SNAPSHOT.jar started by vivekpandey in /Users/vivekpandey/Documents/Project/twdc/Mysql_mcp_server)
2026-05-07 18:52:29 INFO  c.c.m.McpServerApplication - The following 1 profile is active: "mcp"
2026-05-07 18:52:30 INFO  o.s.a.m.s.a.McpServerAutoConfiguration - Enable tools capabilities, notification: true
2026-05-07 18:52:30 INFO  o.s.a.m.s.a.McpServerAutoConfiguration - Registered tools: 5
2026-05-07 18:52:30 INFO  o.s.a.m.s.a.McpServerAutoConfiguration - Enable resources capabilities, notification: true
2026-05-07 18:52:30 INFO  o.s.a.m.s.a.McpServerAutoConfiguration - Enable prompts capabilities, notification: true
2026-05-07 18:52:30 INFO  o.s.a.m.s.a.McpServerAutoConfiguration - Enable completions capabilities
2026-05-07 18:52:30 INFO  i.m.server.McpAsyncServer - Client initialize request - Protocol: 2025-11-25, Capabilities: ClientCapabilities[experimental=null, roots=null, sampling=null], Info: Implementation[name=q-chat-plugin, version=1.0.0]
2026-05-07 18:52:30 WARN  i.m.server.McpAsyncServer - Client requested unsupported protocol version: 2025-11-25, so the server will suggest the 2024-11-05 version instead
2026-05-07 18:52:30 INFO  c.c.m.McpServerApplication - Started McpServerApplication in 0.629 seconds (process running for 0.807)
2026-05-07 19:33:24 INFO  c.c.m.McpServerApplication - Starting McpServerApplication v1.0-SNAPSHOT using Java 21.0.10 with PID 89877 (/Users/vivekpandey/Documents/Project/twdc/Mysql_mcp_server/target/mysql-mcp-server-1.0-SNAPSHOT.jar started by vivekpandey in /Users/vivekpandey/Documents/Project/twdc/Mysql_mcp_server)
2026-05-07 19:33:24 INFO  c.c.m.McpServerApplication - The following 1 profile is active: "mcp"
2026-05-07 19:33:24 INFO  o.s.a.m.s.a.McpServerAutoConfiguration - Enable tools capabilities, notification: true
2026-05-07 19:33:24 INFO  o.s.a.m.s.a.McpServerAutoConfiguration - Registered tools: 5
2026-05-07 19:33:24 INFO  o.s.a.m.s.a.McpServerAutoConfiguration - Enable resources capabilities, notification: true
2026-05-07 19:33:24 INFO  o.s.a.m.s.a.McpServerAutoConfiguration - Enable prompts capabilities, notification: true
2026-05-07 19:33:24 INFO  o.s.a.m.s.a.McpServerAutoConfiguration - Enable completions capabilities
2026-05-07 19:33:24 INFO  i.m.server.McpAsyncServer - Client initialize request - Protocol: 2025-11-25, Capabilities: ClientCapabilities[experimental=null, roots=null, sampling=null], Info: Implementation[name=q-chat-plugin, version=1.0.0]
2026-05-07 19:33:24 WARN  i.m.server.McpAsyncServer - Client requested unsupported protocol version: 2025-11-25, so the server will suggest the 2024-11-05 version instead
2026-05-07 19:33:24 INFO  c.c.m.McpServerApplication - Started McpServerApplication in 0.646 seconds (process running for 0.822)
2026-05-07 20:28:23 INFO  c.c.m.McpServerApplication - Starting McpServerApplication v1.0-SNAPSHOT using Java 21.0.10 with PID 91546 (/Users/vivekpandey/Documents/Project/twdc/Mysql_mcp_server/target/mysql-mcp-server-1.0-SNAPSHOT.jar started by vivekpandey in /Users/vivekpandey/Documents/Project/twdc/Mysql_mcp_server)
2026-05-07 20:28:23 INFO  c.c.m.McpServerApplication - The following 1 profile is active: "mcp"
2026-05-07 20:28:23 INFO  o.s.a.m.s.a.McpServerAutoConfiguration - Enable tools capabilities, notification: true
2026-05-07 20:28:23 INFO  o.s.a.m.s.a.McpServerAutoConfiguration - Registered tools: 5
2026-05-07 20:28:23 INFO  o.s.a.m.s.a.McpServerAutoConfiguration - Enable resources capabilities, notification: true
2026-05-07 20:28:23 INFO  o.s.a.m.s.a.McpServerAutoConfiguration - Enable prompts capabilities, notification: true
2026-05-07 20:28:23 INFO  o.s.a.m.s.a.McpServerAutoConfiguration - Enable completions capabilities
2026-05-07 20:28:23 INFO  i.m.server.McpAsyncServer - Client initialize request - Protocol: 2025-11-25, Capabilities: ClientCapabilities[experimental=null, roots=null, sampling=null], Info: Implementation[name=q-chat-plugin, version=1.0.0]
2026-05-07 20:28:23 WARN  i.m.server.McpAsyncServer - Client requested unsupported protocol version: 2025-11-25, so the server will suggest the 2024-11-05 version instead
2026-05-07 20:28:23 INFO  c.c.m.McpServerApplication - Started McpServerApplication in 0.66 seconds (process running for 0.833)
2026-05-07 21:26:47 INFO  c.c.m.McpServerApplication - Starting McpServerApplication v1.0-SNAPSHOT using Java 21.0.10 with PID 92241 (/Users/vivekpandey/Documents/Project/twdc/Mysql_mcp_server/target/mysql-mcp-server-1.0-SNAPSHOT.jar started by vivekpandey in /Users/vivekpandey/Documents/Project/twdc/Mysql_mcp_server)
2026-05-07 21:26:47 INFO  c.c.m.McpServerApplication - The following 1 profile is active: "mcp"
2026-05-07 21:26:48 INFO  o.s.a.m.s.a.McpServerAutoConfiguration - Enable tools capabilities, notification: true
2026-05-07 21:26:48 INFO  o.s.a.m.s.a.McpServerAutoConfiguration - Registered tools: 5
2026-05-07 21:26:48 INFO  o.s.a.m.s.a.McpServerAutoConfiguration - Enable resources capabilities, notification: true
2026-05-07 21:26:48 INFO  o.s.a.m.s.a.McpServerAutoConfiguration - Enable prompts capabilities, notification: true
2026-05-07 21:26:48 INFO  o.s.a.m.s.a.McpServerAutoConfiguration - Enable completions capabilities
2026-05-07 21:26:48 INFO  i.m.server.McpAsyncServer - Client initialize request - Protocol: 2025-11-25, Capabilities: ClientCapabilities[experimental=null, roots=null, sampling=null], Info: Implementation[name=q-chat-plugin, version=1.0.0]
2026-05-07 21:26:48 WARN  i.m.server.McpAsyncServer - Client requested unsupported protocol version: 2025-11-25, so the server will suggest the 2024-11-05 version instead
2026-05-07 21:26:48 INFO  c.c.m.McpServerApplication - Started McpServerApplication in 0.652 seconds (process running for 0.836)
2026-05-07 22:08:50 INFO  c.c.m.McpServerApplication - Starting McpServerApplication v1.0-SNAPSHOT using Java 21.0.10 with PID 93683 (/Users/vivekpandey/Documents/Project/twdc/Mysql_mcp_server/target/mysql-mcp-server-1.0-SNAPSHOT.jar started by vivekpandey in /Users/vivekpandey/Documents/Project/twdc/Mysql_mcp_server)
2026-05-07 22:08:50 INFO  c.c.m.McpServerApplication - The following 1 profile is active: "mcp"
2026-05-07 22:08:51 INFO  o.s.a.m.s.a.McpServerAutoConfiguration - Enable tools capabilities, notification: true
2026-05-07 22:08:51 INFO  o.s.a.m.s.a.McpServerAutoConfiguration - Registered tools: 5
2026-05-07 22:08:51 INFO  o.s.a.m.s.a.McpServerAutoConfiguration - Enable resources capabilities, notification: true
2026-05-07 22:08:51 INFO  o.s.a.m.s.a.McpServerAutoConfiguration - Enable prompts capabilities, notification: true
2026-05-07 22:08:51 INFO  o.s.a.m.s.a.McpServerAutoConfiguration - Enable completions capabilities
2026-05-07 22:08:51 INFO  i.m.server.McpAsyncServer - Client initialize request - Protocol: 2025-11-25, Capabilities: ClientCapabilities[experimental=null, roots=null, sampling=null], Info: Implementation[name=q-chat-plugin, version=1.0.0]
2026-05-07 22:08:51 WARN  i.m.server.McpAsyncServer - Client requested unsupported protocol version: 2025-11-25, so the server will suggest the 2024-11-05 version instead
2026-05-07 22:08:51 INFO  c.c.m.McpServerApplication - Started McpServerApplication in 0.794 seconds (process running for 1.046)
2026-05-08 06:44:26 INFO  c.c.m.McpServerApplication - Starting McpServerApplication v1.0-SNAPSHOT using Java 21.0.10 with PID 95647 (/Users/vivekpandey/Documents/Project/twdc/Mysql_mcp_server/target/mysql-mcp-server-1.0-SNAPSHOT.jar started by vivekpandey in /Users/vivekpandey/Documents/Project/twdc/Mysql_mcp_server)
2026-05-08 06:44:26 INFO  c.c.m.McpServerApplication - The following 1 profile is active: "mcp"
2026-05-08 06:44:26 INFO  o.s.a.m.s.a.McpServerAutoConfiguration - Enable tools capabilities, notification: true
2026-05-08 06:44:26 INFO  o.s.a.m.s.a.McpServerAutoConfiguration - Registered tools: 5
2026-05-08 06:44:26 INFO  o.s.a.m.s.a.McpServerAutoConfiguration - Enable resources capabilities, notification: true
2026-05-08 06:44:26 INFO  o.s.a.m.s.a.McpServerAutoConfiguration - Enable prompts capabilities, notification: true
2026-05-08 06:44:26 INFO  o.s.a.m.s.a.McpServerAutoConfiguration - Enable completions capabilities
2026-05-08 06:44:26 INFO  i.m.server.McpAsyncServer - Client initialize request - Protocol: 2025-11-25, Capabilities: ClientCapabilities[experimental=null, roots=null, sampling=null], Info: Implementation[name=q-chat-plugin, version=1.0.0]
2026-05-08 06:44:26 WARN  i.m.server.McpAsyncServer - Client requested unsupported protocol version: 2025-11-25, so the server will suggest the 2024-11-05 version instead
2026-05-08 06:44:27 INFO  c.c.m.McpServerApplication - Started McpServerApplication in 0.693 seconds (process running for 0.883)
2026-05-08 10:34:05 INFO  c.c.m.McpServerApplication - Starting McpServerApplication v1.0-SNAPSHOT using Java 21.0.10 with PID 96996 (/Users/vivekpandey/Documents/Project/twdc/Mysql_mcp_server/target/mysql-mcp-server-1.0-SNAPSHOT.jar started by vivekpandey in /Users/vivekpandey/Documents/Project/twdc/Mysql_mcp_server)
2026-05-08 10:34:05 INFO  c.c.m.McpServerApplication - The following 1 profile is active: "mcp"
2026-05-08 10:34:05 INFO  o.s.a.m.s.a.McpServerAutoConfiguration - Enable tools capabilities, notification: true
2026-05-08 10:34:05 INFO  o.s.a.m.s.a.McpServerAutoConfiguration - Registered tools: 5
2026-05-08 10:34:05 INFO  o.s.a.m.s.a.McpServerAutoConfiguration - Enable resources capabilities, notification: true
2026-05-08 10:34:05 INFO  o.s.a.m.s.a.McpServerAutoConfiguration - Enable prompts capabilities, notification: true
2026-05-08 10:34:05 INFO  o.s.a.m.s.a.McpServerAutoConfiguration - Enable completions capabilities
2026-05-08 10:34:05 INFO  i.m.server.McpAsyncServer - Client initialize request - Protocol: 2025-11-25, Capabilities: ClientCapabilities[experimental=null, roots=null, sampling=null], Info: Implementation[name=q-chat-plugin, version=1.0.0]
2026-05-08 10:34:05 WARN  i.m.server.McpAsyncServer - Client requested unsupported protocol version: 2025-11-25, so the server will suggest the 2024-11-05 version instead
2026-05-08 10:34:05 INFO  c.c.m.McpServerApplication - Started McpServerApplication in 0.791 seconds (process running for 0.99)
2026-05-08 10:34:21 INFO  com.zaxxer.hikari.HikariDataSource - HikariPool-1 - Starting...
2026-05-08 10:34:22 INFO  com.zaxxer.hikari.pool.HikariPool - HikariPool-1 - Added connection com.mysql.cj.jdbc.ConnectionImpl@22fb7dca
2026-05-08 10:34:22 INFO  com.zaxxer.hikari.HikariDataSource - HikariPool-1 - Start completed.
2026-05-08 11:19:33 WARN  com.zaxxer.hikari.pool.HikariPool - HikariPool-1 - Thread starvation or clock leap detected (housekeeper delta=33m11s153ms).
2026-05-08 11:21:46 INFO  com.zaxxer.hikari.HikariDataSource - HikariPool-1 - Shutdown initiated...
2026-05-08 11:21:46 INFO  com.zaxxer.hikari.HikariDataSource - HikariPool-1 - Shutdown completed.
2026-05-08 11:21:47 INFO  c.c.m.McpServerApplication - Starting McpServerApplication v1.0-SNAPSHOT using Java 21.0.10 with PID 97627 (/Users/vivekpandey/Documents/Project/twdc/Mysql_mcp_server/target/mysql-mcp-server-1.0-SNAPSHOT.jar started by vivekpandey in /Users/vivekpandey/Documents/Project/twdc/Mysql_mcp_server)
2026-05-08 11:21:47 INFO  c.c.m.McpServerApplication - The following 1 profile is active: "mcp"
2026-05-08 11:21:47 INFO  o.s.a.m.s.a.McpServerAutoConfiguration - Enable tools capabilities, notification: true
2026-05-08 11:21:47 INFO  o.s.a.m.s.a.McpServerAutoConfiguration - Registered tools: 5
2026-05-08 11:21:47 INFO  o.s.a.m.s.a.McpServerAutoConfiguration - Enable resources capabilities, notification: true
2026-05-08 11:21:47 INFO  o.s.a.m.s.a.McpServerAutoConfiguration - Enable prompts capabilities, notification: true
2026-05-08 11:21:47 INFO  o.s.a.m.s.a.McpServerAutoConfiguration - Enable completions capabilities
2026-05-08 11:21:47 INFO  i.m.server.McpAsyncServer - Client initialize request - Protocol: 2025-11-25, Capabilities: ClientCapabilities[experimental=null, roots=null, sampling=null], Info: Implementation[name=q-chat-plugin, version=1.0.0]
2026-05-08 11:21:47 WARN  i.m.server.McpAsyncServer - Client requested unsupported protocol version: 2025-11-25, so the server will suggest the 2024-11-05 version instead
2026-05-08 11:21:47 INFO  c.c.m.McpServerApplication - Started McpServerApplication in 0.764 seconds (process running for 0.961)
2026-05-08 12:06:12 INFO  c.c.m.McpServerApplication - Starting McpServerApplication v1.0-SNAPSHOT using Java 21.0.10 with PID 99308 (/Users/vivekpandey/Documents/Project/twdc/Mysql_mcp_server/target/mysql-mcp-server-1.0-SNAPSHOT.jar started by vivekpandey in /Users/vivekpandey/Documents/Project/twdc/Mysql_mcp_server)
2026-05-08 12:06:12 INFO  c.c.m.McpServerApplication - The following 1 profile is active: "mcp"
2026-05-08 12:06:12 INFO  o.s.a.m.s.a.McpServerAutoConfiguration - Enable tools capabilities, notification: true
2026-05-08 12:06:12 INFO  o.s.a.m.s.a.McpServerAutoConfiguration - Registered tools: 5
2026-05-08 12:06:12 INFO  o.s.a.m.s.a.McpServerAutoConfiguration - Enable resources capabilities, notification: true
2026-05-08 12:06:12 INFO  o.s.a.m.s.a.McpServerAutoConfiguration - Enable prompts capabilities, notification: true
2026-05-08 12:06:12 INFO  o.s.a.m.s.a.McpServerAutoConfiguration - Enable completions capabilities
2026-05-08 12:06:13 INFO  i.m.server.McpAsyncServer - Client initialize request - Protocol: 2025-11-25, Capabilities: ClientCapabilities[experimental=null, roots=null, sampling=null], Info: Implementation[name=q-chat-plugin, version=1.0.0]
2026-05-08 12:06:13 WARN  i.m.server.McpAsyncServer - Client requested unsupported protocol version: 2025-11-25, so the server will suggest the 2024-11-05 version instead
2026-05-08 12:06:13 INFO  c.c.m.McpServerApplication - Started McpServerApplication in 0.799 seconds (process running for 1.06)
2026-05-08 12:34:59 INFO  com.zaxxer.hikari.HikariDataSource - HikariPool-1 - Starting...
2026-05-08 12:34:59 INFO  com.zaxxer.hikari.pool.HikariPool - HikariPool-1 - Added connection com.mysql.cj.jdbc.ConnectionImpl@4a8e63b4
2026-05-08 12:34:59 INFO  com.zaxxer.hikari.HikariDataSource - HikariPool-1 - Start completed.
2026-05-08 12:49:51 INFO  com.zaxxer.hikari.HikariDataSource - HikariPool-1 - Shutdown initiated...
2026-05-08 12:49:51 INFO  com.zaxxer.hikari.HikariDataSource - HikariPool-1 - Shutdown completed.
2026-05-08 12:49:52 INFO  c.c.m.McpServerApplication - Starting McpServerApplication v1.0-SNAPSHOT using Java 21.0.10 with PID 390 (/Users/vivekpandey/Documents/Project/twdc/Mysql_mcp_server/target/mysql-mcp-server-1.0-SNAPSHOT.jar started by vivekpandey in /Users/vivekpandey/Documents/Project/twdc/Mysql_mcp_server)
2026-05-08 12:49:52 INFO  c.c.m.McpServerApplication - The following 1 profile is active: "mcp"
2026-05-08 12:49:52 INFO  o.s.a.m.s.a.McpServerAutoConfiguration - Enable tools capabilities, notification: true
2026-05-08 12:49:52 INFO  o.s.a.m.s.a.McpServerAutoConfiguration - Registered tools: 5
2026-05-08 12:49:52 INFO  o.s.a.m.s.a.McpServerAutoConfiguration - Enable resources capabilities, notification: true
2026-05-08 12:49:52 INFO  o.s.a.m.s.a.McpServerAutoConfiguration - Enable prompts capabilities, notification: true
2026-05-08 12:49:52 INFO  o.s.a.m.s.a.McpServerAutoConfiguration - Enable completions capabilities
2026-05-08 12:49:52 INFO  i.m.server.McpAsyncServer - Client initialize request - Protocol: 2025-11-25, Capabilities: ClientCapabilities[experimental=null, roots=null, sampling=null], Info: Implementation[name=q-chat-plugin, version=1.0.0]
2026-05-08 12:49:52 WARN  i.m.server.McpAsyncServer - Client requested unsupported protocol version: 2025-11-25, so the server will suggest the 2024-11-05 version instead
2026-05-08 12:49:52 INFO  c.c.m.McpServerApplication - Started McpServerApplication in 0.79 seconds (process running for 0.985)
2026-05-08 13:35:50 INFO  c.c.m.McpServerApplication - Starting McpServerApplication v1.0-SNAPSHOT using Java 21.0.10 with PID 2288 (/Users/vivekpandey/Documents/Project/twdc/Mysql_mcp_server/target/mysql-mcp-server-1.0-SNAPSHOT.jar started by vivekpandey in /Users/vivekpandey/Documents/Project/twdc/Mysql_mcp_server)
2026-05-08 13:35:50 INFO  c.c.m.McpServerApplication - The following 1 profile is active: "mcp"
2026-05-08 13:35:50 INFO  o.s.a.m.s.a.McpServerAutoConfiguration - Enable tools capabilities, notification: true
2026-05-08 13:35:50 INFO  o.s.a.m.s.a.McpServerAutoConfiguration - Registered tools: 5
2026-05-08 13:35:50 INFO  o.s.a.m.s.a.McpServerAutoConfiguration - Enable resources capabilities, notification: true
2026-05-08 13:35:50 INFO  o.s.a.m.s.a.McpServerAutoConfiguration - Enable prompts capabilities, notification: true
2026-05-08 13:35:50 INFO  o.s.a.m.s.a.McpServerAutoConfiguration - Enable completions capabilities
2026-05-08 13:35:50 INFO  i.m.server.McpAsyncServer - Client initialize request - Protocol: 2025-11-25, Capabilities: ClientCapabilities[experimental=null, roots=null, sampling=null], Info: Implementation[name=q-chat-plugin, version=1.0.0]
2026-05-08 13:35:50 WARN  i.m.server.McpAsyncServer - Client requested unsupported protocol version: 2025-11-25, so the server will suggest the 2024-11-05 version instead
2026-05-08 13:35:50 INFO  c.c.m.McpServerApplication - Started McpServerApplication in 0.744 seconds (process running for 0.939)
2026-05-08 14:11:28 INFO  c.c.m.McpServerApplication - Starting McpServerApplication v1.0-SNAPSHOT using Java 21.0.10 with PID 3004 (/Users/vivekpandey/Documents/Project/twdc/Mysql_mcp_server/target/mysql-mcp-server-1.0-SNAPSHOT.jar started by vivekpandey in /Users/vivekpandey/Documents/Project/twdc/Mysql_mcp_server)
2026-05-08 14:11:28 INFO  c.c.m.McpServerApplication - The following 1 profile is active: "mcp"
2026-05-08 14:11:29 INFO  o.s.a.m.s.a.McpServerAutoConfiguration - Enable tools capabilities, notification: true
2026-05-08 14:11:29 INFO  o.s.a.m.s.a.McpServerAutoConfiguration - Registered tools: 5
2026-05-08 14:11:29 INFO  o.s.a.m.s.a.McpServerAutoConfiguration - Enable resources capabilities, notification: true
2026-05-08 14:11:29 INFO  o.s.a.m.s.a.McpServerAutoConfiguration - Enable prompts capabilities, notification: true
2026-05-08 14:11:29 INFO  o.s.a.m.s.a.McpServerAutoConfiguration - Enable completions capabilities
2026-05-08 14:11:29 INFO  i.m.server.McpAsyncServer - Client initialize request - Protocol: 2025-11-25, Capabilities: ClientCapabilities[experimental=null, roots=null, sampling=null], Info: Implementation[name=q-chat-plugin, version=1.0.0]
2026-05-08 14:11:29 WARN  i.m.server.McpAsyncServer - Client requested unsupported protocol version: 2025-11-25, so the server will suggest the 2024-11-05 version instead
2026-05-08 14:11:29 INFO  c.c.m.McpServerApplication - Started McpServerApplication in 0.732 seconds (process running for 0.935)
2026-05-08 14:23:32 INFO  c.c.m.McpServerApplication - Starting McpServerApplication v1.0-SNAPSHOT using Java 21.0.10 with PID 3172 (/Users/vivekpandey/Documents/Project/twdc/Mysql_mcp_server/target/mysql-mcp-server-1.0-SNAPSHOT.jar started by vivekpandey in /Users/vivekpandey/Documents/Project/twdc/Mysql_mcp_server)
2026-05-08 14:23:32 INFO  c.c.m.McpServerApplication - The following 1 profile is active: "mcp"
2026-05-08 14:23:33 INFO  o.s.a.m.s.a.McpServerAutoConfiguration - Enable tools capabilities, notification: true
2026-05-08 14:23:33 INFO  o.s.a.m.s.a.McpServerAutoConfiguration - Registered tools: 5
2026-05-08 14:23:33 INFO  o.s.a.m.s.a.McpServerAutoConfiguration - Enable resources capabilities, notification: true
2026-05-08 14:23:33 INFO  o.s.a.m.s.a.McpServerAutoConfiguration - Enable prompts capabilities, notification: true
2026-05-08 14:23:33 INFO  o.s.a.m.s.a.McpServerAutoConfiguration - Enable completions capabilities
2026-05-08 14:23:33 INFO  i.m.server.McpAsyncServer - Client initialize request - Protocol: 2025-11-25, Capabilities: ClientCapabilities[experimental=null, roots=null, sampling=null], Info: Implementation[name=q-chat-plugin, version=1.0.0]
2026-05-08 14:23:33 WARN  i.m.server.McpAsyncServer - Client requested unsupported protocol version: 2025-11-25, so the server will suggest the 2024-11-05 version instead
2026-05-08 14:23:33 INFO  c.c.m.McpServerApplication - Started McpServerApplication in 0.731 seconds (process running for 0.929)
2026-05-08 15:05:38 INFO  c.c.m.McpServerApplication - Starting McpServerApplication v1.0-SNAPSHOT using Java 21.0.10 with PID 4747 (/Users/vivekpandey/Documents/Project/twdc/Mysql_mcp_server/target/mysql-mcp-server-1.0-SNAPSHOT.jar started by vivekpandey in /Users/vivekpandey/Documents/Project/twdc/Mysql_mcp_server)
2026-05-08 15:05:38 INFO  c.c.m.McpServerApplication - The following 1 profile is active: "mcp"
2026-05-08 15:05:38 INFO  o.s.a.m.s.a.McpServerAutoConfiguration - Enable tools capabilities, notification: true
2026-05-08 15:05:38 INFO  o.s.a.m.s.a.McpServerAutoConfiguration - Registered tools: 5
2026-05-08 15:05:38 INFO  o.s.a.m.s.a.McpServerAutoConfiguration - Enable resources capabilities, notification: true
2026-05-08 15:05:38 INFO  o.s.a.m.s.a.McpServerAutoConfiguration - Enable prompts capabilities, notification: true
2026-05-08 15:05:38 INFO  o.s.a.m.s.a.McpServerAutoConfiguration - Enable completions capabilities
2026-05-08 15:05:38 INFO  i.m.server.McpAsyncServer - Client initialize request - Protocol: 2025-11-25, Capabilities: ClientCapabilities[experimental=null, roots=null, sampling=null], Info: Implementation[name=q-chat-plugin, version=1.0.0]
2026-05-08 15:05:38 WARN  i.m.server.McpAsyncServer - Client requested unsupported protocol version: 2025-11-25, so the server will suggest the 2024-11-05 version instead
2026-05-08 15:05:38 INFO  c.c.m.McpServerApplication - Started McpServerApplication in 0.805 seconds (process running for 1.044)
2026-05-08 15:52:17 INFO  c.c.m.McpServerApplication - Starting McpServerApplication v1.0-SNAPSHOT using Java 21.0.10 with PID 6417 (/Users/vivekpandey/Documents/Project/twdc/Mysql_mcp_server/target/mysql-mcp-server-1.0-SNAPSHOT.jar started by vivekpandey in /Users/vivekpandey/Documents/Project/twdc/Mysql_mcp_server)
2026-05-08 15:52:17 INFO  c.c.m.McpServerApplication - The following 1 profile is active: "mcp"
2026-05-08 15:52:18 INFO  o.s.a.m.s.a.McpServerAutoConfiguration - Enable tools capabilities, notification: true
2026-05-08 15:52:18 INFO  o.s.a.m.s.a.McpServerAutoConfiguration - Registered tools: 5
2026-05-08 15:52:18 INFO  o.s.a.m.s.a.McpServerAutoConfiguration - Enable resources capabilities, notification: true
2026-05-08 15:52:18 INFO  o.s.a.m.s.a.McpServerAutoConfiguration - Enable prompts capabilities, notification: true
2026-05-08 15:52:18 INFO  o.s.a.m.s.a.McpServerAutoConfiguration - Enable completions capabilities
2026-05-08 15:52:18 INFO  i.m.server.McpAsyncServer - Client initialize request - Protocol: 2025-11-25, Capabilities: ClientCapabilities[experimental=null, roots=null, sampling=null], Info: Implementation[name=q-chat-plugin, version=1.0.0]
2026-05-08 15:52:18 WARN  i.m.server.McpAsyncServer - Client requested unsupported protocol version: 2025-11-25, so the server will suggest the 2024-11-05 version instead
2026-05-08 15:52:18 INFO  c.c.m.McpServerApplication - Started McpServerApplication in 0.857 seconds (process running for 1.119)
2026-05-08 18:47:25 INFO  c.c.m.McpServerApplication - Starting McpServerApplication v1.0-SNAPSHOT using Java 21.0.10 with PID 7241 (/Users/vivekpandey/Documents/Project/twdc/Mysql_mcp_server/target/mysql-mcp-server-1.0-SNAPSHOT.jar started by vivekpandey in /Users/vivekpandey/Documents/Project/twdc/Mysql_mcp_server)
2026-05-08 18:47:25 INFO  c.c.m.McpServerApplication - The following 1 profile is active: "mcp"
2026-05-08 18:47:26 INFO  o.s.a.m.s.a.McpServerAutoConfiguration - Enable tools capabilities, notification: true
2026-05-08 18:47:26 INFO  o.s.a.m.s.a.McpServerAutoConfiguration - Registered tools: 5
2026-05-08 18:47:26 INFO  o.s.a.m.s.a.McpServerAutoConfiguration - Enable resources capabilities, notification: true
2026-05-08 18:47:26 INFO  o.s.a.m.s.a.McpServerAutoConfiguration - Enable prompts capabilities, notification: true
2026-05-08 18:47:26 INFO  o.s.a.m.s.a.McpServerAutoConfiguration - Enable completions capabilities
2026-05-08 18:47:26 INFO  i.m.server.McpAsyncServer - Client initialize request - Protocol: 2025-11-25, Capabilities: ClientCapabilities[experimental=null, roots=null, sampling=null], Info: Implementation[name=q-chat-plugin, version=1.0.0]
2026-05-08 18:47:26 WARN  i.m.server.McpAsyncServer - Client requested unsupported protocol version: 2025-11-25, so the server will suggest the 2024-11-05 version instead
2026-05-08 18:47:26 INFO  c.c.m.McpServerApplication - Started McpServerApplication in 0.782 seconds (process running for 0.976)
2026-05-08 20:23:59 INFO  c.c.m.McpServerApplication - Starting McpServerApplication v1.0-SNAPSHOT using Java 21.0.10 with PID 7965 (/Users/vivekpandey/Documents/Project/twdc/Mysql_mcp_server/target/mysql-mcp-server-1.0-SNAPSHOT.jar started by vivekpandey in /Users/vivekpandey/Documents/Project/twdc/Mysql_mcp_server)
2026-05-08 20:23:59 INFO  c.c.m.McpServerApplication - The following 1 profile is active: "mcp"
2026-05-08 20:23:59 INFO  o.s.a.m.s.a.McpServerAutoConfiguration - Enable tools capabilities, notification: true
2026-05-08 20:23:59 INFO  o.s.a.m.s.a.McpServerAutoConfiguration - Registered tools: 5
2026-05-08 20:23:59 INFO  o.s.a.m.s.a.McpServerAutoConfiguration - Enable resources capabilities, notification: true
2026-05-08 20:23:59 INFO  o.s.a.m.s.a.McpServerAutoConfiguration - Enable prompts capabilities, notification: true
2026-05-08 20:23:59 INFO  o.s.a.m.s.a.McpServerAutoConfiguration - Enable completions capabilities
2026-05-08 20:23:59 INFO  i.m.server.McpAsyncServer - Client initialize request - Protocol: 2025-11-25, Capabilities: ClientCapabilities[experimental=null, roots=null, sampling=null], Info: Implementation[name=q-chat-plugin, version=1.0.0]
2026-05-08 20:23:59 WARN  i.m.server.McpAsyncServer - Client requested unsupported protocol version: 2025-11-25, so the server will suggest the 2024-11-05 version instead
2026-05-08 20:23:59 INFO  c.c.m.McpServerApplication - Started McpServerApplication in 0.757 seconds (process running for 0.957)
2026-05-09 00:23:21 INFO  c.c.m.McpServerApplication - Starting McpServerApplication v1.0-SNAPSHOT using Java 21.0.10 with PID 8939 (/Users/vivekpandey/Documents/Project/twdc/Mysql_mcp_server/target/mysql-mcp-server-1.0-SNAPSHOT.jar started by vivekpandey in /Users/vivekpandey/Documents/Project/twdc/Mysql_mcp_server)
2026-05-09 00:23:21 INFO  c.c.m.McpServerApplication - The following 1 profile is active: "mcp"
2026-05-09 00:23:24 INFO  o.s.a.m.s.a.McpServerAutoConfiguration - Enable tools capabilities, notification: true
2026-05-09 00:23:24 INFO  o.s.a.m.s.a.McpServerAutoConfiguration - Registered tools: 5
2026-05-09 00:23:24 INFO  o.s.a.m.s.a.McpServerAutoConfiguration - Enable resources capabilities, notification: true
2026-05-09 00:23:24 INFO  o.s.a.m.s.a.McpServerAutoConfiguration - Enable prompts capabilities, notification: true
2026-05-09 00:23:24 INFO  o.s.a.m.s.a.McpServerAutoConfiguration - Enable completions capabilities
2026-05-09 00:23:24 INFO  i.m.server.McpAsyncServer - Client initialize request - Protocol: 2025-11-25, Capabilities: ClientCapabilities[experimental=null, roots=null, sampling=null], Info: Implementation[name=q-chat-plugin, version=1.0.0]
2026-05-09 00:23:24 WARN  i.m.server.McpAsyncServer - Client requested unsupported protocol version: 2025-11-25, so the server will suggest the 2024-11-05 version instead
2026-05-09 00:23:25 INFO  c.c.m.McpServerApplication - Started McpServerApplication in 6.767 seconds (process running for 12.816)
2026-05-09 07:30:27 INFO  c.c.m.McpServerApplication - Starting McpServerApplication v1.0-SNAPSHOT using Java 21.0.10 with PID 10287 (/Users/vivekpandey/Documents/Project/twdc/Mysql_mcp_server/target/mysql-mcp-server-1.0-SNAPSHOT.jar started by vivekpandey in /Users/vivekpandey/Documents/Project/twdc/Mysql_mcp_server)
2026-05-09 07:30:27 INFO  c.c.m.McpServerApplication - The following 1 profile is active: "mcp"
2026-05-09 07:30:30 INFO  o.s.a.m.s.a.McpServerAutoConfiguration - Enable tools capabilities, notification: true
2026-05-09 07:30:30 INFO  o.s.a.m.s.a.McpServerAutoConfiguration - Registered tools: 5
2026-05-09 07:30:30 INFO  o.s.a.m.s.a.McpServerAutoConfiguration - Enable resources capabilities, notification: true
2026-05-09 07:30:30 INFO  o.s.a.m.s.a.McpServerAutoConfiguration - Enable prompts capabilities, notification: true
2026-05-09 07:30:30 INFO  o.s.a.m.s.a.McpServerAutoConfiguration - Enable completions capabilities
2026-05-09 07:30:30 INFO  i.m.server.McpAsyncServer - Client initialize request - Protocol: 2025-11-25, Capabilities: ClientCapabilities[experimental=null, roots=null, sampling=null], Info: Implementation[name=q-chat-plugin, version=1.0.0]
2026-05-09 07:30:30 WARN  i.m.server.McpAsyncServer - Client requested unsupported protocol version: 2025-11-25, so the server will suggest the 2024-11-05 version instead
2026-05-09 07:30:30 INFO  c.c.m.McpServerApplication - Started McpServerApplication in 4.316 seconds (process running for 5.24)
2026-05-09 11:04:34 INFO  c.c.m.McpServerApplication - Starting McpServerApplication v1.0-SNAPSHOT using Java 21.0.10 with PID 11143 (/Users/vivekpandey/Documents/Project/twdc/Mysql_mcp_server/target/mysql-mcp-server-1.0-SNAPSHOT.jar started by vivekpandey in /Users/vivekpandey/Documents/Project/twdc/Mysql_mcp_server)
2026-05-09 11:04:34 INFO  c.c.m.McpServerApplication - The following 1 profile is active: "mcp"
2026-05-09 11:04:35 INFO  o.s.a.m.s.a.McpServerAutoConfiguration - Enable tools capabilities, notification: true
2026-05-09 11:04:35 INFO  o.s.a.m.s.a.McpServerAutoConfiguration - Registered tools: 5
2026-05-09 11:04:35 INFO  o.s.a.m.s.a.McpServerAutoConfiguration - Enable resources capabilities, notification: true
2026-05-09 11:04:35 INFO  o.s.a.m.s.a.McpServerAutoConfiguration - Enable prompts capabilities, notification: true
2026-05-09 11:04:35 INFO  o.s.a.m.s.a.McpServerAutoConfiguration - Enable completions capabilities
2026-05-09 11:04:35 INFO  i.m.server.McpAsyncServer - Client initialize request - Protocol: 2025-11-25, Capabilities: ClientCapabilities[experimental=null, roots=null, sampling=null], Info: Implementation[name=q-chat-plugin, version=1.0.0]
2026-05-09 11:04:35 WARN  i.m.server.McpAsyncServer - Client requested unsupported protocol version: 2025-11-25, so the server will suggest the 2024-11-05 version instead
2026-05-09 11:04:35 INFO  c.c.m.McpServerApplication - Started McpServerApplication in 0.76 seconds (process running for 0.956)
2026-05-09 11:48:20 INFO  c.c.m.McpServerApplication - Starting McpServerApplication v1.0-SNAPSHOT using Java 21.0.10 with PID 12858 (/Users/vivekpandey/Documents/Project/twdc/Mysql_mcp_server/target/mysql-mcp-server-1.0-SNAPSHOT.jar started by vivekpandey in /Users/vivekpandey/Documents/Project/twdc/Mysql_mcp_server)
2026-05-09 11:48:20 INFO  c.c.m.McpServerApplication - The following 1 profile is active: "mcp"
2026-05-09 11:48:20 INFO  o.s.a.m.s.a.McpServerAutoConfiguration - Enable tools capabilities, notification: true
2026-05-09 11:48:20 INFO  o.s.a.m.s.a.McpServerAutoConfiguration - Registered tools: 5
2026-05-09 11:48:20 INFO  o.s.a.m.s.a.McpServerAutoConfiguration - Enable resources capabilities, notification: true
2026-05-09 11:48:20 INFO  o.s.a.m.s.a.McpServerAutoConfiguration - Enable prompts capabilities, notification: true
2026-05-09 11:48:20 INFO  o.s.a.m.s.a.McpServerAutoConfiguration - Enable completions capabilities
2026-05-09 11:48:20 INFO  i.m.server.McpAsyncServer - Client initialize request - Protocol: 2025-11-25, Capabilities: ClientCapabilities[experimental=null, roots=null, sampling=null], Info: Implementation[name=q-chat-plugin, version=1.0.0]
2026-05-09 11:48:20 WARN  i.m.server.McpAsyncServer - Client requested unsupported protocol version: 2025-11-25, so the server will suggest the 2024-11-05 version instead
2026-05-09 11:48:21 INFO  c.c.m.McpServerApplication - Started McpServerApplication in 0.815 seconds (process running for 1.027)
2026-05-09 12:30:47 INFO  c.c.m.McpServerApplication - Starting McpServerApplication v1.0-SNAPSHOT using Java 21.0.10 with PID 14170 (/Users/vivekpandey/Documents/Project/twdc/Mysql_mcp_server/target/mysql-mcp-server-1.0-SNAPSHOT.jar started by vivekpandey in /Users/vivekpandey/Documents/Project/twdc/Mysql_mcp_server)
2026-05-09 12:30:47 INFO  c.c.m.McpServerApplication - The following 1 profile is active: "mcp"
2026-05-09 12:30:48 INFO  o.s.a.m.s.a.McpServerAutoConfiguration - Enable tools capabilities, notification: true
2026-05-09 12:30:48 INFO  o.s.a.m.s.a.McpServerAutoConfiguration - Registered tools: 5
2026-05-09 12:30:48 INFO  o.s.a.m.s.a.McpServerAutoConfiguration - Enable resources capabilities, notification: true
2026-05-09 12:30:48 INFO  o.s.a.m.s.a.McpServerAutoConfiguration - Enable prompts capabilities, notification: true
2026-05-09 12:30:48 INFO  o.s.a.m.s.a.McpServerAutoConfiguration - Enable completions capabilities
2026-05-09 12:30:48 INFO  i.m.server.McpAsyncServer - Client initialize request - Protocol: 2025-11-25, Capabilities: ClientCapabilities[experimental=null, roots=null, sampling=null], Info: Implementation[name=q-chat-plugin, version=1.0.0]
2026-05-09 12:30:48 WARN  i.m.server.McpAsyncServer - Client requested unsupported protocol version: 2025-11-25, so the server will suggest the 2024-11-05 version instead
2026-05-09 12:30:48 INFO  c.c.m.McpServerApplication - Started McpServerApplication in 0.76 seconds (process running for 0.959)
2026-05-09 13:14:45 INFO  c.c.m.McpServerApplication - Starting McpServerApplication v1.0-SNAPSHOT using Java 21.0.10 with PID 15947 (/Users/vivekpandey/Documents/Project/twdc/Mysql_mcp_server/target/mysql-mcp-server-1.0-SNAPSHOT.jar started by vivekpandey in /Users/vivekpandey/Documents/Project/twdc/Mysql_mcp_server)
2026-05-09 13:14:45 INFO  c.c.m.McpServerApplication - The following 1 profile is active: "mcp"
2026-05-09 13:14:45 INFO  o.s.a.m.s.a.McpServerAutoConfiguration - Enable tools capabilities, notification: true
2026-05-09 13:14:45 INFO  o.s.a.m.s.a.McpServerAutoConfiguration - Registered tools: 5
2026-05-09 13:14:45 INFO  o.s.a.m.s.a.McpServerAutoConfiguration - Enable resources capabilities, notification: true
2026-05-09 13:14:45 INFO  o.s.a.m.s.a.McpServerAutoConfiguration - Enable prompts capabilities, notification: true
2026-05-09 13:14:45 INFO  o.s.a.m.s.a.McpServerAutoConfiguration - Enable completions capabilities
2026-05-09 13:14:45 INFO  i.m.server.McpAsyncServer - Client initialize request - Protocol: 2025-11-25, Capabilities: ClientCapabilities[experimental=null, roots=null, sampling=null], Info: Implementation[name=q-chat-plugin, version=1.0.0]
2026-05-09 13:14:45 WARN  i.m.server.McpAsyncServer - Client requested unsupported protocol version: 2025-11-25, so the server will suggest the 2024-11-05 version instead
2026-05-09 13:14:45 INFO  c.c.m.McpServerApplication - Started McpServerApplication in 0.791 seconds (process running for 1.013)
2026-05-09 13:55:49 INFO  c.c.m.McpServerApplication - Starting McpServerApplication v1.0-SNAPSHOT using Java 21.0.10 with PID 17586 (/Users/vivekpandey/Documents/Project/twdc/Mysql_mcp_server/target/mysql-mcp-server-1.0-SNAPSHOT.jar started by vivekpandey in /Users/vivekpandey/Documents/Project/twdc/Mysql_mcp_server)
2026-05-09 13:55:49 INFO  c.c.m.McpServerApplication - The following 1 profile is active: "mcp"
2026-05-09 13:55:49 INFO  o.s.a.m.s.a.McpServerAutoConfiguration - Enable tools capabilities, notification: true
2026-05-09 13:55:49 INFO  o.s.a.m.s.a.McpServerAutoConfiguration - Registered tools: 5
2026-05-09 13:55:49 INFO  o.s.a.m.s.a.McpServerAutoConfiguration - Enable resources capabilities, notification: true
2026-05-09 13:55:49 INFO  o.s.a.m.s.a.McpServerAutoConfiguration - Enable prompts capabilities, notification: true
2026-05-09 13:55:49 INFO  o.s.a.m.s.a.McpServerAutoConfiguration - Enable completions capabilities
2026-05-09 13:55:49 INFO  i.m.server.McpAsyncServer - Client initialize request - Protocol: 2025-11-25, Capabilities: ClientCapabilities[experimental=null, roots=null, sampling=null], Info: Implementation[name=q-chat-plugin, version=1.0.0]
2026-05-09 13:55:49 WARN  i.m.server.McpAsyncServer - Client requested unsupported protocol version: 2025-11-25, so the server will suggest the 2024-11-05 version instead
2026-05-09 13:55:49 INFO  c.c.m.McpServerApplication - Started McpServerApplication in 0.75 seconds (process running for 0.943)
2026-05-09 14:16:14 INFO  c.c.m.McpServerApplication - Starting McpServerApplication v1.0-SNAPSHOT using Java 21.0.10 with PID 18125 (/Users/vivekpandey/Documents/Project/twdc/Mysql_mcp_server/target/mysql-mcp-server-1.0-SNAPSHOT.jar started by vivekpandey in /Users/vivekpandey/Documents/Project/twdc/Mysql_mcp_server)
2026-05-09 14:16:14 INFO  c.c.m.McpServerApplication - The following 1 profile is active: "mcp"
2026-05-09 14:16:14 INFO  o.s.a.m.s.a.McpServerAutoConfiguration - Enable tools capabilities, notification: true
2026-05-09 14:16:14 INFO  o.s.a.m.s.a.McpServerAutoConfiguration - Registered tools: 5
2026-05-09 14:16:14 INFO  o.s.a.m.s.a.McpServerAutoConfiguration - Enable resources capabilities, notification: true
2026-05-09 14:16:14 INFO  o.s.a.m.s.a.McpServerAutoConfiguration - Enable prompts capabilities, notification: true
2026-05-09 14:16:14 INFO  o.s.a.m.s.a.McpServerAutoConfiguration - Enable completions capabilities
2026-05-09 14:16:14 INFO  i.m.server.McpAsyncServer - Client initialize request - Protocol: 2025-11-25, Capabilities: ClientCapabilities[experimental=null, roots=null, sampling=null], Info: Implementation[name=q-chat-plugin, version=1.0.0]
2026-05-09 14:16:14 WARN  i.m.server.McpAsyncServer - Client requested unsupported protocol version: 2025-11-25, so the server will suggest the 2024-11-05 version instead
2026-05-09 14:16:14 INFO  c.c.m.McpServerApplication - Started McpServerApplication in 0.892 seconds (process running for 1.134)
2026-05-09 14:38:30 INFO  c.c.m.McpServerApplication - Starting McpServerApplication v1.0-SNAPSHOT using Java 21.0.10 with PID 18986 (/Users/vivekpandey/Documents/Project/twdc/Mysql_mcp_server/target/mysql-mcp-server-1.0-SNAPSHOT.jar started by vivekpandey in /Users/vivekpandey/Documents/Project/twdc/Mysql_mcp_server)
2026-05-09 14:38:30 INFO  c.c.m.McpServerApplication - The following 1 profile is active: "mcp"
2026-05-09 14:38:30 INFO  o.s.a.m.s.a.McpServerAutoConfiguration - Enable tools capabilities, notification: true
2026-05-09 14:38:30 INFO  o.s.a.m.s.a.McpServerAutoConfiguration - Registered tools: 5
2026-05-09 14:38:30 INFO  o.s.a.m.s.a.McpServerAutoConfiguration - Enable resources capabilities, notification: true
2026-05-09 14:38:30 INFO  o.s.a.m.s.a.McpServerAutoConfiguration - Enable prompts capabilities, notification: true
2026-05-09 14:38:30 INFO  o.s.a.m.s.a.McpServerAutoConfiguration - Enable completions capabilities
2026-05-09 14:38:30 INFO  i.m.server.McpAsyncServer - Client initialize request - Protocol: 2025-11-25, Capabilities: ClientCapabilities[experimental=null, roots=null, sampling=null], Info: Implementation[name=q-chat-plugin, version=1.0.0]
2026-05-09 14:38:30 WARN  i.m.server.McpAsyncServer - Client requested unsupported protocol version: 2025-11-25, so the server will suggest the 2024-11-05 version instead
2026-05-09 14:38:30 INFO  c.c.m.McpServerApplication - Started McpServerApplication in 0.79 seconds (process running for 0.99)
2026-05-09 16:08:08 INFO  c.c.m.McpServerApplication - Starting McpServerApplication v1.0-SNAPSHOT using Java 21.0.10 with PID 19876 (/Users/vivekpandey/Documents/Project/twdc/Mysql_mcp_server/target/mysql-mcp-server-1.0-SNAPSHOT.jar started by vivekpandey in /Users/vivekpandey/Documents/Project/twdc/Mysql_mcp_server)
2026-05-09 16:08:08 INFO  c.c.m.McpServerApplication - The following 1 profile is active: "mcp"
2026-05-09 16:08:08 INFO  o.s.a.m.s.a.McpServerAutoConfiguration - Enable tools capabilities, notification: true
2026-05-09 16:08:08 INFO  o.s.a.m.s.a.McpServerAutoConfiguration - Registered tools: 5
2026-05-09 16:08:08 INFO  o.s.a.m.s.a.McpServerAutoConfiguration - Enable resources capabilities, notification: true
2026-05-09 16:08:08 INFO  o.s.a.m.s.a.McpServerAutoConfiguration - Enable prompts capabilities, notification: true
2026-05-09 16:08:08 INFO  o.s.a.m.s.a.McpServerAutoConfiguration - Enable completions capabilities
2026-05-09 16:08:08 INFO  i.m.server.McpAsyncServer - Client initialize request - Protocol: 2025-11-25, Capabilities: ClientCapabilities[experimental=null, roots=null, sampling=null], Info: Implementation[name=q-chat-plugin, version=1.0.0]
2026-05-09 16:08:08 WARN  i.m.server.McpAsyncServer - Client requested unsupported protocol version: 2025-11-25, so the server will suggest the 2024-11-05 version instead
2026-05-09 16:08:08 INFO  c.c.m.McpServerApplication - Started McpServerApplication in 0.749 seconds (process running for 0.94)
2026-05-09 20:39:26 INFO  c.c.m.McpServerApplication - Starting McpServerApplication v1.0-SNAPSHOT using Java 21.0.10 with PID 21285 (/Users/vivekpandey/Documents/Project/twdc/Mysql_mcp_server/target/mysql-mcp-server-1.0-SNAPSHOT.jar started by vivekpandey in /Users/vivekpandey/Documents/Project/twdc/Mysql_mcp_server)
2026-05-09 20:39:26 INFO  c.c.m.McpServerApplication - The following 1 profile is active: "mcp"
2026-05-09 20:39:26 INFO  o.s.a.m.s.a.McpServerAutoConfiguration - Enable tools capabilities, notification: true
2026-05-09 20:39:26 INFO  o.s.a.m.s.a.McpServerAutoConfiguration - Registered tools: 5
2026-05-09 20:39:26 INFO  o.s.a.m.s.a.McpServerAutoConfiguration - Enable resources capabilities, notification: true
2026-05-09 20:39:26 INFO  o.s.a.m.s.a.McpServerAutoConfiguration - Enable prompts capabilities, notification: true
2026-05-09 20:39:26 INFO  o.s.a.m.s.a.McpServerAutoConfiguration - Enable completions capabilities
2026-05-09 20:39:27 INFO  i.m.server.McpAsyncServer - Client initialize request - Protocol: 2025-11-25, Capabilities: ClientCapabilities[experimental=null, roots=null, sampling=null], Info: Implementation[name=q-chat-plugin, version=1.0.0]
2026-05-09 20:39:27 WARN  i.m.server.McpAsyncServer - Client requested unsupported protocol version: 2025-11-25, so the server will suggest the 2024-11-05 version instead
2026-05-09 20:39:27 INFO  c.c.m.McpServerApplication - Started McpServerApplication in 1.934 seconds (process running for 2.252)
2026-05-09 22:29:48 INFO  c.c.m.McpServerApplication - Starting McpServerApplication v1.0-SNAPSHOT using Java 21.0.10 with PID 21811 (/Users/vivekpandey/Documents/Project/twdc/Mysql_mcp_server/target/mysql-mcp-server-1.0-SNAPSHOT.jar started by vivekpandey in /Users/vivekpandey/Documents/Project/twdc/Mysql_mcp_server)
2026-05-09 22:29:48 INFO  c.c.m.McpServerApplication - The following 1 profile is active: "mcp"
2026-05-09 22:29:49 INFO  o.s.a.m.s.a.McpServerAutoConfiguration - Enable tools capabilities, notification: true
2026-05-09 22:29:49 INFO  o.s.a.m.s.a.McpServerAutoConfiguration - Registered tools: 5
2026-05-09 22:29:49 INFO  o.s.a.m.s.a.McpServerAutoConfiguration - Enable resources capabilities, notification: true
2026-05-09 22:29:49 INFO  o.s.a.m.s.a.McpServerAutoConfiguration - Enable prompts capabilities, notification: true
2026-05-09 22:29:49 INFO  o.s.a.m.s.a.McpServerAutoConfiguration - Enable completions capabilities
2026-05-09 22:29:49 INFO  i.m.server.McpAsyncServer - Client initialize request - Protocol: 2025-11-25, Capabilities: ClientCapabilities[experimental=null, roots=null, sampling=null], Info: Implementation[name=q-chat-plugin, version=1.0.0]
2026-05-09 22:29:49 WARN  i.m.server.McpAsyncServer - Client requested unsupported protocol version: 2025-11-25, so the server will suggest the 2024-11-05 version instead
2026-05-09 22:29:49 INFO  c.c.m.McpServerApplication - Started McpServerApplication in 0.784 seconds (process running for 0.984)
2026-05-10 02:12:47 INFO  c.c.m.McpServerApplication - Starting McpServerApplication v1.0-SNAPSHOT using Java 21.0.10 with PID 23500 (/Users/vivekpandey/Documents/Project/twdc/Mysql_mcp_server/target/mysql-mcp-server-1.0-SNAPSHOT.jar started by vivekpandey in /Users/vivekpandey/Documents/Project/twdc/Mysql_mcp_server)
2026-05-10 02:12:47 INFO  c.c.m.McpServerApplication - The following 1 profile is active: "mcp"
2026-05-10 02:12:47 INFO  o.s.a.m.s.a.McpServerAutoConfiguration - Enable tools capabilities, notification: true
2026-05-10 02:12:47 INFO  o.s.a.m.s.a.McpServerAutoConfiguration - Registered tools: 5
2026-05-10 02:12:47 INFO  o.s.a.m.s.a.McpServerAutoConfiguration - Enable resources capabilities, notification: true
2026-05-10 02:12:47 INFO  o.s.a.m.s.a.McpServerAutoConfiguration - Enable prompts capabilities, notification: true
2026-05-10 02:12:47 INFO  o.s.a.m.s.a.McpServerAutoConfiguration - Enable completions capabilities
2026-05-10 02:12:47 INFO  i.m.server.McpAsyncServer - Client initialize request - Protocol: 2025-11-25, Capabilities: ClientCapabilities[experimental=null, roots=null, sampling=null], Info: Implementation[name=q-chat-plugin, version=1.0.0]
2026-05-10 02:12:47 WARN  i.m.server.McpAsyncServer - Client requested unsupported protocol version: 2025-11-25, so the server will suggest the 2024-11-05 version instead
2026-05-10 02:12:47 INFO  c.c.m.McpServerApplication - Started McpServerApplication in 0.74 seconds (process running for 0.925)
2026-05-10 07:32:40 INFO  c.c.m.McpServerApplication - Starting McpServerApplication v1.0-SNAPSHOT using Java 21.0.10 with PID 24651 (/Users/vivekpandey/Documents/Project/twdc/Mysql_mcp_server/target/mysql-mcp-server-1.0-SNAPSHOT.jar started by vivekpandey in /Users/vivekpandey/Documents/Project/twdc/Mysql_mcp_server)
2026-05-10 07:32:40 INFO  c.c.m.McpServerApplication - The following 1 profile is active: "mcp"
2026-05-10 07:32:40 INFO  o.s.a.m.s.a.McpServerAutoConfiguration - Enable tools capabilities, notification: true
2026-05-10 07:32:41 INFO  o.s.a.m.s.a.McpServerAutoConfiguration - Registered tools: 5
2026-05-10 07:32:41 INFO  o.s.a.m.s.a.McpServerAutoConfiguration - Enable resources capabilities, notification: true
2026-05-10 07:32:41 INFO  o.s.a.m.s.a.McpServerAutoConfiguration - Enable prompts capabilities, notification: true
2026-05-10 07:32:41 INFO  o.s.a.m.s.a.McpServerAutoConfiguration - Enable completions capabilities
2026-05-10 07:32:41 INFO  i.m.server.McpAsyncServer - Client initialize request - Protocol: 2025-11-25, Capabilities: ClientCapabilities[experimental=null, roots=null, sampling=null], Info: Implementation[name=q-chat-plugin, version=1.0.0]
2026-05-10 07:32:41 WARN  i.m.server.McpAsyncServer - Client requested unsupported protocol version: 2025-11-25, so the server will suggest the 2024-11-05 version instead
2026-05-10 07:32:41 INFO  c.c.m.McpServerApplication - Started McpServerApplication in 0.724 seconds (process running for 0.921)
2026-05-10 13:36:06 INFO  c.c.m.McpServerApplication - Starting McpServerApplication v1.0-SNAPSHOT using Java 21.0.10 with PID 25753 (/Users/vivekpandey/Documents/Project/twdc/Mysql_mcp_server/target/mysql-mcp-server-1.0-SNAPSHOT.jar started by vivekpandey in /Users/vivekpandey/Documents/Project/twdc/Mysql_mcp_server)
2026-05-10 13:36:06 INFO  c.c.m.McpServerApplication - The following 1 profile is active: "mcp"
2026-05-10 13:52:41 INFO  o.s.a.m.s.a.McpServerAutoConfiguration - Enable tools capabilities, notification: true
2026-05-10 13:52:41 INFO  o.s.a.m.s.a.McpServerAutoConfiguration - Registered tools: 5
2026-05-10 13:52:41 INFO  o.s.a.m.s.a.McpServerAutoConfiguration - Enable resources capabilities, notification: true
2026-05-10 13:52:41 INFO  o.s.a.m.s.a.McpServerAutoConfiguration - Enable prompts capabilities, notification: true
2026-05-10 13:52:41 INFO  o.s.a.m.s.a.McpServerAutoConfiguration - Enable completions capabilities
2026-05-10 13:52:41 INFO  i.m.server.McpAsyncServer - Client initialize request - Protocol: 2025-11-25, Capabilities: ClientCapabilities[experimental=null, roots=null, sampling=null], Info: Implementation[name=q-chat-plugin, version=1.0.0]
2026-05-10 13:52:41 WARN  i.m.server.McpAsyncServer - Client requested unsupported protocol version: 2025-11-25, so the server will suggest the 2024-11-05 version instead
2026-05-10 13:52:41 ERROR i.m.spec.McpServerSession - No handler registered for notification method: notifications/cancelled
2026-05-10 13:52:41 INFO  c.c.m.McpServerApplication - Started McpServerApplication in 994.855 seconds (process running for 1.151)
2026-05-10 14:16:12 INFO  c.c.m.McpServerApplication - Starting McpServerApplication v1.0-SNAPSHOT using Java 21.0.10 with PID 26018 (/Users/vivekpandey/Documents/Project/twdc/Mysql_mcp_server/target/mysql-mcp-server-1.0-SNAPSHOT.jar started by vivekpandey in /Users/vivekpandey/Documents/Project/twdc/Mysql_mcp_server)
2026-05-10 14:16:12 INFO  c.c.m.McpServerApplication - The following 1 profile is active: "mcp"
2026-05-10 14:16:13 INFO  o.s.a.m.s.a.McpServerAutoConfiguration - Enable tools capabilities, notification: true
2026-05-10 14:16:13 INFO  o.s.a.m.s.a.McpServerAutoConfiguration - Registered tools: 5
2026-05-10 14:16:13 INFO  o.s.a.m.s.a.McpServerAutoConfiguration - Enable resources capabilities, notification: true
2026-05-10 14:16:13 INFO  o.s.a.m.s.a.McpServerAutoConfiguration - Enable prompts capabilities, notification: true
2026-05-10 14:16:13 INFO  o.s.a.m.s.a.McpServerAutoConfiguration - Enable completions capabilities
2026-05-10 14:16:13 INFO  i.m.server.McpAsyncServer - Client initialize request - Protocol: 2025-11-25, Capabilities: ClientCapabilities[experimental=null, roots=null, sampling=null], Info: Implementation[name=q-chat-plugin, version=1.0.0]
2026-05-10 14:16:13 WARN  i.m.server.McpAsyncServer - Client requested unsupported protocol version: 2025-11-25, so the server will suggest the 2024-11-05 version instead
2026-05-10 14:16:13 INFO  c.c.m.McpServerApplication - Started McpServerApplication in 0.81 seconds (process running for 1.044)
2026-05-10 14:24:13 INFO  c.c.m.McpServerApplication - Starting McpServerApplication v1.0-SNAPSHOT using Java 21.0.10 with PID 26403 (/Users/vivekpandey/Documents/Project/twdc/Mysql_mcp_server/target/mysql-mcp-server-1.0-SNAPSHOT.jar started by vivekpandey in /Users/vivekpandey/Documents/Project/twdc/Mysql_mcp_server)
2026-05-10 14:24:13 INFO  c.c.m.McpServerApplication - The following 1 profile is active: "mcp"
2026-05-10 14:24:14 INFO  o.s.a.m.s.a.McpServerAutoConfiguration - Enable tools capabilities, notification: true
2026-05-10 14:24:14 INFO  o.s.a.m.s.a.McpServerAutoConfiguration - Registered tools: 5
2026-05-10 14:24:14 INFO  o.s.a.m.s.a.McpServerAutoConfiguration - Enable resources capabilities, notification: true
2026-05-10 14:24:14 INFO  o.s.a.m.s.a.McpServerAutoConfiguration - Enable prompts capabilities, notification: true
2026-05-10 14:24:14 INFO  o.s.a.m.s.a.McpServerAutoConfiguration - Enable completions capabilities
2026-05-10 14:24:14 INFO  i.m.server.McpAsyncServer - Client initialize request - Protocol: 2025-11-25, Capabilities: ClientCapabilities[experimental=null, roots=null, sampling=null], Info: Implementation[name=q-chat-plugin, version=1.0.0]
2026-05-10 14:24:14 WARN  i.m.server.McpAsyncServer - Client requested unsupported protocol version: 2025-11-25, so the server will suggest the 2024-11-05 version instead
2026-05-10 14:24:14 INFO  c.c.m.McpServerApplication - Started McpServerApplication in 0.811 seconds (process running for 1.015)
2026-05-10 18:09:56 INFO  c.c.m.McpServerApplication - Starting McpServerApplication v1.0-SNAPSHOT using Java 21.0.10 with PID 27659 (/Users/vivekpandey/Documents/Project/twdc/Mysql_mcp_server/target/mysql-mcp-server-1.0-SNAPSHOT.jar started by vivekpandey in /Users/vivekpandey/Documents/Project/twdc/Mysql_mcp_server)
2026-05-10 18:09:56 INFO  c.c.m.McpServerApplication - The following 1 profile is active: "mcp"
2026-05-10 18:09:56 INFO  o.s.a.m.s.a.McpServerAutoConfiguration - Enable tools capabilities, notification: true
2026-05-10 18:09:56 INFO  o.s.a.m.s.a.McpServerAutoConfiguration - Registered tools: 5
2026-05-10 18:09:56 INFO  o.s.a.m.s.a.McpServerAutoConfiguration - Enable resources capabilities, notification: true
2026-05-10 18:09:56 INFO  o.s.a.m.s.a.McpServerAutoConfiguration - Enable prompts capabilities, notification: true
2026-05-10 18:09:56 INFO  o.s.a.m.s.a.McpServerAutoConfiguration - Enable completions capabilities
2026-05-10 18:09:56 INFO  i.m.server.McpAsyncServer - Client initialize request - Protocol: 2025-11-25, Capabilities: ClientCapabilities[experimental=null, roots=null, sampling=null], Info: Implementation[name=q-chat-plugin, version=1.0.0]
2026-05-10 18:09:56 WARN  i.m.server.McpAsyncServer - Client requested unsupported protocol version: 2025-11-25, so the server will suggest the 2024-11-05 version instead
2026-05-10 18:09:56 INFO  c.c.m.McpServerApplication - Started McpServerApplication in 0.698 seconds (process running for 0.888)
2026-05-10 19:22:40 INFO  c.c.m.McpServerApplication - Starting McpServerApplication v1.0-SNAPSHOT using Java 21.0.10 with PID 28302 (/Users/vivekpandey/Documents/Project/twdc/Mysql_mcp_server/target/mysql-mcp-server-1.0-SNAPSHOT.jar started by vivekpandey in /Users/vivekpandey/Documents/Project/twdc/Mysql_mcp_server)
2026-05-10 19:22:40 INFO  c.c.m.McpServerApplication - The following 1 profile is active: "mcp"
2026-05-10 19:22:40 INFO  o.s.a.m.s.a.McpServerAutoConfiguration - Enable tools capabilities, notification: true
2026-05-10 19:22:40 INFO  o.s.a.m.s.a.McpServerAutoConfiguration - Registered tools: 5
2026-05-10 19:22:40 INFO  o.s.a.m.s.a.McpServerAutoConfiguration - Enable resources capabilities, notification: true
2026-05-10 19:22:40 INFO  o.s.a.m.s.a.McpServerAutoConfiguration - Enable prompts capabilities, notification: true
2026-05-10 19:22:40 INFO  o.s.a.m.s.a.McpServerAutoConfiguration - Enable completions capabilities
2026-05-10 19:22:40 INFO  i.m.server.McpAsyncServer - Client initialize request - Protocol: 2025-11-25, Capabilities: ClientCapabilities[experimental=null, roots=null, sampling=null], Info: Implementation[name=q-chat-plugin, version=1.0.0]
2026-05-10 19:22:40 WARN  i.m.server.McpAsyncServer - Client requested unsupported protocol version: 2025-11-25, so the server will suggest the 2024-11-05 version instead
2026-05-10 19:22:40 INFO  c.c.m.McpServerApplication - Started McpServerApplication in 0.767 seconds (process running for 0.961)
2026-05-10 20:06:55 INFO  c.c.m.McpServerApplication - Starting McpServerApplication v1.0-SNAPSHOT using Java 21.0.10 with PID 29785 (/Users/vivekpandey/Documents/Project/twdc/Mysql_mcp_server/target/mysql-mcp-server-1.0-SNAPSHOT.jar started by vivekpandey in /Users/vivekpandey/Documents/Project/twdc/Mysql_mcp_server)
2026-05-10 20:06:55 INFO  c.c.m.McpServerApplication - The following 1 profile is active: "mcp"
2026-05-10 20:06:55 INFO  o.s.a.m.s.a.McpServerAutoConfiguration - Enable tools capabilities, notification: true
2026-05-10 20:06:55 INFO  o.s.a.m.s.a.McpServerAutoConfiguration - Registered tools: 5
2026-05-10 20:06:55 INFO  o.s.a.m.s.a.McpServerAutoConfiguration - Enable resources capabilities, notification: true
2026-05-10 20:06:55 INFO  o.s.a.m.s.a.McpServerAutoConfiguration - Enable prompts capabilities, notification: true
2026-05-10 20:06:55 INFO  o.s.a.m.s.a.McpServerAutoConfiguration - Enable completions capabilities
2026-05-10 20:06:55 INFO  i.m.server.McpAsyncServer - Client initialize request - Protocol: 2025-11-25, Capabilities: ClientCapabilities[experimental=null, roots=null, sampling=null], Info: Implementation[name=q-chat-plugin, version=1.0.0]
2026-05-10 20:06:55 WARN  i.m.server.McpAsyncServer - Client requested unsupported protocol version: 2025-11-25, so the server will suggest the 2024-11-05 version instead
2026-05-10 20:06:56 INFO  c.c.m.McpServerApplication - Started McpServerApplication in 0.868 seconds (process running for 1.107)
2026-05-10 20:48:15 INFO  c.c.m.McpServerApplication - Starting McpServerApplication v1.0-SNAPSHOT using Java 21.0.10 with PID 31357 (/Users/vivekpandey/Documents/Project/twdc/Mysql_mcp_server/target/mysql-mcp-server-1.0-SNAPSHOT.jar started by vivekpandey in /Users/vivekpandey/Documents/Project/twdc/Mysql_mcp_server)
2026-05-10 20:48:15 INFO  c.c.m.McpServerApplication - The following 1 profile is active: "mcp"
2026-05-10 20:48:16 INFO  o.s.a.m.s.a.McpServerAutoConfiguration - Enable tools capabilities, notification: true
2026-05-10 20:48:16 INFO  o.s.a.m.s.a.McpServerAutoConfiguration - Registered tools: 5
2026-05-10 20:48:16 INFO  o.s.a.m.s.a.McpServerAutoConfiguration - Enable resources capabilities, notification: true
2026-05-10 20:48:16 INFO  o.s.a.m.s.a.McpServerAutoConfiguration - Enable prompts capabilities, notification: true
2026-05-10 20:48:16 INFO  o.s.a.m.s.a.McpServerAutoConfiguration - Enable completions capabilities
2026-05-10 20:48:16 INFO  i.m.server.McpAsyncServer - Client initialize request - Protocol: 2025-11-25, Capabilities: ClientCapabilities[experimental=null, roots=null, sampling=null], Info: Implementation[name=q-chat-plugin, version=1.0.0]
2026-05-10 20:48:16 WARN  i.m.server.McpAsyncServer - Client requested unsupported protocol version: 2025-11-25, so the server will suggest the 2024-11-05 version instead
2026-05-10 20:48:16 INFO  c.c.m.McpServerApplication - Started McpServerApplication in 0.724 seconds (process running for 0.919)
2026-05-11 00:36:35 INFO  c.c.m.McpServerApplication - Starting McpServerApplication v1.0-SNAPSHOT using Java 21.0.10 with PID 32248 (/Users/vivekpandey/Documents/Project/twdc/Mysql_mcp_server/target/mysql-mcp-server-1.0-SNAPSHOT.jar started by vivekpandey in /Users/vivekpandey/Documents/Project/twdc/Mysql_mcp_server)
2026-05-11 00:36:35 INFO  c.c.m.McpServerApplication - The following 1 profile is active: "mcp"
2026-05-11 00:36:35 INFO  o.s.a.m.s.a.McpServerAutoConfiguration - Enable tools capabilities, notification: true
2026-05-11 00:36:35 INFO  o.s.a.m.s.a.McpServerAutoConfiguration - Registered tools: 5
2026-05-11 00:36:35 INFO  o.s.a.m.s.a.McpServerAutoConfiguration - Enable resources capabilities, notification: true
2026-05-11 00:36:35 INFO  o.s.a.m.s.a.McpServerAutoConfiguration - Enable prompts capabilities, notification: true
2026-05-11 00:36:35 INFO  o.s.a.m.s.a.McpServerAutoConfiguration - Enable completions capabilities
2026-05-11 00:36:35 INFO  i.m.server.McpAsyncServer - Client initialize request - Protocol: 2025-11-25, Capabilities: ClientCapabilities[experimental=null, roots=null, sampling=null], Info: Implementation[name=q-chat-plugin, version=1.0.0]
2026-05-11 00:36:35 WARN  i.m.server.McpAsyncServer - Client requested unsupported protocol version: 2025-11-25, so the server will suggest the 2024-11-05 version instead
2026-05-11 00:54:01 INFO  c.c.m.McpServerApplication - Started McpServerApplication in 1046.222 seconds (process running for 1.222)
2026-05-11 06:18:37 INFO  c.c.m.McpServerApplication - Starting McpServerApplication v1.0-SNAPSHOT using Java 21.0.10 with PID 33426 (/Users/vivekpandey/Documents/Project/twdc/Mysql_mcp_server/target/mysql-mcp-server-1.0-SNAPSHOT.jar started by vivekpandey in /Users/vivekpandey/Documents/Project/twdc/Mysql_mcp_server)
2026-05-11 06:18:37 INFO  c.c.m.McpServerApplication - The following 1 profile is active: "mcp"
2026-05-11 06:18:39 INFO  o.s.a.m.s.a.McpServerAutoConfiguration - Enable tools capabilities, notification: true
2026-05-11 06:18:40 INFO  o.s.a.m.s.a.McpServerAutoConfiguration - Registered tools: 5
2026-05-11 06:18:40 INFO  o.s.a.m.s.a.McpServerAutoConfiguration - Enable resources capabilities, notification: true
2026-05-11 06:18:40 INFO  o.s.a.m.s.a.McpServerAutoConfiguration - Enable prompts capabilities, notification: true
2026-05-11 06:18:40 INFO  o.s.a.m.s.a.McpServerAutoConfiguration - Enable completions capabilities
2026-05-11 06:18:40 INFO  i.m.server.McpAsyncServer - Client initialize request - Protocol: 2025-11-25, Capabilities: ClientCapabilities[experimental=null, roots=null, sampling=null], Info: Implementation[name=q-chat-plugin, version=1.0.0]
2026-05-11 06:18:40 WARN  i.m.server.McpAsyncServer - Client requested unsupported protocol version: 2025-11-25, so the server will suggest the 2024-11-05 version instead
2026-05-11 06:18:40 INFO  c.c.m.McpServerApplication - Started McpServerApplication in 4.789 seconds (process running for 8.444)
2026-05-11 09:20:58 INFO  c.c.m.McpServerApplication - Starting McpServerApplication v1.0-SNAPSHOT using Java 21.0.10 with PID 34181 (/Users/vivekpandey/Documents/Project/twdc/Mysql_mcp_server/target/mysql-mcp-server-1.0-SNAPSHOT.jar started by vivekpandey in /Users/vivekpandey/Documents/Project/twdc/Mysql_mcp_server)
2026-05-11 09:20:58 INFO  c.c.m.McpServerApplication - The following 1 profile is active: "mcp"
2026-05-11 09:20:59 INFO  o.s.a.m.s.a.McpServerAutoConfiguration - Enable tools capabilities, notification: true
2026-05-11 09:20:59 INFO  o.s.a.m.s.a.McpServerAutoConfiguration - Registered tools: 5
2026-05-11 09:20:59 INFO  o.s.a.m.s.a.McpServerAutoConfiguration - Enable resources capabilities, notification: true
2026-05-11 09:20:59 INFO  o.s.a.m.s.a.McpServerAutoConfiguration - Enable prompts capabilities, notification: true
2026-05-11 09:20:59 INFO  o.s.a.m.s.a.McpServerAutoConfiguration - Enable completions capabilities
2026-05-11 09:20:59 INFO  i.m.server.McpAsyncServer - Client initialize request - Protocol: 2025-11-25, Capabilities: ClientCapabilities[experimental=null, roots=null, sampling=null], Info: Implementation[name=q-chat-plugin, version=1.0.0]
2026-05-11 09:20:59 WARN  i.m.server.McpAsyncServer - Client requested unsupported protocol version: 2025-11-25, so the server will suggest the 2024-11-05 version instead
2026-05-11 09:20:59 INFO  c.c.m.McpServerApplication - Started McpServerApplication in 2.476 seconds (process running for 3.597)
2026-05-11 10:45:44 INFO  c.c.m.McpServerApplication - Starting McpServerApplication v1.0-SNAPSHOT using Java 21.0.10 with PID 34741 (/Users/vivekpandey/Documents/Project/twdc/Mysql_mcp_server/target/mysql-mcp-server-1.0-SNAPSHOT.jar started by vivekpandey in /Users/vivekpandey/Documents/Project/twdc/Mysql_mcp_server)
2026-05-11 10:45:44 INFO  c.c.m.McpServerApplication - The following 1 profile is active: "mcp"
2026-05-11 10:45:45 INFO  o.s.a.m.s.a.McpServerAutoConfiguration - Enable tools capabilities, notification: true
2026-05-11 10:45:45 INFO  o.s.a.m.s.a.McpServerAutoConfiguration - Registered tools: 5
2026-05-11 10:45:45 INFO  o.s.a.m.s.a.McpServerAutoConfiguration - Enable resources capabilities, notification: true
2026-05-11 10:45:45 INFO  o.s.a.m.s.a.McpServerAutoConfiguration - Enable prompts capabilities, notification: true
2026-05-11 10:45:45 INFO  o.s.a.m.s.a.McpServerAutoConfiguration - Enable completions capabilities
2026-05-11 10:45:45 INFO  i.m.server.McpAsyncServer - Client initialize request - Protocol: 2025-11-25, Capabilities: ClientCapabilities[experimental=null, roots=null, sampling=null], Info: Implementation[name=q-chat-plugin, version=1.0.0]
2026-05-11 10:45:45 WARN  i.m.server.McpAsyncServer - Client requested unsupported protocol version: 2025-11-25, so the server will suggest the 2024-11-05 version instead
2026-05-11 10:45:45 INFO  c.c.m.McpServerApplication - Started McpServerApplication in 0.758 seconds (process running for 0.953)
2026-05-11 11:27:55 INFO  c.c.m.McpServerApplication - Starting McpServerApplication v1.0-SNAPSHOT using Java 21.0.10 with PID 36196 (/Users/vivekpandey/Documents/Project/twdc/Mysql_mcp_server/target/mysql-mcp-server-1.0-SNAPSHOT.jar started by vivekpandey in /Users/vivekpandey/Documents/Project/twdc/Mysql_mcp_server)
2026-05-11 11:27:55 INFO  c.c.m.McpServerApplication - The following 1 profile is active: "mcp"
2026-05-11 11:27:55 INFO  o.s.a.m.s.a.McpServerAutoConfiguration - Enable tools capabilities, notification: true
2026-05-11 11:27:55 INFO  o.s.a.m.s.a.McpServerAutoConfiguration - Registered tools: 5
2026-05-11 11:27:55 INFO  o.s.a.m.s.a.McpServerAutoConfiguration - Enable resources capabilities, notification: true
2026-05-11 11:27:55 INFO  o.s.a.m.s.a.McpServerAutoConfiguration - Enable prompts capabilities, notification: true
2026-05-11 11:27:55 INFO  o.s.a.m.s.a.McpServerAutoConfiguration - Enable completions capabilities
2026-05-11 11:27:55 INFO  i.m.server.McpAsyncServer - Client initialize request - Protocol: 2025-11-25, Capabilities: ClientCapabilities[experimental=null, roots=null, sampling=null], Info: Implementation[name=q-chat-plugin, version=1.0.0]
2026-05-11 11:27:55 WARN  i.m.server.McpAsyncServer - Client requested unsupported protocol version: 2025-11-25, so the server will suggest the 2024-11-05 version instead
2026-05-11 11:27:55 INFO  c.c.m.McpServerApplication - Started McpServerApplication in 0.815 seconds (process running for 1.078)
2026-05-11 11:59:36 INFO  com.zaxxer.hikari.HikariDataSource - HikariPool-1 - Starting...
2026-05-11 11:59:36 INFO  com.zaxxer.hikari.pool.HikariPool - HikariPool-1 - Added connection com.mysql.cj.jdbc.ConnectionImpl@13ca228d
2026-05-11 11:59:36 INFO  com.zaxxer.hikari.HikariDataSource - HikariPool-1 - Start completed.
2026-05-11 12:11:42 INFO  com.zaxxer.hikari.HikariDataSource - HikariPool-1 - Shutdown initiated...
2026-05-11 12:11:42 INFO  com.zaxxer.hikari.HikariDataSource - HikariPool-1 - Shutdown completed.
2026-05-11 12:11:42 INFO  c.c.m.McpServerApplication - Starting McpServerApplication v1.0-SNAPSHOT using Java 21.0.10 with PID 37611 (/Users/vivekpandey/Documents/Project/twdc/Mysql_mcp_server/target/mysql-mcp-server-1.0-SNAPSHOT.jar started by vivekpandey in /Users/vivekpandey/Documents/Project/twdc/Mysql_mcp_server)
2026-05-11 12:11:42 INFO  c.c.m.McpServerApplication - The following 1 profile is active: "mcp"
2026-05-11 12:11:43 INFO  o.s.a.m.s.a.McpServerAutoConfiguration - Enable tools capabilities, notification: true
2026-05-11 12:11:43 INFO  o.s.a.m.s.a.McpServerAutoConfiguration - Registered tools: 5
2026-05-11 12:11:43 INFO  o.s.a.m.s.a.McpServerAutoConfiguration - Enable resources capabilities, notification: true
2026-05-11 12:11:43 INFO  o.s.a.m.s.a.McpServerAutoConfiguration - Enable prompts capabilities, notification: true
2026-05-11 12:11:43 INFO  o.s.a.m.s.a.McpServerAutoConfiguration - Enable completions capabilities
2026-05-11 12:11:43 INFO  i.m.server.McpAsyncServer - Client initialize request - Protocol: 2025-11-25, Capabilities: ClientCapabilities[experimental=null, roots=null, sampling=null], Info: Implementation[name=q-chat-plugin, version=1.0.0]
2026-05-11 12:11:43 WARN  i.m.server.McpAsyncServer - Client requested unsupported protocol version: 2025-11-25, so the server will suggest the 2024-11-05 version instead
2026-05-11 12:11:43 INFO  c.c.m.McpServerApplication - Started McpServerApplication in 0.769 seconds (process running for 0.972)
2026-05-11 12:53:18 INFO  c.c.m.McpServerApplication - Starting McpServerApplication v1.0-SNAPSHOT using Java 21.0.10 with PID 38843 (/Users/vivekpandey/Documents/Project/twdc/Mysql_mcp_server/target/mysql-mcp-server-1.0-SNAPSHOT.jar started by vivekpandey in /Users/vivekpandey/Documents/Project/twdc/Mysql_mcp_server)
2026-05-11 12:53:18 INFO  c.c.m.McpServerApplication - The following 1 profile is active: "mcp"
2026-05-11 12:53:18 INFO  o.s.a.m.s.a.McpServerAutoConfiguration - Enable tools capabilities, notification: true
2026-05-11 12:53:18 INFO  o.s.a.m.s.a.McpServerAutoConfiguration - Registered tools: 5
2026-05-11 12:53:18 INFO  o.s.a.m.s.a.McpServerAutoConfiguration - Enable resources capabilities, notification: true
2026-05-11 12:53:18 INFO  o.s.a.m.s.a.McpServerAutoConfiguration - Enable prompts capabilities, notification: true
2026-05-11 12:53:18 INFO  o.s.a.m.s.a.McpServerAutoConfiguration - Enable completions capabilities
2026-05-11 12:53:18 INFO  i.m.server.McpAsyncServer - Client initialize request - Protocol: 2025-11-25, Capabilities: ClientCapabilities[experimental=null, roots=null, sampling=null], Info: Implementation[name=q-chat-plugin, version=1.0.0]
2026-05-11 12:53:18 WARN  i.m.server.McpAsyncServer - Client requested unsupported protocol version: 2025-11-25, so the server will suggest the 2024-11-05 version instead
2026-05-11 12:53:18 INFO  c.c.m.McpServerApplication - Started McpServerApplication in 0.779 seconds (process running for 0.974)
2026-05-11 13:36:26 INFO  c.c.m.McpServerApplication - Starting McpServerApplication v1.0-SNAPSHOT using Java 21.0.10 with PID 39852 (/Users/vivekpandey/Documents/Project/twdc/Mysql_mcp_server/target/mysql-mcp-server-1.0-SNAPSHOT.jar started by vivekpandey in /Users/vivekpandey/Documents/Project/twdc/Mysql_mcp_server)
2026-05-11 13:36:26 INFO  c.c.m.McpServerApplication - The following 1 profile is active: "mcp"
2026-05-11 13:36:26 INFO  o.s.a.m.s.a.McpServerAutoConfiguration - Enable tools capabilities, notification: true
2026-05-11 13:36:26 INFO  o.s.a.m.s.a.McpServerAutoConfiguration - Registered tools: 5
2026-05-11 13:36:26 INFO  o.s.a.m.s.a.McpServerAutoConfiguration - Enable resources capabilities, notification: true
2026-05-11 13:36:26 INFO  o.s.a.m.s.a.McpServerAutoConfiguration - Enable prompts capabilities, notification: true
2026-05-11 13:36:26 INFO  o.s.a.m.s.a.McpServerAutoConfiguration - Enable completions capabilities
2026-05-11 13:36:26 INFO  i.m.server.McpAsyncServer - Client initialize request - Protocol: 2025-11-25, Capabilities: ClientCapabilities[experimental=null, roots=null, sampling=null], Info: Implementation[name=q-chat-plugin, version=1.0.0]
2026-05-11 13:36:26 WARN  i.m.server.McpAsyncServer - Client requested unsupported protocol version: 2025-11-25, so the server will suggest the 2024-11-05 version instead
2026-05-11 13:36:26 INFO  c.c.m.McpServerApplication - Started McpServerApplication in 0.827 seconds (process running for 1.086)
2026-05-11 14:25:06 INFO  c.c.m.McpServerApplication - Starting McpServerApplication v1.0-SNAPSHOT using Java 21.0.10 with PID 41207 (/Users/vivekpandey/Documents/Project/twdc/Mysql_mcp_server/target/mysql-mcp-server-1.0-SNAPSHOT.jar started by vivekpandey in /Users/vivekpandey/Documents/Project/twdc/Mysql_mcp_server)
2026-05-11 14:25:06 INFO  c.c.m.McpServerApplication - The following 1 profile is active: "mcp"
2026-05-11 14:25:07 INFO  o.s.a.m.s.a.McpServerAutoConfiguration - Enable tools capabilities, notification: true
2026-05-11 14:25:07 INFO  o.s.a.m.s.a.McpServerAutoConfiguration - Registered tools: 5
2026-05-11 14:25:07 INFO  o.s.a.m.s.a.McpServerAutoConfiguration - Enable resources capabilities, notification: true
2026-05-11 14:25:07 INFO  o.s.a.m.s.a.McpServerAutoConfiguration - Enable prompts capabilities, notification: true
2026-05-11 14:25:07 INFO  o.s.a.m.s.a.McpServerAutoConfiguration - Enable completions capabilities
2026-05-11 14:25:07 INFO  i.m.server.McpAsyncServer - Client initialize request - Protocol: 2025-11-25, Capabilities: ClientCapabilities[experimental=null, roots=null, sampling=null], Info: Implementation[name=q-chat-plugin, version=1.0.0]
2026-05-11 14:25:07 WARN  i.m.server.McpAsyncServer - Client requested unsupported protocol version: 2025-11-25, so the server will suggest the 2024-11-05 version instead
2026-05-11 14:25:07 INFO  c.c.m.McpServerApplication - Started McpServerApplication in 0.809 seconds (process running for 1.034)
2026-05-11 14:27:22 INFO  c.c.m.McpServerApplication - Starting McpServerApplication v1.0-SNAPSHOT using Java 21.0.10 with PID 41335 (/Users/vivekpandey/Documents/Project/twdc/Mysql_mcp_server/target/mysql-mcp-server-1.0-SNAPSHOT.jar started by vivekpandey in /Users/vivekpandey/Documents/Project/twdc/Mysql_mcp_server)
2026-05-11 14:27:22 INFO  c.c.m.McpServerApplication - The following 1 profile is active: "mcp"
2026-05-11 14:27:22 INFO  o.s.a.m.s.a.McpServerAutoConfiguration - Enable tools capabilities, notification: true
2026-05-11 14:27:22 INFO  o.s.a.m.s.a.McpServerAutoConfiguration - Registered tools: 5
2026-05-11 14:27:22 INFO  o.s.a.m.s.a.McpServerAutoConfiguration - Enable resources capabilities, notification: true
2026-05-11 14:27:22 INFO  o.s.a.m.s.a.McpServerAutoConfiguration - Enable prompts capabilities, notification: true
2026-05-11 14:27:22 INFO  o.s.a.m.s.a.McpServerAutoConfiguration - Enable completions capabilities
2026-05-11 14:27:22 INFO  i.m.server.McpAsyncServer - Client initialize request - Protocol: 2025-11-25, Capabilities: ClientCapabilities[experimental=null, roots=null, sampling=null], Info: Implementation[name=q-chat-plugin, version=1.0.0]
2026-05-11 14:27:22 WARN  i.m.server.McpAsyncServer - Client requested unsupported protocol version: 2025-11-25, so the server will suggest the 2024-11-05 version instead
2026-05-11 14:27:22 INFO  c.c.m.McpServerApplication - Started McpServerApplication in 0.735 seconds (process running for 0.925)
2026-05-11 15:09:42 INFO  c.c.m.McpServerApplication - Starting McpServerApplication v1.0-SNAPSHOT using Java 21.0.10 with PID 42663 (/Users/vivekpandey/Documents/Project/twdc/Mysql_mcp_server/target/mysql-mcp-server-1.0-SNAPSHOT.jar started by vivekpandey in /Users/vivekpandey/Documents/Project/twdc/Mysql_mcp_server)
2026-05-11 15:09:42 INFO  c.c.m.McpServerApplication - The following 1 profile is active: "mcp"
2026-05-11 15:09:43 INFO  o.s.a.m.s.a.McpServerAutoConfiguration - Enable tools capabilities, notification: true
2026-05-11 15:09:43 INFO  o.s.a.m.s.a.McpServerAutoConfiguration - Registered tools: 5
2026-05-11 15:09:43 INFO  o.s.a.m.s.a.McpServerAutoConfiguration - Enable resources capabilities, notification: true
2026-05-11 15:09:43 INFO  o.s.a.m.s.a.McpServerAutoConfiguration - Enable prompts capabilities, notification: true
2026-05-11 15:09:43 INFO  o.s.a.m.s.a.McpServerAutoConfiguration - Enable completions capabilities
2026-05-11 15:09:43 INFO  i.m.server.McpAsyncServer - Client initialize request - Protocol: 2025-11-25, Capabilities: ClientCapabilities[experimental=null, roots=null, sampling=null], Info: Implementation[name=q-chat-plugin, version=1.0.0]
2026-05-11 15:09:43 WARN  i.m.server.McpAsyncServer - Client requested unsupported protocol version: 2025-11-25, so the server will suggest the 2024-11-05 version instead
2026-05-11 15:09:43 INFO  c.c.m.McpServerApplication - Started McpServerApplication in 0.755 seconds (process running for 0.951)
2026-05-11 15:50:24 INFO  c.c.m.McpServerApplication - Starting McpServerApplication v1.0-SNAPSHOT using Java 21.0.10 with PID 43937 (/Users/vivekpandey/Documents/Project/twdc/Mysql_mcp_server/target/mysql-mcp-server-1.0-SNAPSHOT.jar started by vivekpandey in /Users/vivekpandey/Documents/Project/twdc/Mysql_mcp_server)
2026-05-11 15:50:24 INFO  c.c.m.McpServerApplication - The following 1 profile is active: "mcp"
2026-05-11 15:50:24 INFO  o.s.a.m.s.a.McpServerAutoConfiguration - Enable tools capabilities, notification: true
2026-05-11 15:50:24 INFO  o.s.a.m.s.a.McpServerAutoConfiguration - Registered tools: 5
2026-05-11 15:50:24 INFO  o.s.a.m.s.a.McpServerAutoConfiguration - Enable resources capabilities, notification: true
2026-05-11 15:50:24 INFO  o.s.a.m.s.a.McpServerAutoConfiguration - Enable prompts capabilities, notification: true
2026-05-11 15:50:24 INFO  o.s.a.m.s.a.McpServerAutoConfiguration - Enable completions capabilities
2026-05-11 15:50:24 INFO  i.m.server.McpAsyncServer - Client initialize request - Protocol: 2025-11-25, Capabilities: ClientCapabilities[experimental=null, roots=null, sampling=null], Info: Implementation[name=q-chat-plugin, version=1.0.0]
2026-05-11 15:50:24 WARN  i.m.server.McpAsyncServer - Client requested unsupported protocol version: 2025-11-25, so the server will suggest the 2024-11-05 version instead
2026-05-11 15:50:24 INFO  c.c.m.McpServerApplication - Started McpServerApplication in 0.747 seconds (process running for 0.947)
2026-05-11 17:17:06 INFO  c.c.m.McpServerApplication - Starting McpServerApplication v1.0-SNAPSHOT using Java 21.0.10 with PID 44559 (/Users/vivekpandey/Documents/Project/twdc/Mysql_mcp_server/target/mysql-mcp-server-1.0-SNAPSHOT.jar started by vivekpandey in /Users/vivekpandey/Documents/Project/twdc/Mysql_mcp_server)
2026-05-11 17:17:06 INFO  c.c.m.McpServerApplication - The following 1 profile is active: "mcp"
2026-05-11 17:17:10 INFO  o.s.a.m.s.a.McpServerAutoConfiguration - Enable tools capabilities, notification: true
2026-05-11 17:17:10 INFO  o.s.a.m.s.a.McpServerAutoConfiguration - Registered tools: 5
2026-05-11 17:17:10 INFO  o.s.a.m.s.a.McpServerAutoConfiguration - Enable resources capabilities, notification: true
2026-05-11 17:17:10 INFO  o.s.a.m.s.a.McpServerAutoConfiguration - Enable prompts capabilities, notification: true
2026-05-11 17:17:10 INFO  o.s.a.m.s.a.McpServerAutoConfiguration - Enable completions capabilities
2026-05-11 17:17:11 INFO  i.m.server.McpAsyncServer - Client initialize request - Protocol: 2025-11-25, Capabilities: ClientCapabilities[experimental=null, roots=null, sampling=null], Info: Implementation[name=q-chat-plugin, version=1.0.0]
2026-05-11 17:17:11 WARN  i.m.server.McpAsyncServer - Client requested unsupported protocol version: 2025-11-25, so the server will suggest the 2024-11-05 version instead
2026-05-11 17:17:11 INFO  c.c.m.McpServerApplication - Started McpServerApplication in 15.52 seconds (process running for 23.855)
2026-05-11 17:17:11 INFO  c.c.m.McpServerApplication - Starting McpServerApplication v1.0-SNAPSHOT using Java 21.0.10 with PID 44591 (/Users/vivekpandey/Documents/Project/twdc/Mysql_mcp_server/target/mysql-mcp-server-1.0-SNAPSHOT.jar started by vivekpandey in /Users/vivekpandey/Documents/Project/twdc/Mysql_mcp_server)
2026-05-11 17:17:11 INFO  c.c.m.McpServerApplication - The following 1 profile is active: "mcp"
2026-05-11 17:32:29 INFO  o.s.a.m.s.a.McpServerAutoConfiguration - Enable tools capabilities, notification: true
2026-05-11 17:32:29 INFO  o.s.a.m.s.a.McpServerAutoConfiguration - Registered tools: 5
2026-05-11 17:32:29 INFO  o.s.a.m.s.a.McpServerAutoConfiguration - Enable resources capabilities, notification: true
2026-05-11 17:32:29 INFO  o.s.a.m.s.a.McpServerAutoConfiguration - Enable prompts capabilities, notification: true
2026-05-11 17:32:29 INFO  o.s.a.m.s.a.McpServerAutoConfiguration - Enable completions capabilities
2026-05-11 17:32:29 INFO  i.m.server.McpAsyncServer - Client initialize request - Protocol: 2025-11-25, Capabilities: ClientCapabilities[experimental=null, roots=null, sampling=null], Info: Implementation[name=q-chat-plugin, version=1.0.0]
2026-05-11 17:32:29 WARN  i.m.server.McpAsyncServer - Client requested unsupported protocol version: 2025-11-25, so the server will suggest the 2024-11-05 version instead
2026-05-11 17:32:29 ERROR i.m.spec.McpServerSession - No handler registered for notification method: notifications/cancelled
2026-05-11 17:32:29 INFO  c.c.m.McpServerApplication - Started McpServerApplication in 918.071 seconds (process running for 1.712)
2026-05-11 19:33:50 INFO  c.c.m.McpServerApplication - Starting McpServerApplication v1.0-SNAPSHOT using Java 21.0.10 with PID 45179 (/Users/vivekpandey/Documents/Project/twdc/Mysql_mcp_server/target/mysql-mcp-server-1.0-SNAPSHOT.jar started by vivekpandey in /Users/vivekpandey/Documents/Project/twdc/Mysql_mcp_server)
2026-05-11 19:33:50 INFO  c.c.m.McpServerApplication - The following 1 profile is active: "mcp"
2026-05-11 19:33:50 INFO  o.s.a.m.s.a.McpServerAutoConfiguration - Enable tools capabilities, notification: true
2026-05-11 19:33:50 INFO  o.s.a.m.s.a.McpServerAutoConfiguration - Registered tools: 5
2026-05-11 19:33:50 INFO  o.s.a.m.s.a.McpServerAutoConfiguration - Enable resources capabilities, notification: true
2026-05-11 19:33:50 INFO  o.s.a.m.s.a.McpServerAutoConfiguration - Enable prompts capabilities, notification: true
2026-05-11 19:33:50 INFO  o.s.a.m.s.a.McpServerAutoConfiguration - Enable completions capabilities
2026-05-11 19:33:50 INFO  i.m.server.McpAsyncServer - Client initialize request - Protocol: 2025-11-25, Capabilities: ClientCapabilities[experimental=null, roots=null, sampling=null], Info: Implementation[name=q-chat-plugin, version=1.0.0]
2026-05-11 19:33:50 WARN  i.m.server.McpAsyncServer - Client requested unsupported protocol version: 2025-11-25, so the server will suggest the 2024-11-05 version instead
2026-05-11 19:33:50 INFO  c.c.m.McpServerApplication - Started McpServerApplication in 0.831 seconds (process running for 1.074)
2026-05-11 20:16:17 INFO  c.c.m.McpServerApplication - Starting McpServerApplication v1.0-SNAPSHOT using Java 21.0.10 with PID 46411 (/Users/vivekpandey/Documents/Project/twdc/Mysql_mcp_server/target/mysql-mcp-server-1.0-SNAPSHOT.jar started by vivekpandey in /Users/vivekpandey/Documents/Project/twdc/Mysql_mcp_server)
2026-05-11 20:16:17 INFO  c.c.m.McpServerApplication - The following 1 profile is active: "mcp"
2026-05-11 20:16:17 INFO  o.s.a.m.s.a.McpServerAutoConfiguration - Enable tools capabilities, notification: true
2026-05-11 20:16:17 INFO  o.s.a.m.s.a.McpServerAutoConfiguration - Registered tools: 5
2026-05-11 20:16:17 INFO  o.s.a.m.s.a.McpServerAutoConfiguration - Enable resources capabilities, notification: true
2026-05-11 20:16:17 INFO  o.s.a.m.s.a.McpServerAutoConfiguration - Enable prompts capabilities, notification: true
2026-05-11 20:16:17 INFO  o.s.a.m.s.a.McpServerAutoConfiguration - Enable completions capabilities
2026-05-11 20:16:17 INFO  i.m.server.McpAsyncServer - Client initialize request - Protocol: 2025-11-25, Capabilities: ClientCapabilities[experimental=null, roots=null, sampling=null], Info: Implementation[name=q-chat-plugin, version=1.0.0]
2026-05-11 20:16:17 WARN  i.m.server.McpAsyncServer - Client requested unsupported protocol version: 2025-11-25, so the server will suggest the 2024-11-05 version instead
2026-05-11 20:16:17 INFO  c.c.m.McpServerApplication - Started McpServerApplication in 0.753 seconds (process running for 0.959)
2026-05-11 20:57:06 INFO  c.c.m.McpServerApplication - Starting McpServerApplication v1.0-SNAPSHOT using Java 21.0.10 with PID 47460 (/Users/vivekpandey/Documents/Project/twdc/Mysql_mcp_server/target/mysql-mcp-server-1.0-SNAPSHOT.jar started by vivekpandey in /Users/vivekpandey/Documents/Project/twdc/Mysql_mcp_server)
2026-05-11 20:57:06 INFO  c.c.m.McpServerApplication - The following 1 profile is active: "mcp"
2026-05-11 20:57:06 INFO  o.s.a.m.s.a.McpServerAutoConfiguration - Enable tools capabilities, notification: true
2026-05-11 20:57:06 INFO  o.s.a.m.s.a.McpServerAutoConfiguration - Registered tools: 5
2026-05-11 20:57:06 INFO  o.s.a.m.s.a.McpServerAutoConfiguration - Enable resources capabilities, notification: true
2026-05-11 20:57:06 INFO  o.s.a.m.s.a.McpServerAutoConfiguration - Enable prompts capabilities, notification: true
2026-05-11 20:57:06 INFO  o.s.a.m.s.a.McpServerAutoConfiguration - Enable completions capabilities
2026-05-11 20:57:06 INFO  i.m.server.McpAsyncServer - Client initialize request - Protocol: 2025-11-25, Capabilities: ClientCapabilities[experimental=null, roots=null, sampling=null], Info: Implementation[name=q-chat-plugin, version=1.0.0]
2026-05-11 20:57:06 WARN  i.m.server.McpAsyncServer - Client requested unsupported protocol version: 2025-11-25, so the server will suggest the 2024-11-05 version instead
2026-05-11 20:57:06 INFO  c.c.m.McpServerApplication - Started McpServerApplication in 0.759 seconds (process running for 0.957)
2026-05-11 21:41:03 INFO  c.c.m.McpServerApplication - Starting McpServerApplication v1.0-SNAPSHOT using Java 21.0.10 with PID 48431 (/Users/vivekpandey/Documents/Project/twdc/Mysql_mcp_server/target/mysql-mcp-server-1.0-SNAPSHOT.jar started by vivekpandey in /Users/vivekpandey/Documents/Project/twdc/Mysql_mcp_server)
2026-05-11 21:41:03 INFO  c.c.m.McpServerApplication - The following 1 profile is active: "mcp"
2026-05-11 21:41:03 INFO  o.s.a.m.s.a.McpServerAutoConfiguration - Enable tools capabilities, notification: true
2026-05-11 21:41:03 INFO  o.s.a.m.s.a.McpServerAutoConfiguration - Registered tools: 5
2026-05-11 21:41:03 INFO  o.s.a.m.s.a.McpServerAutoConfiguration - Enable resources capabilities, notification: true
2026-05-11 21:41:03 INFO  o.s.a.m.s.a.McpServerAutoConfiguration - Enable prompts capabilities, notification: true
2026-05-11 21:41:03 INFO  o.s.a.m.s.a.McpServerAutoConfiguration - Enable completions capabilities
2026-05-11 21:41:03 INFO  i.m.server.McpAsyncServer - Client initialize request - Protocol: 2025-11-25, Capabilities: ClientCapabilities[experimental=null, roots=null, sampling=null], Info: Implementation[name=q-chat-plugin, version=1.0.0]
2026-05-11 21:41:03 WARN  i.m.server.McpAsyncServer - Client requested unsupported protocol version: 2025-11-25, so the server will suggest the 2024-11-05 version instead
2026-05-11 21:41:03 INFO  c.c.m.McpServerApplication - Started McpServerApplication in 0.706 seconds (process running for 0.895)
2026-05-12 00:46:57 INFO  c.c.m.McpServerApplication - Starting McpServerApplication v1.0-SNAPSHOT using Java 21.0.10 with PID 50120 (/Users/vivekpandey/Documents/Project/twdc/Mysql_mcp_server/target/mysql-mcp-server-1.0-SNAPSHOT.jar started by vivekpandey in /Users/vivekpandey/Documents/Project/twdc/Mysql_mcp_server)
2026-05-12 00:46:57 INFO  c.c.m.McpServerApplication - The following 1 profile is active: "mcp"
2026-05-12 00:47:00 INFO  o.s.a.m.s.a.McpServerAutoConfiguration - Enable tools capabilities, notification: true
2026-05-12 00:47:01 INFO  o.s.a.m.s.a.McpServerAutoConfiguration - Registered tools: 5
2026-05-12 00:47:01 INFO  o.s.a.m.s.a.McpServerAutoConfiguration - Enable resources capabilities, notification: true
2026-05-12 00:47:01 INFO  o.s.a.m.s.a.McpServerAutoConfiguration - Enable prompts capabilities, notification: true
2026-05-12 00:47:01 INFO  o.s.a.m.s.a.McpServerAutoConfiguration - Enable completions capabilities
2026-05-12 00:47:01 INFO  i.m.server.McpAsyncServer - Client initialize request - Protocol: 2025-11-25, Capabilities: ClientCapabilities[experimental=null, roots=null, sampling=null], Info: Implementation[name=q-chat-plugin, version=1.0.0]
2026-05-12 00:47:01 WARN  i.m.server.McpAsyncServer - Client requested unsupported protocol version: 2025-11-25, so the server will suggest the 2024-11-05 version instead
2026-05-12 00:47:01 INFO  c.c.m.McpServerApplication - Started McpServerApplication in 4.492 seconds (process running for 4.982)
2026-05-12 00:47:04 INFO  c.c.m.McpServerApplication - Starting McpServerApplication v1.0-SNAPSHOT using Java 21.0.10 with PID 50135 (/Users/vivekpandey/Documents/Project/twdc/Mysql_mcp_server/target/mysql-mcp-server-1.0-SNAPSHOT.jar started by vivekpandey in /Users/vivekpandey/Documents/Project/twdc/Mysql_mcp_server)
2026-05-12 00:47:04 INFO  c.c.m.McpServerApplication - The following 1 profile is active: "mcp"
2026-05-12 00:47:07 INFO  o.s.a.m.s.a.McpServerAutoConfiguration - Enable tools capabilities, notification: true
2026-05-12 00:47:07 INFO  o.s.a.m.s.a.McpServerAutoConfiguration - Registered tools: 5
2026-05-12 00:47:07 INFO  o.s.a.m.s.a.McpServerAutoConfiguration - Enable resources capabilities, notification: true
2026-05-12 00:47:07 INFO  o.s.a.m.s.a.McpServerAutoConfiguration - Enable prompts capabilities, notification: true
2026-05-12 00:47:07 INFO  o.s.a.m.s.a.McpServerAutoConfiguration - Enable completions capabilities
2026-05-12 00:47:07 INFO  i.m.server.McpAsyncServer - Client initialize request - Protocol: 2025-11-25, Capabilities: ClientCapabilities[experimental=null, roots=null, sampling=null], Info: Implementation[name=q-chat-plugin, version=1.0.0]
2026-05-12 00:47:07 WARN  i.m.server.McpAsyncServer - Client requested unsupported protocol version: 2025-11-25, so the server will suggest the 2024-11-05 version instead
2026-05-12 00:47:07 INFO  c.c.m.McpServerApplication - Started McpServerApplication in 4.641 seconds (process running for 5.908)
2026-05-12 04:45:39 INFO  c.c.m.McpServerApplication - Starting McpServerApplication v1.0-SNAPSHOT using Java 21.0.10 with PID 51002 (/Users/vivekpandey/Documents/Project/twdc/Mysql_mcp_server/target/mysql-mcp-server-1.0-SNAPSHOT.jar started by vivekpandey in /Users/vivekpandey/Documents/Project/twdc/Mysql_mcp_server)
2026-05-12 04:45:39 INFO  c.c.m.McpServerApplication - The following 1 profile is active: "mcp"
2026-05-12 04:45:42 INFO  o.s.a.m.s.a.McpServerAutoConfiguration - Enable tools capabilities, notification: true
2026-05-12 04:45:42 INFO  o.s.a.m.s.a.McpServerAutoConfiguration - Registered tools: 5
2026-05-12 04:45:42 INFO  o.s.a.m.s.a.McpServerAutoConfiguration - Enable resources capabilities, notification: true
2026-05-12 04:45:42 INFO  o.s.a.m.s.a.McpServerAutoConfiguration - Enable prompts capabilities, notification: true
2026-05-12 04:45:42 INFO  o.s.a.m.s.a.McpServerAutoConfiguration - Enable completions capabilities
2026-05-12 04:45:42 INFO  i.m.server.McpAsyncServer - Client initialize request - Protocol: 2025-11-25, Capabilities: ClientCapabilities[experimental=null, roots=null, sampling=null], Info: Implementation[name=q-chat-plugin, version=1.0.0]
2026-05-12 04:45:42 WARN  i.m.server.McpAsyncServer - Client requested unsupported protocol version: 2025-11-25, so the server will suggest the 2024-11-05 version instead
2026-05-12 04:45:42 INFO  c.c.m.McpServerApplication - Started McpServerApplication in 4.369 seconds (process running for 7.74)
2026-05-12 04:45:45 INFO  c.c.m.McpServerApplication - Starting McpServerApplication v1.0-SNAPSHOT using Java 21.0.10 with PID 51015 (/Users/vivekpandey/Documents/Project/twdc/Mysql_mcp_server/target/mysql-mcp-server-1.0-SNAPSHOT.jar started by vivekpandey in /Users/vivekpandey/Documents/Project/twdc/Mysql_mcp_server)
2026-05-12 04:45:45 INFO  c.c.m.McpServerApplication - The following 1 profile is active: "mcp"
2026-05-12 04:45:48 INFO  o.s.a.m.s.a.McpServerAutoConfiguration - Enable tools capabilities, notification: true
2026-05-12 04:45:48 INFO  o.s.a.m.s.a.McpServerAutoConfiguration - Registered tools: 5
2026-05-12 04:45:48 INFO  o.s.a.m.s.a.McpServerAutoConfiguration - Enable resources capabilities, notification: true
2026-05-12 04:45:48 INFO  o.s.a.m.s.a.McpServerAutoConfiguration - Enable prompts capabilities, notification: true
2026-05-12 04:45:48 INFO  o.s.a.m.s.a.McpServerAutoConfiguration - Enable completions capabilities
2026-05-12 04:45:49 INFO  i.m.server.McpAsyncServer - Client initialize request - Protocol: 2025-11-25, Capabilities: ClientCapabilities[experimental=null, roots=null, sampling=null], Info: Implementation[name=q-chat-plugin, version=1.0.0]
2026-05-12 04:45:49 WARN  i.m.server.McpAsyncServer - Client requested unsupported protocol version: 2025-11-25, so the server will suggest the 2024-11-05 version instead
2026-05-12 04:45:49 INFO  c.c.m.McpServerApplication - Started McpServerApplication in 5.115 seconds (process running for 6.345)
2026-05-12 08:48:37 INFO  c.c.m.McpServerApplication - Starting McpServerApplication v1.0-SNAPSHOT using Java 21.0.10 with PID 51977 (/Users/vivekpandey/Documents/Project/twdc/Mysql_mcp_server/target/mysql-mcp-server-1.0-SNAPSHOT.jar started by vivekpandey in /Users/vivekpandey/Documents/Project/twdc/Mysql_mcp_server)
2026-05-12 08:48:37 INFO  c.c.m.McpServerApplication - The following 1 profile is active: "mcp"
2026-05-12 08:48:39 INFO  o.s.a.m.s.a.McpServerAutoConfiguration - Enable tools capabilities, notification: true
2026-05-12 08:48:39 INFO  o.s.a.m.s.a.McpServerAutoConfiguration - Registered tools: 5
2026-05-12 08:48:39 INFO  o.s.a.m.s.a.McpServerAutoConfiguration - Enable resources capabilities, notification: true
2026-05-12 08:48:39 INFO  o.s.a.m.s.a.McpServerAutoConfiguration - Enable prompts capabilities, notification: true
2026-05-12 08:48:39 INFO  o.s.a.m.s.a.McpServerAutoConfiguration - Enable completions capabilities
2026-05-12 08:48:39 INFO  i.m.server.McpAsyncServer - Client initialize request - Protocol: 2025-11-25, Capabilities: ClientCapabilities[experimental=null, roots=null, sampling=null], Info: Implementation[name=q-chat-plugin, version=1.0.0]
2026-05-12 08:48:40 WARN  i.m.server.McpAsyncServer - Client requested unsupported protocol version: 2025-11-25, so the server will suggest the 2024-11-05 version instead
2026-05-12 08:48:40 INFO  c.c.m.McpServerApplication - Started McpServerApplication in 3.625 seconds (process running for 4.128)
2026-05-12 08:48:43 INFO  c.c.m.McpServerApplication - Starting McpServerApplication v1.0-SNAPSHOT using Java 21.0.10 with PID 51993 (/Users/vivekpandey/Documents/Project/twdc/Mysql_mcp_server/target/mysql-mcp-server-1.0-SNAPSHOT.jar started by vivekpandey in /Users/vivekpandey/Documents/Project/twdc/Mysql_mcp_server)
2026-05-12 08:48:43 INFO  c.c.m.McpServerApplication - The following 1 profile is active: "mcp"
2026-05-12 08:48:45 INFO  o.s.a.m.s.a.McpServerAutoConfiguration - Enable tools capabilities, notification: true
2026-05-12 08:48:45 INFO  o.s.a.m.s.a.McpServerAutoConfiguration - Registered tools: 5
2026-05-12 08:48:45 INFO  o.s.a.m.s.a.McpServerAutoConfiguration - Enable resources capabilities, notification: true
2026-05-12 08:48:45 INFO  o.s.a.m.s.a.McpServerAutoConfiguration - Enable prompts capabilities, notification: true
2026-05-12 08:48:45 INFO  o.s.a.m.s.a.McpServerAutoConfiguration - Enable completions capabilities
2026-05-12 08:48:45 INFO  i.m.server.McpAsyncServer - Client initialize request - Protocol: 2025-11-25, Capabilities: ClientCapabilities[experimental=null, roots=null, sampling=null], Info: Implementation[name=q-chat-plugin, version=1.0.0]
2026-05-12 08:48:45 WARN  i.m.server.McpAsyncServer - Client requested unsupported protocol version: 2025-11-25, so the server will suggest the 2024-11-05 version instead
2026-05-12 08:48:45 INFO  c.c.m.McpServerApplication - Started McpServerApplication in 3.805 seconds (process running for 4.941)
2026-05-12 11:00:25 INFO  c.c.m.McpServerApplication - Starting McpServerApplication v1.0-SNAPSHOT using Java 21.0.10 with PID 52717 (/Users/vivekpandey/Documents/Project/twdc/Mysql_mcp_server/target/mysql-mcp-server-1.0-SNAPSHOT.jar started by vivekpandey in /Users/vivekpandey/Documents/Project/twdc/Mysql_mcp_server)
2026-05-12 11:00:25 INFO  c.c.m.McpServerApplication - The following 1 profile is active: "mcp"
2026-05-12 11:00:26 INFO  o.s.a.m.s.a.McpServerAutoConfiguration - Enable tools capabilities, notification: true
2026-05-12 11:00:26 INFO  o.s.a.m.s.a.McpServerAutoConfiguration - Registered tools: 5
2026-05-12 11:00:26 INFO  o.s.a.m.s.a.McpServerAutoConfiguration - Enable resources capabilities, notification: true
2026-05-12 11:00:26 INFO  o.s.a.m.s.a.McpServerAutoConfiguration - Enable prompts capabilities, notification: true
2026-05-12 11:00:26 INFO  o.s.a.m.s.a.McpServerAutoConfiguration - Enable completions capabilities
2026-05-12 11:00:26 INFO  i.m.server.McpAsyncServer - Client initialize request - Protocol: 2025-11-25, Capabilities: ClientCapabilities[experimental=null, roots=null, sampling=null], Info: Implementation[name=q-chat-plugin, version=1.0.0]
2026-05-12 11:00:26 WARN  i.m.server.McpAsyncServer - Client requested unsupported protocol version: 2025-11-25, so the server will suggest the 2024-11-05 version instead
2026-05-12 11:00:26 INFO  c.c.m.McpServerApplication - Started McpServerApplication in 0.812 seconds (process running for 1.043)
2026-05-12 11:42:48 INFO  c.c.m.McpServerApplication - Starting McpServerApplication v1.0-SNAPSHOT using Java 21.0.10 with PID 53865 (/Users/vivekpandey/Documents/Project/twdc/Mysql_mcp_server/target/mysql-mcp-server-1.0-SNAPSHOT.jar started by vivekpandey in /Users/vivekpandey/Documents/Project/twdc/Mysql_mcp_server)
2026-05-12 11:42:48 INFO  c.c.m.McpServerApplication - The following 1 profile is active: "mcp"
2026-05-12 11:42:49 INFO  o.s.a.m.s.a.McpServerAutoConfiguration - Enable tools capabilities, notification: true
2026-05-12 11:42:49 INFO  o.s.a.m.s.a.McpServerAutoConfiguration - Registered tools: 5
2026-05-12 11:42:49 INFO  o.s.a.m.s.a.McpServerAutoConfiguration - Enable resources capabilities, notification: true
2026-05-12 11:42:49 INFO  o.s.a.m.s.a.McpServerAutoConfiguration - Enable prompts capabilities, notification: true
2026-05-12 11:42:49 INFO  o.s.a.m.s.a.McpServerAutoConfiguration - Enable completions capabilities
2026-05-12 11:42:49 INFO  i.m.server.McpAsyncServer - Client initialize request - Protocol: 2025-11-25, Capabilities: ClientCapabilities[experimental=null, roots=null, sampling=null], Info: Implementation[name=q-chat-plugin, version=1.0.0]
2026-05-12 11:42:49 WARN  i.m.server.McpAsyncServer - Client requested unsupported protocol version: 2025-11-25, so the server will suggest the 2024-11-05 version instead
2026-05-12 11:42:49 INFO  c.c.m.McpServerApplication - Started McpServerApplication in 0.816 seconds (process running for 1.097)
2026-05-12 12:29:49 INFO  c.c.m.McpServerApplication - Starting McpServerApplication v1.0-SNAPSHOT using Java 21.0.10 with PID 55461 (/Users/vivekpandey/Documents/Project/twdc/Mysql_mcp_server/target/mysql-mcp-server-1.0-SNAPSHOT.jar started by vivekpandey in /Users/vivekpandey/Documents/Project/twdc/Mysql_mcp_server)
2026-05-12 12:29:49 INFO  c.c.m.McpServerApplication - The following 1 profile is active: "mcp"
2026-05-12 12:29:50 INFO  o.s.a.m.s.a.McpServerAutoConfiguration - Enable tools capabilities, notification: true
2026-05-12 12:29:50 INFO  o.s.a.m.s.a.McpServerAutoConfiguration - Registered tools: 5
2026-05-12 12:29:50 INFO  o.s.a.m.s.a.McpServerAutoConfiguration - Enable resources capabilities, notification: true
2026-05-12 12:29:50 INFO  o.s.a.m.s.a.McpServerAutoConfiguration - Enable prompts capabilities, notification: true
2026-05-12 12:29:50 INFO  o.s.a.m.s.a.McpServerAutoConfiguration - Enable completions capabilities
2026-05-12 12:29:50 INFO  i.m.server.McpAsyncServer - Client initialize request - Protocol: 2025-11-25, Capabilities: ClientCapabilities[experimental=null, roots=null, sampling=null], Info: Implementation[name=q-chat-plugin, version=1.0.0]
2026-05-12 12:29:50 WARN  i.m.server.McpAsyncServer - Client requested unsupported protocol version: 2025-11-25, so the server will suggest the 2024-11-05 version instead
2026-05-12 12:29:50 INFO  c.c.m.McpServerApplication - Started McpServerApplication in 0.831 seconds (process running for 1.09)
2026-05-12 13:13:57 INFO  c.c.m.McpServerApplication - Starting McpServerApplication v1.0-SNAPSHOT using Java 21.0.10 with PID 56080 (/Users/vivekpandey/Documents/Project/twdc/Mysql_mcp_server/target/mysql-mcp-server-1.0-SNAPSHOT.jar started by vivekpandey in /Users/vivekpandey/Documents/Project/twdc/Mysql_mcp_server)
2026-05-12 13:13:57 INFO  c.c.m.McpServerApplication - The following 1 profile is active: "mcp"
2026-05-12 13:13:58 INFO  o.s.a.m.s.a.McpServerAutoConfiguration - Enable tools capabilities, notification: true
2026-05-12 13:13:58 INFO  o.s.a.m.s.a.McpServerAutoConfiguration - Registered tools: 5
2026-05-12 13:13:58 INFO  o.s.a.m.s.a.McpServerAutoConfiguration - Enable resources capabilities, notification: true
2026-05-12 13:13:58 INFO  o.s.a.m.s.a.McpServerAutoConfiguration - Enable prompts capabilities, notification: true
2026-05-12 13:13:58 INFO  o.s.a.m.s.a.McpServerAutoConfiguration - Enable completions capabilities
2026-05-12 13:13:58 INFO  i.m.server.McpAsyncServer - Client initialize request - Protocol: 2025-11-25, Capabilities: ClientCapabilities[experimental=null, roots=null, sampling=null], Info: Implementation[name=q-chat-plugin, version=1.0.0]
2026-05-12 13:13:58 WARN  i.m.server.McpAsyncServer - Client requested unsupported protocol version: 2025-11-25, so the server will suggest the 2024-11-05 version instead
2026-05-12 13:13:58 INFO  c.c.m.McpServerApplication - Started McpServerApplication in 0.701 seconds (process running for 0.901)
2026-05-12 13:26:40 INFO  c.c.m.McpServerApplication - Starting McpServerApplication v1.0-SNAPSHOT using Java 21.0.10 with PID 56503 (/Users/vivekpandey/Documents/Project/twdc/Mysql_mcp_server/target/mysql-mcp-server-1.0-SNAPSHOT.jar started by vivekpandey in /Users/vivekpandey/Documents/Project/twdc/Mysql_mcp_server)
2026-05-12 13:26:40 INFO  c.c.m.McpServerApplication - The following 1 profile is active: "mcp"
2026-05-12 13:26:40 INFO  o.s.a.m.s.a.McpServerAutoConfiguration - Enable tools capabilities, notification: true
2026-05-12 13:26:40 INFO  o.s.a.m.s.a.McpServerAutoConfiguration - Registered tools: 5
2026-05-12 13:26:40 INFO  o.s.a.m.s.a.McpServerAutoConfiguration - Enable resources capabilities, notification: true
2026-05-12 13:26:40 INFO  o.s.a.m.s.a.McpServerAutoConfiguration - Enable prompts capabilities, notification: true
2026-05-12 13:26:40 INFO  o.s.a.m.s.a.McpServerAutoConfiguration - Enable completions capabilities
2026-05-12 13:26:40 INFO  i.m.server.McpAsyncServer - Client initialize request - Protocol: 2025-11-25, Capabilities: ClientCapabilities[experimental=null, roots=null, sampling=null], Info: Implementation[name=q-chat-plugin, version=1.0.0]
2026-05-12 13:26:40 WARN  i.m.server.McpAsyncServer - Client requested unsupported protocol version: 2025-11-25, so the server will suggest the 2024-11-05 version instead
2026-05-12 13:26:41 INFO  c.c.m.McpServerApplication - Started McpServerApplication in 0.848 seconds (process running for 1.148)
2026-05-12 13:26:55 INFO  c.c.m.McpServerApplication - Starting McpServerApplication v1.0-SNAPSHOT using Java 21.0.10 with PID 56543 (/Users/vivekpandey/Documents/Project/twdc/Mysql_mcp_server/target/mysql-mcp-server-1.0-SNAPSHOT.jar started by vivekpandey in /Users/vivekpandey/Documents/Project/twdc/Mysql_mcp_server)
2026-05-12 13:26:55 INFO  c.c.m.McpServerApplication - The following 1 profile is active: "mcp"
2026-05-12 13:26:55 INFO  o.s.a.m.s.a.McpServerAutoConfiguration - Enable tools capabilities, notification: true
2026-05-12 13:26:55 INFO  o.s.a.m.s.a.McpServerAutoConfiguration - Registered tools: 5
2026-05-12 13:26:55 INFO  o.s.a.m.s.a.McpServerAutoConfiguration - Enable resources capabilities, notification: true
2026-05-12 13:26:55 INFO  o.s.a.m.s.a.McpServerAutoConfiguration - Enable prompts capabilities, notification: true
2026-05-12 13:26:55 INFO  o.s.a.m.s.a.McpServerAutoConfiguration - Enable completions capabilities
2026-05-12 13:26:55 INFO  i.m.server.McpAsyncServer - Client initialize request - Protocol: 2025-11-25, Capabilities: ClientCapabilities[experimental=null, roots=null, sampling=null], Info: Implementation[name=q-chat-plugin, version=1.0.0]
2026-05-12 13:26:55 WARN  i.m.server.McpAsyncServer - Client requested unsupported protocol version: 2025-11-25, so the server will suggest the 2024-11-05 version instead
2026-05-12 13:26:56 INFO  c.c.m.McpServerApplication - Started McpServerApplication in 1.539 seconds (process running for 1.829)
2026-05-12 13:33:29 INFO  c.c.m.McpServerApplication - Starting McpServerApplication v1.0-SNAPSHOT using Java 21.0.10 with PID 56874 (/Users/vivekpandey/Documents/Project/twdc/Mysql_mcp_server/target/mysql-mcp-server-1.0-SNAPSHOT.jar started by vivekpandey in /Users/vivekpandey/Documents/Project/twdc/Mysql_mcp_server)
2026-05-12 13:33:29 INFO  c.c.m.McpServerApplication - The following 1 profile is active: "mcp"
2026-05-12 13:33:29 INFO  o.s.a.m.s.a.McpServerAutoConfiguration - Enable tools capabilities, notification: true
2026-05-12 13:33:29 INFO  o.s.a.m.s.a.McpServerAutoConfiguration - Registered tools: 5
2026-05-12 13:33:29 INFO  o.s.a.m.s.a.McpServerAutoConfiguration - Enable resources capabilities, notification: true
2026-05-12 13:33:29 INFO  o.s.a.m.s.a.McpServerAutoConfiguration - Enable prompts capabilities, notification: true
2026-05-12 13:33:29 INFO  o.s.a.m.s.a.McpServerAutoConfiguration - Enable completions capabilities
2026-05-12 13:33:29 INFO  i.m.server.McpAsyncServer - Client initialize request - Protocol: 2025-11-25, Capabilities: ClientCapabilities[experimental=null, roots=null, sampling=null], Info: Implementation[name=q-chat-plugin, version=1.0.0]
2026-05-12 13:33:29 WARN  i.m.server.McpAsyncServer - Client requested unsupported protocol version: 2025-11-25, so the server will suggest the 2024-11-05 version instead
2026-05-12 13:33:30 INFO  c.c.m.McpServerApplication - Started McpServerApplication in 1.051 seconds (process running for 1.327)
2026-05-12 13:33:30 INFO  c.c.m.McpServerApplication - Starting McpServerApplication v1.0-SNAPSHOT using Java 21.0.10 with PID 56908 (/Users/vivekpandey/Documents/Project/twdc/Mysql_mcp_server/target/mysql-mcp-server-1.0-SNAPSHOT.jar started by vivekpandey in /Users/vivekpandey/Documents/Project/twdc/Mysql_mcp_server)
2026-05-12 13:33:30 INFO  c.c.m.McpServerApplication - The following 1 profile is active: "mcp"
2026-05-12 13:33:31 INFO  o.s.a.m.s.a.McpServerAutoConfiguration - Enable tools capabilities, notification: true
2026-05-12 13:33:31 INFO  o.s.a.m.s.a.McpServerAutoConfiguration - Registered tools: 5
2026-05-12 13:33:31 INFO  o.s.a.m.s.a.McpServerAutoConfiguration - Enable resources capabilities, notification: true
2026-05-12 13:33:31 INFO  o.s.a.m.s.a.McpServerAutoConfiguration - Enable prompts capabilities, notification: true
2026-05-12 13:33:31 INFO  o.s.a.m.s.a.McpServerAutoConfiguration - Enable completions capabilities
2026-05-12 13:33:31 INFO  i.m.server.McpAsyncServer - Client initialize request - Protocol: 2025-11-25, Capabilities: ClientCapabilities[experimental=null, roots=null, sampling=null], Info: Implementation[name=q-chat-plugin, version=1.0.0]
2026-05-12 13:33:31 WARN  i.m.server.McpAsyncServer - Client requested unsupported protocol version: 2025-11-25, so the server will suggest the 2024-11-05 version instead
2026-05-12 13:33:31 INFO  c.c.m.McpServerApplication - Started McpServerApplication in 0.963 seconds (process running for 1.175)
2026-05-12 13:33:31 INFO  c.c.m.McpServerApplication - Starting McpServerApplication v1.0-SNAPSHOT using Java 21.0.10 with PID 56936 (/Users/vivekpandey/Documents/Project/twdc/Mysql_mcp_server/target/mysql-mcp-server-1.0-SNAPSHOT.jar started by vivekpandey in /Users/vivekpandey/Documents/Project/twdc/Mysql_mcp_server)
2026-05-12 13:33:31 INFO  c.c.m.McpServerApplication - The following 1 profile is active: "mcp"
2026-05-12 13:33:32 INFO  o.s.a.m.s.a.McpServerAutoConfiguration - Enable tools capabilities, notification: true
2026-05-12 13:33:32 INFO  o.s.a.m.s.a.McpServerAutoConfiguration - Registered tools: 5
2026-05-12 13:33:32 INFO  o.s.a.m.s.a.McpServerAutoConfiguration - Enable resources capabilities, notification: true
2026-05-12 13:33:32 INFO  o.s.a.m.s.a.McpServerAutoConfiguration - Enable prompts capabilities, notification: true
2026-05-12 13:33:32 INFO  o.s.a.m.s.a.McpServerAutoConfiguration - Enable completions capabilities
2026-05-12 13:33:32 INFO  i.m.server.McpAsyncServer - Client initialize request - Protocol: 2025-11-25, Capabilities: ClientCapabilities[experimental=null, roots=null, sampling=null], Info: Implementation[name=q-chat-plugin, version=1.0.0]
2026-05-12 13:33:32 WARN  i.m.server.McpAsyncServer - Client requested unsupported protocol version: 2025-11-25, so the server will suggest the 2024-11-05 version instead
2026-05-12 13:33:32 INFO  c.c.m.McpServerApplication - Started McpServerApplication in 0.774 seconds (process running for 1.0)
2026-05-12 13:57:40 INFO  c.c.m.McpServerApplication - Starting McpServerApplication v1.0-SNAPSHOT using Java 21.0.10 with PID 59786 (/Users/vivekpandey/Documents/Project/twdc/Mysql_mcp_server/target/mysql-mcp-server-1.0-SNAPSHOT.jar started by vivekpandey in /Users/vivekpandey/Documents/Project/twdc/Mysql_mcp_server)
2026-05-12 13:57:40 INFO  c.c.m.McpServerApplication - The following 1 profile is active: "mcp"
2026-05-12 13:57:41 INFO  o.s.a.m.s.a.McpServerAutoConfiguration - Enable tools capabilities, notification: true
2026-05-12 13:57:41 INFO  o.s.a.m.s.a.McpServerAutoConfiguration - Registered tools: 5
2026-05-12 13:57:41 INFO  o.s.a.m.s.a.McpServerAutoConfiguration - Enable resources capabilities, notification: true
2026-05-12 13:57:41 INFO  o.s.a.m.s.a.McpServerAutoConfiguration - Enable prompts capabilities, notification: true
2026-05-12 13:57:41 INFO  o.s.a.m.s.a.McpServerAutoConfiguration - Enable completions capabilities
2026-05-12 13:57:41 INFO  i.m.server.McpAsyncServer - Client initialize request - Protocol: 2025-11-25, Capabilities: ClientCapabilities[experimental=null, roots=null, sampling=null], Info: Implementation[name=q-chat-plugin, version=1.0.0]
2026-05-12 13:57:41 WARN  i.m.server.McpAsyncServer - Client requested unsupported protocol version: 2025-11-25, so the server will suggest the 2024-11-05 version instead
2026-05-12 13:57:41 INFO  c.c.m.McpServerApplication - Started McpServerApplication in 0.903 seconds (process running for 1.176)
2026-05-12 14:38:20 INFO  c.c.m.McpServerApplication - Starting McpServerApplication v1.0-SNAPSHOT using Java 21.0.10 with PID 61025 (/Users/vivekpandey/Documents/Project/twdc/Mysql_mcp_server/target/mysql-mcp-server-1.0-SNAPSHOT.jar started by vivekpandey in /Users/vivekpandey/Documents/Project/twdc/Mysql_mcp_server)
2026-05-12 14:38:20 INFO  c.c.m.McpServerApplication - The following 1 profile is active: "mcp"
2026-05-12 14:38:20 INFO  o.s.a.m.s.a.McpServerAutoConfiguration - Enable tools capabilities, notification: true
2026-05-12 14:38:20 INFO  o.s.a.m.s.a.McpServerAutoConfiguration - Registered tools: 5
2026-05-12 14:38:20 INFO  o.s.a.m.s.a.McpServerAutoConfiguration - Enable resources capabilities, notification: true
2026-05-12 14:38:20 INFO  o.s.a.m.s.a.McpServerAutoConfiguration - Enable prompts capabilities, notification: true
2026-05-12 14:38:20 INFO  o.s.a.m.s.a.McpServerAutoConfiguration - Enable completions capabilities
2026-05-12 14:38:20 INFO  i.m.server.McpAsyncServer - Client initialize request - Protocol: 2025-11-25, Capabilities: ClientCapabilities[experimental=null, roots=null, sampling=null], Info: Implementation[name=q-chat-plugin, version=1.0.0]
2026-05-12 14:38:20 WARN  i.m.server.McpAsyncServer - Client requested unsupported protocol version: 2025-11-25, so the server will suggest the 2024-11-05 version instead
2026-05-12 14:38:20 INFO  c.c.m.McpServerApplication - Started McpServerApplication in 0.932 seconds (process running for 1.21)
2026-05-12 15:23:32 INFO  c.c.m.McpServerApplication - Starting McpServerApplication v1.0-SNAPSHOT using Java 21.0.10 with PID 62208 (/Users/vivekpandey/Documents/Project/twdc/Mysql_mcp_server/target/mysql-mcp-server-1.0-SNAPSHOT.jar started by vivekpandey in /Users/vivekpandey/Documents/Project/twdc/Mysql_mcp_server)
2026-05-12 15:23:32 INFO  c.c.m.McpServerApplication - The following 1 profile is active: "mcp"
2026-05-12 15:23:32 INFO  o.s.a.m.s.a.McpServerAutoConfiguration - Enable tools capabilities, notification: true
2026-05-12 15:23:32 INFO  o.s.a.m.s.a.McpServerAutoConfiguration - Registered tools: 5
2026-05-12 15:23:32 INFO  o.s.a.m.s.a.McpServerAutoConfiguration - Enable resources capabilities, notification: true
2026-05-12 15:23:32 INFO  o.s.a.m.s.a.McpServerAutoConfiguration - Enable prompts capabilities, notification: true
2026-05-12 15:23:32 INFO  o.s.a.m.s.a.McpServerAutoConfiguration - Enable completions capabilities
2026-05-12 15:23:32 INFO  i.m.server.McpAsyncServer - Client initialize request - Protocol: 2025-11-25, Capabilities: ClientCapabilities[experimental=null, roots=null, sampling=null], Info: Implementation[name=q-chat-plugin, version=1.0.0]
2026-05-12 15:23:32 WARN  i.m.server.McpAsyncServer - Client requested unsupported protocol version: 2025-11-25, so the server will suggest the 2024-11-05 version instead
2026-05-12 15:23:32 INFO  c.c.m.McpServerApplication - Started McpServerApplication in 0.741 seconds (process running for 0.935)
2026-05-12 20:58:47 INFO  c.c.m.McpServerApplication - Starting McpServerApplication v1.0-SNAPSHOT using Java 21.0.10 with PID 64332 (/Users/vivekpandey/Documents/Project/twdc/Mysql_mcp_server/target/mysql-mcp-server-1.0-SNAPSHOT.jar started by vivekpandey in /Users/vivekpandey/Documents/Project/twdc/Mysql_mcp_server)
2026-05-12 20:58:47 INFO  c.c.m.McpServerApplication - The following 1 profile is active: "mcp"
2026-05-12 20:58:47 INFO  o.s.a.m.s.a.McpServerAutoConfiguration - Enable tools capabilities, notification: true
2026-05-12 20:58:47 INFO  o.s.a.m.s.a.McpServerAutoConfiguration - Registered tools: 5
2026-05-12 20:58:47 INFO  o.s.a.m.s.a.McpServerAutoConfiguration - Enable resources capabilities, notification: true
2026-05-12 20:58:47 INFO  o.s.a.m.s.a.McpServerAutoConfiguration - Enable prompts capabilities, notification: true
2026-05-12 20:58:47 INFO  o.s.a.m.s.a.McpServerAutoConfiguration - Enable completions capabilities
2026-05-12 20:58:47 INFO  i.m.server.McpAsyncServer - Client initialize request - Protocol: 2025-11-25, Capabilities: ClientCapabilities[experimental=null, roots=null, sampling=null], Info: Implementation[name=q-chat-plugin, version=1.0.0]
2026-05-12 20:58:47 WARN  i.m.server.McpAsyncServer - Client requested unsupported protocol version: 2025-11-25, so the server will suggest the 2024-11-05 version instead
2026-05-12 20:58:47 INFO  c.c.m.McpServerApplication - Started McpServerApplication in 1.294 seconds (process running for 1.682)
2026-05-13 00:47:27 INFO  c.c.m.McpServerApplication - Starting McpServerApplication v1.0-SNAPSHOT using Java 21.0.10 with PID 65214 (/Users/vivekpandey/Documents/Project/twdc/Mysql_mcp_server/target/mysql-mcp-server-1.0-SNAPSHOT.jar started by vivekpandey in /Users/vivekpandey/Documents/Project/twdc/Mysql_mcp_server)
2026-05-13 00:47:27 INFO  c.c.m.McpServerApplication - The following 1 profile is active: "mcp"
2026-05-13 00:47:30 INFO  o.s.a.m.s.a.McpServerAutoConfiguration - Enable tools capabilities, notification: true
2026-05-13 00:47:31 INFO  o.s.a.m.s.a.McpServerAutoConfiguration - Registered tools: 5
2026-05-13 00:47:31 INFO  o.s.a.m.s.a.McpServerAutoConfiguration - Enable resources capabilities, notification: true
2026-05-13 00:47:31 INFO  o.s.a.m.s.a.McpServerAutoConfiguration - Enable prompts capabilities, notification: true
2026-05-13 00:47:31 INFO  o.s.a.m.s.a.McpServerAutoConfiguration - Enable completions capabilities
2026-05-13 00:47:31 INFO  i.m.server.McpAsyncServer - Client initialize request - Protocol: 2025-11-25, Capabilities: ClientCapabilities[experimental=null, roots=null, sampling=null], Info: Implementation[name=q-chat-plugin, version=1.0.0]
2026-05-13 00:47:31 WARN  i.m.server.McpAsyncServer - Client requested unsupported protocol version: 2025-11-25, so the server will suggest the 2024-11-05 version instead
2026-05-13 00:47:31 INFO  c.c.m.McpServerApplication - Started McpServerApplication in 9.838 seconds (process running for 16.131)
2026-05-13 06:32:32 INFO  c.c.m.McpServerApplication - Starting McpServerApplication v1.0-SNAPSHOT using Java 21.0.10 with PID 66383 (/Users/vivekpandey/Documents/Project/twdc/Mysql_mcp_server/target/mysql-mcp-server-1.0-SNAPSHOT.jar started by vivekpandey in /Users/vivekpandey/Documents/Project/twdc/Mysql_mcp_server)
2026-05-13 06:32:32 INFO  c.c.m.McpServerApplication - The following 1 profile is active: "mcp"
2026-05-13 06:32:32 INFO  o.s.a.m.s.a.McpServerAutoConfiguration - Enable tools capabilities, notification: true
2026-05-13 06:32:32 INFO  o.s.a.m.s.a.McpServerAutoConfiguration - Registered tools: 5
2026-05-13 06:32:32 INFO  o.s.a.m.s.a.McpServerAutoConfiguration - Enable resources capabilities, notification: true
2026-05-13 06:32:32 INFO  o.s.a.m.s.a.McpServerAutoConfiguration - Enable prompts capabilities, notification: true
2026-05-13 06:32:32 INFO  o.s.a.m.s.a.McpServerAutoConfiguration - Enable completions capabilities
2026-05-13 06:32:32 INFO  i.m.server.McpAsyncServer - Client initialize request - Protocol: 2025-11-25, Capabilities: ClientCapabilities[experimental=null, roots=null, sampling=null], Info: Implementation[name=q-chat-plugin, version=1.0.0]
2026-05-13 06:32:32 WARN  i.m.server.McpAsyncServer - Client requested unsupported protocol version: 2025-11-25, so the server will suggest the 2024-11-05 version instead
2026-05-13 06:32:32 INFO  c.c.m.McpServerApplication - Started McpServerApplication in 0.756 seconds (process running for 0.968)
2026-05-13 09:00:33 INFO  c.c.m.McpServerApplication - Starting McpServerApplication v1.0-SNAPSHOT using Java 21.0.10 with PID 67086 (/Users/vivekpandey/Documents/Project/twdc/Mysql_mcp_server/target/mysql-mcp-server-1.0-SNAPSHOT.jar started by vivekpandey in /Users/vivekpandey/Documents/Project/twdc/Mysql_mcp_server)
2026-05-13 09:00:33 INFO  c.c.m.McpServerApplication - The following 1 profile is active: "mcp"
2026-05-13 09:00:39 INFO  o.s.a.m.s.a.McpServerAutoConfiguration - Enable tools capabilities, notification: true
2026-05-13 09:00:39 INFO  o.s.a.m.s.a.McpServerAutoConfiguration - Registered tools: 5
2026-05-13 09:00:39 INFO  o.s.a.m.s.a.McpServerAutoConfiguration - Enable resources capabilities, notification: true
2026-05-13 09:00:39 INFO  o.s.a.m.s.a.McpServerAutoConfiguration - Enable prompts capabilities, notification: true
2026-05-13 09:00:39 INFO  o.s.a.m.s.a.McpServerAutoConfiguration - Enable completions capabilities
2026-05-13 09:00:39 INFO  i.m.server.McpAsyncServer - Client initialize request - Protocol: 2025-11-25, Capabilities: ClientCapabilities[experimental=null, roots=null, sampling=null], Info: Implementation[name=q-chat-plugin, version=1.0.0]
2026-05-13 09:00:39 WARN  i.m.server.McpAsyncServer - Client requested unsupported protocol version: 2025-11-25, so the server will suggest the 2024-11-05 version instead
2026-05-13 09:00:40 INFO  c.c.m.McpServerApplication - Started McpServerApplication in 7.006 seconds (process running for 7.439)
2026-05-13 11:15:18 INFO  c.c.m.McpServerApplication - Starting McpServerApplication v1.0-SNAPSHOT using Java 21.0.10 with PID 67633 (/Users/vivekpandey/Documents/Project/twdc/Mysql_mcp_server/target/mysql-mcp-server-1.0-SNAPSHOT.jar started by vivekpandey in /Users/vivekpandey/Documents/Project/twdc/Mysql_mcp_server)
2026-05-13 11:15:18 INFO  c.c.m.McpServerApplication - The following 1 profile is active: "mcp"
2026-05-13 11:15:19 INFO  o.s.a.m.s.a.McpServerAutoConfiguration - Enable tools capabilities, notification: true
2026-05-13 11:15:19 INFO  o.s.a.m.s.a.McpServerAutoConfiguration - Registered tools: 5
2026-05-13 11:15:19 INFO  o.s.a.m.s.a.McpServerAutoConfiguration - Enable resources capabilities, notification: true
2026-05-13 11:15:19 INFO  o.s.a.m.s.a.McpServerAutoConfiguration - Enable prompts capabilities, notification: true
2026-05-13 11:15:19 INFO  o.s.a.m.s.a.McpServerAutoConfiguration - Enable completions capabilities
2026-05-13 11:15:19 INFO  i.m.server.McpAsyncServer - Client initialize request - Protocol: 2025-11-25, Capabilities: ClientCapabilities[experimental=null, roots=null, sampling=null], Info: Implementation[name=q-chat-plugin, version=1.0.0]
2026-05-13 11:15:19 WARN  i.m.server.McpAsyncServer - Client requested unsupported protocol version: 2025-11-25, so the server will suggest the 2024-11-05 version instead
2026-05-13 11:15:19 INFO  c.c.m.McpServerApplication - Started McpServerApplication in 0.731 seconds (process running for 0.926)
2026-05-13 11:57:05 INFO  c.c.m.McpServerApplication - Starting McpServerApplication v1.0-SNAPSHOT using Java 21.0.10 with PID 69677 (/Users/vivekpandey/Documents/Project/twdc/Mysql_mcp_server/target/mysql-mcp-server-1.0-SNAPSHOT.jar started by vivekpandey in /Users/vivekpandey/Documents/Project/twdc/Mysql_mcp_server)
2026-05-13 11:57:05 INFO  c.c.m.McpServerApplication - The following 1 profile is active: "mcp"
2026-05-13 11:57:05 INFO  o.s.a.m.s.a.McpServerAutoConfiguration - Enable tools capabilities, notification: true
2026-05-13 11:57:05 INFO  o.s.a.m.s.a.McpServerAutoConfiguration - Registered tools: 5
2026-05-13 11:57:05 INFO  o.s.a.m.s.a.McpServerAutoConfiguration - Enable resources capabilities, notification: true
2026-05-13 11:57:05 INFO  o.s.a.m.s.a.McpServerAutoConfiguration - Enable prompts capabilities, notification: true
2026-05-13 11:57:05 INFO  o.s.a.m.s.a.McpServerAutoConfiguration - Enable completions capabilities
2026-05-13 11:57:05 INFO  i.m.server.McpAsyncServer - Client initialize request - Protocol: 2025-11-25, Capabilities: ClientCapabilities[experimental=null, roots=null, sampling=null], Info: Implementation[name=q-chat-plugin, version=1.0.0]
2026-05-13 11:57:05 WARN  i.m.server.McpAsyncServer - Client requested unsupported protocol version: 2025-11-25, so the server will suggest the 2024-11-05 version instead
2026-05-13 11:57:05 INFO  c.c.m.McpServerApplication - Started McpServerApplication in 0.978 seconds (process running for 1.203)
2026-05-13 12:47:47 INFO  c.c.m.McpServerApplication - Starting McpServerApplication v1.0-SNAPSHOT using Java 21.0.10 with PID 70859 (/Users/vivekpandey/Documents/Project/twdc/Mysql_mcp_server/target/mysql-mcp-server-1.0-SNAPSHOT.jar started by vivekpandey in /Users/vivekpandey/Documents/Project/twdc/Mysql_mcp_server)
2026-05-13 12:47:47 INFO  c.c.m.McpServerApplication - The following 1 profile is active: "mcp"
2026-05-13 12:47:47 INFO  o.s.a.m.s.a.McpServerAutoConfiguration - Enable tools capabilities, notification: true
2026-05-13 12:47:47 INFO  o.s.a.m.s.a.McpServerAutoConfiguration - Registered tools: 5
2026-05-13 12:47:47 INFO  o.s.a.m.s.a.McpServerAutoConfiguration - Enable resources capabilities, notification: true
2026-05-13 12:47:47 INFO  o.s.a.m.s.a.McpServerAutoConfiguration - Enable prompts capabilities, notification: true
2026-05-13 12:47:47 INFO  o.s.a.m.s.a.McpServerAutoConfiguration - Enable completions capabilities
2026-05-13 12:47:47 INFO  i.m.server.McpAsyncServer - Client initialize request - Protocol: 2025-11-25, Capabilities: ClientCapabilities[experimental=null, roots=null, sampling=null], Info: Implementation[name=q-chat-plugin, version=1.0.0]
2026-05-13 12:47:47 WARN  i.m.server.McpAsyncServer - Client requested unsupported protocol version: 2025-11-25, so the server will suggest the 2024-11-05 version instead
2026-05-13 12:47:48 INFO  c.c.m.McpServerApplication - Started McpServerApplication in 0.871 seconds (process running for 1.076)
2026-05-13 13:30:14 INFO  c.c.m.McpServerApplication - Starting McpServerApplication v1.0-SNAPSHOT using Java 21.0.10 with PID 72202 (/Users/vivekpandey/Documents/Project/twdc/Mysql_mcp_server/target/mysql-mcp-server-1.0-SNAPSHOT.jar started by vivekpandey in /Users/vivekpandey/Documents/Project/twdc/Mysql_mcp_server)
2026-05-13 13:30:14 INFO  c.c.m.McpServerApplication - The following 1 profile is active: "mcp"
2026-05-13 13:30:14 INFO  o.s.a.m.s.a.McpServerAutoConfiguration - Enable tools capabilities, notification: true
2026-05-13 13:30:15 INFO  o.s.a.m.s.a.McpServerAutoConfiguration - Registered tools: 5
2026-05-13 13:30:15 INFO  o.s.a.m.s.a.McpServerAutoConfiguration - Enable resources capabilities, notification: true
2026-05-13 13:30:15 INFO  o.s.a.m.s.a.McpServerAutoConfiguration - Enable prompts capabilities, notification: true
2026-05-13 13:30:15 INFO  o.s.a.m.s.a.McpServerAutoConfiguration - Enable completions capabilities
2026-05-13 13:30:15 INFO  i.m.server.McpAsyncServer - Client initialize request - Protocol: 2025-11-25, Capabilities: ClientCapabilities[experimental=null, roots=null, sampling=null], Info: Implementation[name=q-chat-plugin, version=1.0.0]
2026-05-13 13:30:15 WARN  i.m.server.McpAsyncServer - Client requested unsupported protocol version: 2025-11-25, so the server will suggest the 2024-11-05 version instead
2026-05-13 13:30:15 INFO  c.c.m.McpServerApplication - Started McpServerApplication in 0.975 seconds (process running for 1.22)
2026-05-13 13:33:32 INFO  c.c.m.McpServerApplication - Starting McpServerApplication v1.0-SNAPSHOT using Java 21.0.10 with PID 72371 (/Users/vivekpandey/Documents/Project/twdc/Mysql_mcp_server/target/mysql-mcp-server-1.0-SNAPSHOT.jar started by vivekpandey in /Users/vivekpandey/Documents/Project/twdc/Mysql_mcp_server)
2026-05-13 13:33:32 INFO  c.c.m.McpServerApplication - The following 1 profile is active: "mcp"
2026-05-13 13:33:32 INFO  o.s.a.m.s.a.McpServerAutoConfiguration - Enable tools capabilities, notification: true
2026-05-13 13:33:32 INFO  o.s.a.m.s.a.McpServerAutoConfiguration - Registered tools: 5
2026-05-13 13:33:32 INFO  o.s.a.m.s.a.McpServerAutoConfiguration - Enable resources capabilities, notification: true
2026-05-13 13:33:32 INFO  o.s.a.m.s.a.McpServerAutoConfiguration - Enable prompts capabilities, notification: true
2026-05-13 13:33:32 INFO  o.s.a.m.s.a.McpServerAutoConfiguration - Enable completions capabilities
2026-05-13 13:33:32 INFO  i.m.server.McpAsyncServer - Client initialize request - Protocol: 2025-11-25, Capabilities: ClientCapabilities[experimental=null, roots=null, sampling=null], Info: Implementation[name=q-chat-plugin, version=1.0.0]
2026-05-13 13:33:32 WARN  i.m.server.McpAsyncServer - Client requested unsupported protocol version: 2025-11-25, so the server will suggest the 2024-11-05 version instead
2026-05-13 13:33:32 INFO  c.c.m.McpServerApplication - Started McpServerApplication in 0.704 seconds (process running for 0.911)
2026-05-14 11:42:03 INFO  c.c.m.McpServerApplication - Starting McpServerApplication v1.0-SNAPSHOT using Java 21.0.10 with PID 40003 (/Users/vivekpandey/Documents/Project/twdc/Mysql_mcp_server/target/mysql-mcp-server-1.0-SNAPSHOT.jar started by vivekpandey in /Users/vivekpandey/Documents/Project/twdc/Mysql_mcp_server)
2026-05-14 11:42:03 INFO  c.c.m.McpServerApplication - The following 1 profile is active: "mcp"
2026-05-14 11:42:04 INFO  o.s.a.m.s.a.McpServerAutoConfiguration - Enable tools capabilities, notification: true
2026-05-14 11:42:04 INFO  o.s.a.m.s.a.McpServerAutoConfiguration - Registered tools: 5
2026-05-14 11:42:04 INFO  o.s.a.m.s.a.McpServerAutoConfiguration - Enable resources capabilities, notification: true
2026-05-14 11:42:04 INFO  o.s.a.m.s.a.McpServerAutoConfiguration - Enable prompts capabilities, notification: true
2026-05-14 11:42:04 INFO  o.s.a.m.s.a.McpServerAutoConfiguration - Enable completions capabilities
2026-05-14 11:42:04 INFO  i.m.server.McpAsyncServer - Client initialize request - Protocol: 2025-11-25, Capabilities: ClientCapabilities[experimental=null, roots=null, sampling=null], Info: Implementation[name=q-chat-plugin, version=1.0.0]
2026-05-14 11:42:04 WARN  i.m.server.McpAsyncServer - Client requested unsupported protocol version: 2025-11-25, so the server will suggest the 2024-11-05 version instead
2026-05-14 11:42:04 INFO  c.c.m.McpServerApplication - Started McpServerApplication in 1.432 seconds (process running for 2.037)
2026-05-14 11:42:05 INFO  c.c.m.McpServerApplication - Starting McpServerApplication v1.0-SNAPSHOT using Java 21.0.10 with PID 40022 (/Users/vivekpandey/Documents/Project/twdc/Mysql_mcp_server/target/mysql-mcp-server-1.0-SNAPSHOT.jar started by vivekpandey in /Users/vivekpandey/Documents/Project/twdc/Mysql_mcp_server)
2026-05-14 11:42:05 INFO  c.c.m.McpServerApplication - The following 1 profile is active: "mcp"
2026-05-14 11:42:06 INFO  o.s.a.m.s.a.McpServerAutoConfiguration - Enable tools capabilities, notification: true
2026-05-14 11:42:06 INFO  o.s.a.m.s.a.McpServerAutoConfiguration - Registered tools: 5
2026-05-14 11:42:06 INFO  o.s.a.m.s.a.McpServerAutoConfiguration - Enable resources capabilities, notification: true
2026-05-14 11:42:06 INFO  o.s.a.m.s.a.McpServerAutoConfiguration - Enable prompts capabilities, notification: true
2026-05-14 11:42:06 INFO  o.s.a.m.s.a.McpServerAutoConfiguration - Enable completions capabilities
2026-05-14 11:42:06 INFO  i.m.server.McpAsyncServer - Client initialize request - Protocol: 2025-11-25, Capabilities: ClientCapabilities[experimental=null, roots=null, sampling=null], Info: Implementation[name=q-chat-plugin, version=1.0.0]
2026-05-14 11:42:06 WARN  i.m.server.McpAsyncServer - Client requested unsupported protocol version: 2025-11-25, so the server will suggest the 2024-11-05 version instead
2026-05-14 11:42:07 INFO  c.c.m.McpServerApplication - Started McpServerApplication in 2.125 seconds (process running for 2.51)
2026-05-14 11:42:07 INFO  c.c.m.McpServerApplication - Starting McpServerApplication v1.0-SNAPSHOT using Java 21.0.10 with PID 40069 (/Users/vivekpandey/Documents/Project/twdc/Mysql_mcp_server/target/mysql-mcp-server-1.0-SNAPSHOT.jar started by vivekpandey in /Users/vivekpandey/Documents/Project/twdc/Mysql_mcp_server)
2026-05-14 11:42:07 INFO  c.c.m.McpServerApplication - The following 1 profile is active: "mcp"
2026-05-14 11:42:08 INFO  o.s.a.m.s.a.McpServerAutoConfiguration - Enable tools capabilities, notification: true
2026-05-14 11:42:08 INFO  o.s.a.m.s.a.McpServerAutoConfiguration - Registered tools: 5
2026-05-14 11:42:08 INFO  o.s.a.m.s.a.McpServerAutoConfiguration - Enable resources capabilities, notification: true
2026-05-14 11:42:08 INFO  o.s.a.m.s.a.McpServerAutoConfiguration - Enable prompts capabilities, notification: true
2026-05-14 11:42:08 INFO  o.s.a.m.s.a.McpServerAutoConfiguration - Enable completions capabilities
2026-05-14 11:42:08 INFO  i.m.server.McpAsyncServer - Client initialize request - Protocol: 2025-11-25, Capabilities: ClientCapabilities[experimental=null, roots=null, sampling=null], Info: Implementation[name=q-chat-plugin, version=1.0.0]
2026-05-14 11:42:08 WARN  i.m.server.McpAsyncServer - Client requested unsupported protocol version: 2025-11-25, so the server will suggest the 2024-11-05 version instead
2026-05-14 11:42:08 INFO  c.c.m.McpServerApplication - Started McpServerApplication in 1.253 seconds (process running for 1.708)
2026-05-14 12:27:35 INFO  c.c.m.McpServerApplication - Starting McpServerApplication v1.0-SNAPSHOT using Java 21.0.10 with PID 41077 (/Users/vivekpandey/Documents/Project/twdc/Mysql_mcp_server/target/mysql-mcp-server-1.0-SNAPSHOT.jar started by vivekpandey in /Users/vivekpandey/Documents/Project/twdc/Mysql_mcp_server)
2026-05-14 12:27:35 INFO  c.c.m.McpServerApplication - The following 1 profile is active: "mcp"
2026-05-14 12:27:36 INFO  o.s.a.m.s.a.McpServerAutoConfiguration - Enable tools capabilities, notification: true
2026-05-14 12:27:36 INFO  o.s.a.m.s.a.McpServerAutoConfiguration - Registered tools: 5
2026-05-14 12:27:36 INFO  o.s.a.m.s.a.McpServerAutoConfiguration - Enable resources capabilities, notification: true
2026-05-14 12:27:36 INFO  o.s.a.m.s.a.McpServerAutoConfiguration - Enable prompts capabilities, notification: true
2026-05-14 12:27:36 INFO  o.s.a.m.s.a.McpServerAutoConfiguration - Enable completions capabilities
2026-05-14 12:27:36 INFO  i.m.server.McpAsyncServer - Client initialize request - Protocol: 2025-11-25, Capabilities: ClientCapabilities[experimental=null, roots=null, sampling=null], Info: Implementation[name=q-chat-plugin, version=1.0.0]
2026-05-14 12:27:36 WARN  i.m.server.McpAsyncServer - Client requested unsupported protocol version: 2025-11-25, so the server will suggest the 2024-11-05 version instead
2026-05-14 12:27:36 INFO  c.c.m.McpServerApplication - Started McpServerApplication in 0.853 seconds (process running for 1.087)
2026-05-14 13:11:52 INFO  c.c.m.McpServerApplication - Starting McpServerApplication v1.0-SNAPSHOT using Java 21.0.10 with PID 42118 (/Users/vivekpandey/Documents/Project/twdc/Mysql_mcp_server/target/mysql-mcp-server-1.0-SNAPSHOT.jar started by vivekpandey in /Users/vivekpandey/Documents/Project/twdc/Mysql_mcp_server)
2026-05-14 13:11:52 INFO  c.c.m.McpServerApplication - The following 1 profile is active: "mcp"
2026-05-14 13:11:53 INFO  o.s.a.m.s.a.McpServerAutoConfiguration - Enable tools capabilities, notification: true
2026-05-14 13:11:53 INFO  o.s.a.m.s.a.McpServerAutoConfiguration - Registered tools: 5
2026-05-14 13:11:53 INFO  o.s.a.m.s.a.McpServerAutoConfiguration - Enable resources capabilities, notification: true
2026-05-14 13:11:53 INFO  o.s.a.m.s.a.McpServerAutoConfiguration - Enable prompts capabilities, notification: true
2026-05-14 13:11:53 INFO  o.s.a.m.s.a.McpServerAutoConfiguration - Enable completions capabilities
2026-05-14 13:11:53 INFO  i.m.server.McpAsyncServer - Client initialize request - Protocol: 2025-11-25, Capabilities: ClientCapabilities[experimental=null, roots=null, sampling=null], Info: Implementation[name=q-chat-plugin, version=1.0.0]
2026-05-14 13:11:53 WARN  i.m.server.McpAsyncServer - Client requested unsupported protocol version: 2025-11-25, so the server will suggest the 2024-11-05 version instead
2026-05-14 13:11:53 INFO  c.c.m.McpServerApplication - Started McpServerApplication in 0.83 seconds (process running for 1.049)
2026-05-14 13:59:37 INFO  c.c.m.McpServerApplication - Starting McpServerApplication v1.0-SNAPSHOT using Java 21.0.10 with PID 42877 (/Users/vivekpandey/Documents/Project/twdc/Mysql_mcp_server/target/mysql-mcp-server-1.0-SNAPSHOT.jar started by vivekpandey in /Users/vivekpandey/Documents/Project/twdc/Mysql_mcp_server)
2026-05-14 13:59:37 INFO  c.c.m.McpServerApplication - The following 1 profile is active: "mcp"
2026-05-14 13:59:38 INFO  o.s.a.m.s.a.McpServerAutoConfiguration - Enable tools capabilities, notification: true
2026-05-14 13:59:38 INFO  o.s.a.m.s.a.McpServerAutoConfiguration - Registered tools: 5
2026-05-14 13:59:38 INFO  o.s.a.m.s.a.McpServerAutoConfiguration - Enable resources capabilities, notification: true
2026-05-14 13:59:38 INFO  o.s.a.m.s.a.McpServerAutoConfiguration - Enable prompts capabilities, notification: true
2026-05-14 13:59:38 INFO  o.s.a.m.s.a.McpServerAutoConfiguration - Enable completions capabilities
2026-05-14 13:59:38 INFO  i.m.server.McpAsyncServer - Client initialize request - Protocol: 2025-11-25, Capabilities: ClientCapabilities[experimental=null, roots=null, sampling=null], Info: Implementation[name=q-chat-plugin, version=1.0.0]
2026-05-14 13:59:38 WARN  i.m.server.McpAsyncServer - Client requested unsupported protocol version: 2025-11-25, so the server will suggest the 2024-11-05 version instead
2026-05-14 13:59:38 INFO  c.c.m.McpServerApplication - Started McpServerApplication in 0.817 seconds (process running for 1.029)
2026-05-14 14:43:02 INFO  c.c.m.McpServerApplication - Starting McpServerApplication v1.0-SNAPSHOT using Java 21.0.10 with PID 43781 (/Users/vivekpandey/Documents/Project/twdc/Mysql_mcp_server/target/mysql-mcp-server-1.0-SNAPSHOT.jar started by vivekpandey in /Users/vivekpandey/Documents/Project/twdc/Mysql_mcp_server)
2026-05-14 14:43:02 INFO  c.c.m.McpServerApplication - The following 1 profile is active: "mcp"
2026-05-14 14:43:03 INFO  o.s.a.m.s.a.McpServerAutoConfiguration - Enable tools capabilities, notification: true
2026-05-14 14:43:03 INFO  o.s.a.m.s.a.McpServerAutoConfiguration - Registered tools: 5
2026-05-14 14:43:03 INFO  o.s.a.m.s.a.McpServerAutoConfiguration - Enable resources capabilities, notification: true
2026-05-14 14:43:03 INFO  o.s.a.m.s.a.McpServerAutoConfiguration - Enable prompts capabilities, notification: true
2026-05-14 14:43:03 INFO  o.s.a.m.s.a.McpServerAutoConfiguration - Enable completions capabilities
2026-05-14 14:43:03 INFO  i.m.server.McpAsyncServer - Client initialize request - Protocol: 2025-11-25, Capabilities: ClientCapabilities[experimental=null, roots=null, sampling=null], Info: Implementation[name=q-chat-plugin, version=1.0.0]
2026-05-14 14:43:03 WARN  i.m.server.McpAsyncServer - Client requested unsupported protocol version: 2025-11-25, so the server will suggest the 2024-11-05 version instead
2026-05-14 14:43:03 INFO  c.c.m.McpServerApplication - Started McpServerApplication in 0.826 seconds (process running for 1.045)
2026-05-14 15:24:18 INFO  c.c.m.McpServerApplication - Starting McpServerApplication v1.0-SNAPSHOT using Java 21.0.10 with PID 45509 (/Users/vivekpandey/Documents/Project/twdc/Mysql_mcp_server/target/mysql-mcp-server-1.0-SNAPSHOT.jar started by vivekpandey in /Users/vivekpandey/Documents/Project/twdc/Mysql_mcp_server)
2026-05-14 15:24:18 INFO  c.c.m.McpServerApplication - The following 1 profile is active: "mcp"
2026-05-14 15:24:18 INFO  o.s.a.m.s.a.McpServerAutoConfiguration - Enable tools capabilities, notification: true
2026-05-14 15:24:18 INFO  o.s.a.m.s.a.McpServerAutoConfiguration - Registered tools: 5
2026-05-14 15:24:18 INFO  o.s.a.m.s.a.McpServerAutoConfiguration - Enable resources capabilities, notification: true
2026-05-14 15:24:18 INFO  o.s.a.m.s.a.McpServerAutoConfiguration - Enable prompts capabilities, notification: true
2026-05-14 15:24:18 INFO  o.s.a.m.s.a.McpServerAutoConfiguration - Enable completions capabilities
2026-05-14 15:24:18 INFO  i.m.server.McpAsyncServer - Client initialize request - Protocol: 2025-11-25, Capabilities: ClientCapabilities[experimental=null, roots=null, sampling=null], Info: Implementation[name=q-chat-plugin, version=1.0.0]
2026-05-14 15:24:18 WARN  i.m.server.McpAsyncServer - Client requested unsupported protocol version: 2025-11-25, so the server will suggest the 2024-11-05 version instead
2026-05-14 15:24:18 INFO  c.c.m.McpServerApplication - Started McpServerApplication in 0.649 seconds (process running for 0.829)
2026-05-14 20:00:05 INFO  c.c.m.McpServerApplication - Starting McpServerApplication v1.0-SNAPSHOT using Java 21.0.10 with PID 47389 (/Users/vivekpandey/Documents/Project/twdc/Mysql_mcp_server/target/mysql-mcp-server-1.0-SNAPSHOT.jar started by vivekpandey in /Users/vivekpandey/Documents/Project/twdc/Mysql_mcp_server)
2026-05-14 20:00:05 INFO  c.c.m.McpServerApplication - The following 1 profile is active: "mcp"
2026-05-14 20:00:12 INFO  o.s.a.m.s.a.McpServerAutoConfiguration - Enable tools capabilities, notification: true
2026-05-14 20:00:12 INFO  o.s.a.m.s.a.McpServerAutoConfiguration - Registered tools: 5
2026-05-14 20:00:12 INFO  o.s.a.m.s.a.McpServerAutoConfiguration - Enable resources capabilities, notification: true
2026-05-14 20:00:12 INFO  o.s.a.m.s.a.McpServerAutoConfiguration - Enable prompts capabilities, notification: true
2026-05-14 20:00:12 INFO  o.s.a.m.s.a.McpServerAutoConfiguration - Enable completions capabilities
2026-05-14 20:00:12 INFO  i.m.server.McpAsyncServer - Client initialize request - Protocol: 2025-11-25, Capabilities: ClientCapabilities[experimental=null, roots=null, sampling=null], Info: Implementation[name=q-chat-plugin, version=1.0.0]
2026-05-14 20:00:12 WARN  i.m.server.McpAsyncServer - Client requested unsupported protocol version: 2025-11-25, so the server will suggest the 2024-11-05 version instead
2026-05-14 20:00:12 INFO  c.c.m.McpServerApplication - Started McpServerApplication in 7.853 seconds (process running for 8.228)
2026-05-14 21:01:24 INFO  c.c.m.McpServerApplication - Starting McpServerApplication v1.0-SNAPSHOT using Java 21.0.10 with PID 47779 (/Users/vivekpandey/Documents/Project/twdc/Mysql_mcp_server/target/mysql-mcp-server-1.0-SNAPSHOT.jar started by vivekpandey in /Users/vivekpandey/Documents/Project/twdc/Mysql_mcp_server)
2026-05-14 21:01:24 INFO  c.c.m.McpServerApplication - The following 1 profile is active: "mcp"
2026-05-14 21:01:25 INFO  o.s.a.m.s.a.McpServerAutoConfiguration - Enable tools capabilities, notification: true
2026-05-14 21:01:25 INFO  o.s.a.m.s.a.McpServerAutoConfiguration - Registered tools: 5
2026-05-14 21:01:25 INFO  o.s.a.m.s.a.McpServerAutoConfiguration - Enable resources capabilities, notification: true
2026-05-14 21:01:25 INFO  o.s.a.m.s.a.McpServerAutoConfiguration - Enable prompts capabilities, notification: true
2026-05-14 21:01:25 INFO  o.s.a.m.s.a.McpServerAutoConfiguration - Enable completions capabilities
2026-05-14 21:01:25 INFO  i.m.server.McpAsyncServer - Client initialize request - Protocol: 2025-11-25, Capabilities: ClientCapabilities[experimental=null, roots=null, sampling=null], Info: Implementation[name=q-chat-plugin, version=1.0.0]
2026-05-14 21:01:25 WARN  i.m.server.McpAsyncServer - Client requested unsupported protocol version: 2025-11-25, so the server will suggest the 2024-11-05 version instead
2026-05-14 21:01:25 INFO  c.c.m.McpServerApplication - Started McpServerApplication in 0.796 seconds (process running for 1.014)
2026-05-15 01:51:45 INFO  c.c.m.McpServerApplication - Starting McpServerApplication v1.0-SNAPSHOT using Java 21.0.10 with PID 48712 (/Users/vivekpandey/Documents/Project/twdc/Mysql_mcp_server/target/mysql-mcp-server-1.0-SNAPSHOT.jar started by vivekpandey in /Users/vivekpandey/Documents/Project/twdc/Mysql_mcp_server)
2026-05-15 01:51:45 INFO  c.c.m.McpServerApplication - The following 1 profile is active: "mcp"
2026-05-15 01:51:51 INFO  o.s.a.m.s.a.McpServerAutoConfiguration - Enable tools capabilities, notification: true
2026-05-15 01:51:52 INFO  o.s.a.m.s.a.McpServerAutoConfiguration - Registered tools: 5
2026-05-15 01:51:52 INFO  o.s.a.m.s.a.McpServerAutoConfiguration - Enable resources capabilities, notification: true
2026-05-15 01:51:52 INFO  o.s.a.m.s.a.McpServerAutoConfiguration - Enable prompts capabilities, notification: true
2026-05-15 01:51:52 INFO  o.s.a.m.s.a.McpServerAutoConfiguration - Enable completions capabilities
2026-05-15 01:51:52 INFO  i.m.server.McpAsyncServer - Client initialize request - Protocol: 2025-11-25, Capabilities: ClientCapabilities[experimental=null, roots=null, sampling=null], Info: Implementation[name=q-chat-plugin, version=1.0.0]
2026-05-15 01:51:52 WARN  i.m.server.McpAsyncServer - Client requested unsupported protocol version: 2025-11-25, so the server will suggest the 2024-11-05 version instead
2026-05-15 01:51:52 INFO  c.c.m.McpServerApplication - Started McpServerApplication in 7.033 seconds (process running for 7.324)
2026-05-15 01:51:54 INFO  c.c.m.McpServerApplication - Starting McpServerApplication v1.0-SNAPSHOT using Java 21.0.10 with PID 48737 (/Users/vivekpandey/Documents/Project/twdc/Mysql_mcp_server/target/mysql-mcp-server-1.0-SNAPSHOT.jar started by vivekpandey in /Users/vivekpandey/Documents/Project/twdc/Mysql_mcp_server)
2026-05-15 01:51:54 INFO  c.c.m.McpServerApplication - The following 1 profile is active: "mcp"
2026-05-15 01:51:57 INFO  o.s.a.m.s.a.McpServerAutoConfiguration - Enable tools capabilities, notification: true
2026-05-15 01:51:57 INFO  o.s.a.m.s.a.McpServerAutoConfiguration - Registered tools: 5
2026-05-15 01:51:57 INFO  o.s.a.m.s.a.McpServerAutoConfiguration - Enable resources capabilities, notification: true
2026-05-15 01:51:57 INFO  o.s.a.m.s.a.McpServerAutoConfiguration - Enable prompts capabilities, notification: true
2026-05-15 01:51:57 INFO  o.s.a.m.s.a.McpServerAutoConfiguration - Enable completions capabilities
2026-05-15 01:51:57 INFO  i.m.server.McpAsyncServer - Client initialize request - Protocol: 2025-11-25, Capabilities: ClientCapabilities[experimental=null, roots=null, sampling=null], Info: Implementation[name=q-chat-plugin, version=1.0.0]
2026-05-15 01:51:57 WARN  i.m.server.McpAsyncServer - Client requested unsupported protocol version: 2025-11-25, so the server will suggest the 2024-11-05 version instead
2026-05-15 01:51:58 INFO  c.c.m.McpServerApplication - Started McpServerApplication in 4.419 seconds (process running for 5.55)
2026-05-15 01:52:00 INFO  c.c.m.McpServerApplication - Starting McpServerApplication v1.0-SNAPSHOT using Java 21.0.10 with PID 48750 (/Users/vivekpandey/Documents/Project/twdc/Mysql_mcp_server/target/mysql-mcp-server-1.0-SNAPSHOT.jar started by vivekpandey in /Users/vivekpandey/Documents/Project/twdc/Mysql_mcp_server)
2026-05-15 01:52:00 INFO  c.c.m.McpServerApplication - The following 1 profile is active: "mcp"
2026-05-15 01:52:03 INFO  o.s.a.m.s.a.McpServerAutoConfiguration - Enable tools capabilities, notification: true
2026-05-15 01:52:03 INFO  o.s.a.m.s.a.McpServerAutoConfiguration - Registered tools: 5
2026-05-15 01:52:03 INFO  o.s.a.m.s.a.McpServerAutoConfiguration - Enable resources capabilities, notification: true
2026-05-15 01:52:03 INFO  o.s.a.m.s.a.McpServerAutoConfiguration - Enable prompts capabilities, notification: true
2026-05-15 01:52:03 INFO  o.s.a.m.s.a.McpServerAutoConfiguration - Enable completions capabilities
2026-05-15 01:52:03 INFO  i.m.server.McpAsyncServer - Client initialize request - Protocol: 2025-11-25, Capabilities: ClientCapabilities[experimental=null, roots=null, sampling=null], Info: Implementation[name=q-chat-plugin, version=1.0.0]
2026-05-15 01:52:03 WARN  i.m.server.McpAsyncServer - Client requested unsupported protocol version: 2025-11-25, so the server will suggest the 2024-11-05 version instead
2026-05-15 01:52:04 INFO  c.c.m.McpServerApplication - Started McpServerApplication in 4.906 seconds (process running for 5.869)
2026-05-15 05:22:25 INFO  c.c.m.McpServerApplication - Starting McpServerApplication v1.0-SNAPSHOT using Java 21.0.10 with PID 49529 (/Users/vivekpandey/Documents/Project/twdc/Mysql_mcp_server/target/mysql-mcp-server-1.0-SNAPSHOT.jar started by vivekpandey in /Users/vivekpandey/Documents/Project/twdc/Mysql_mcp_server)
2026-05-15 05:22:25 INFO  c.c.m.McpServerApplication - The following 1 profile is active: "mcp"
2026-05-15 05:22:26 INFO  o.s.a.m.s.a.McpServerAutoConfiguration - Enable tools capabilities, notification: true
2026-05-15 05:22:26 INFO  o.s.a.m.s.a.McpServerAutoConfiguration - Registered tools: 5
2026-05-15 05:22:26 INFO  o.s.a.m.s.a.McpServerAutoConfiguration - Enable resources capabilities, notification: true
2026-05-15 05:22:26 INFO  o.s.a.m.s.a.McpServerAutoConfiguration - Enable prompts capabilities, notification: true
2026-05-15 05:22:26 INFO  o.s.a.m.s.a.McpServerAutoConfiguration - Enable completions capabilities
2026-05-15 05:22:26 INFO  i.m.server.McpAsyncServer - Client initialize request - Protocol: 2025-11-25, Capabilities: ClientCapabilities[experimental=null, roots=null, sampling=null], Info: Implementation[name=q-chat-plugin, version=1.0.0]
2026-05-15 05:22:26 WARN  i.m.server.McpAsyncServer - Client requested unsupported protocol version: 2025-11-25, so the server will suggest the 2024-11-05 version instead
2026-05-15 05:22:26 INFO  c.c.m.McpServerApplication - Started McpServerApplication in 1.604 seconds (process running for 1.879)
2026-05-15 10:39:57 INFO  c.c.m.McpServerApplication - Starting McpServerApplication v1.0-SNAPSHOT using Java 21.0.10 with PID 50381 (/Users/vivekpandey/Documents/Project/twdc/Mysql_mcp_server/target/mysql-mcp-server-1.0-SNAPSHOT.jar started by vivekpandey in /Users/vivekpandey/Documents/Project/twdc/Mysql_mcp_server)
2026-05-15 10:39:57 INFO  c.c.m.McpServerApplication - The following 1 profile is active: "mcp"
2026-05-15 10:39:57 INFO  o.s.a.m.s.a.McpServerAutoConfiguration - Enable tools capabilities, notification: true
2026-05-15 10:39:57 INFO  o.s.a.m.s.a.McpServerAutoConfiguration - Registered tools: 5
2026-05-15 10:39:57 INFO  o.s.a.m.s.a.McpServerAutoConfiguration - Enable resources capabilities, notification: true
2026-05-15 10:39:57 INFO  o.s.a.m.s.a.McpServerAutoConfiguration - Enable prompts capabilities, notification: true
2026-05-15 10:39:57 INFO  o.s.a.m.s.a.McpServerAutoConfiguration - Enable completions capabilities
2026-05-15 10:39:57 INFO  i.m.server.McpAsyncServer - Client initialize request - Protocol: 2025-11-25, Capabilities: ClientCapabilities[experimental=null, roots=null, sampling=null], Info: Implementation[name=q-chat-plugin, version=1.0.0]
2026-05-15 10:39:57 WARN  i.m.server.McpAsyncServer - Client requested unsupported protocol version: 2025-11-25, so the server will suggest the 2024-11-05 version instead
2026-05-15 10:39:57 INFO  c.c.m.McpServerApplication - Started McpServerApplication in 0.957 seconds (process running for 1.203)
2026-05-15 11:22:10 INFO  c.c.m.McpServerApplication - Starting McpServerApplication v1.0-SNAPSHOT using Java 21.0.10 with PID 55606 (/Users/vivekpandey/Documents/Project/twdc/Mysql_mcp_server/target/mysql-mcp-server-1.0-SNAPSHOT.jar started by vivekpandey in /Users/vivekpandey/Documents/Project/twdc/Mysql_mcp_server)
2026-05-15 11:22:10 INFO  c.c.m.McpServerApplication - The following 1 profile is active: "mcp"
2026-05-15 11:22:11 INFO  o.s.a.m.s.a.McpServerAutoConfiguration - Enable tools capabilities, notification: true
2026-05-15 11:22:11 INFO  o.s.a.m.s.a.McpServerAutoConfiguration - Registered tools: 5
2026-05-15 11:22:11 INFO  o.s.a.m.s.a.McpServerAutoConfiguration - Enable resources capabilities, notification: true
2026-05-15 11:22:11 INFO  o.s.a.m.s.a.McpServerAutoConfiguration - Enable prompts capabilities, notification: true
2026-05-15 11:22:11 INFO  o.s.a.m.s.a.McpServerAutoConfiguration - Enable completions capabilities
2026-05-15 11:22:11 INFO  i.m.server.McpAsyncServer - Client initialize request - Protocol: 2025-11-25, Capabilities: ClientCapabilities[experimental=null, roots=null, sampling=null], Info: Implementation[name=q-chat-plugin, version=1.0.0]
2026-05-15 11:22:11 WARN  i.m.server.McpAsyncServer - Client requested unsupported protocol version: 2025-11-25, so the server will suggest the 2024-11-05 version instead
2026-05-15 11:22:11 INFO  c.c.m.McpServerApplication - Started McpServerApplication in 0.857 seconds (process running for 1.094)
2026-05-15 11:45:42 INFO  c.c.m.McpServerApplication - Starting McpServerApplication v1.0-SNAPSHOT using Java 21.0.10 with PID 2009 (/Users/vivekpandey/Documents/Project/twdc/Mysql_mcp_server/target/mysql-mcp-server-1.0-SNAPSHOT.jar started by vivekpandey in /Users/vivekpandey/Documents/Project/twdc/Mysql_mcp_server)
2026-05-15 11:45:42 INFO  c.c.m.McpServerApplication - The following 1 profile is active: "mcp"
2026-05-15 11:45:42 INFO  o.s.a.m.s.a.McpServerAutoConfiguration - Enable tools capabilities, notification: true
2026-05-15 11:45:42 INFO  o.s.a.m.s.a.McpServerAutoConfiguration - Registered tools: 5
2026-05-15 11:45:42 INFO  o.s.a.m.s.a.McpServerAutoConfiguration - Enable resources capabilities, notification: true
2026-05-15 11:45:42 INFO  o.s.a.m.s.a.McpServerAutoConfiguration - Enable prompts capabilities, notification: true
2026-05-15 11:45:42 INFO  o.s.a.m.s.a.McpServerAutoConfiguration - Enable completions capabilities
2026-05-15 11:45:43 INFO  i.m.server.McpAsyncServer - Client initialize request - Protocol: 2025-11-25, Capabilities: ClientCapabilities[experimental=null, roots=null, sampling=null], Info: Implementation[name=q-chat-plugin, version=1.0.0]
2026-05-15 11:45:43 WARN  i.m.server.McpAsyncServer - Client requested unsupported protocol version: 2025-11-25, so the server will suggest the 2024-11-05 version instead
2026-05-15 11:45:43 INFO  c.c.m.McpServerApplication - Started McpServerApplication in 1.249 seconds (process running for 1.741)
2026-05-15 11:45:43 INFO  c.c.m.McpServerApplication - Starting McpServerApplication v1.0-SNAPSHOT using Java 21.0.10 with PID 2032 (/Users/vivekpandey/Documents/Project/twdc/Mysql_mcp_server/target/mysql-mcp-server-1.0-SNAPSHOT.jar started by vivekpandey in /Users/vivekpandey/Documents/Project/twdc/Mysql_mcp_server)
2026-05-15 11:45:43 INFO  c.c.m.McpServerApplication - The following 1 profile is active: "mcp"
2026-05-15 11:45:44 INFO  o.s.a.m.s.a.McpServerAutoConfiguration - Enable tools capabilities, notification: true
2026-05-15 11:45:44 INFO  o.s.a.m.s.a.McpServerAutoConfiguration - Registered tools: 5
2026-05-15 11:45:44 INFO  o.s.a.m.s.a.McpServerAutoConfiguration - Enable resources capabilities, notification: true
2026-05-15 11:45:44 INFO  o.s.a.m.s.a.McpServerAutoConfiguration - Enable prompts capabilities, notification: true
2026-05-15 11:45:44 INFO  o.s.a.m.s.a.McpServerAutoConfiguration - Enable completions capabilities
2026-05-15 11:45:44 INFO  i.m.server.McpAsyncServer - Client initialize request - Protocol: 2025-11-25, Capabilities: ClientCapabilities[experimental=null, roots=null, sampling=null], Info: Implementation[name=q-chat-plugin, version=1.0.0]
2026-05-15 11:45:44 WARN  i.m.server.McpAsyncServer - Client requested unsupported protocol version: 2025-11-25, so the server will suggest the 2024-11-05 version instead
2026-05-15 11:45:44 INFO  c.c.m.McpServerApplication - Started McpServerApplication in 1.039 seconds (process running for 1.286)
2026-05-15 11:45:45 INFO  c.c.m.McpServerApplication - Starting McpServerApplication v1.0-SNAPSHOT using Java 21.0.10 with PID 2053 (/Users/vivekpandey/Documents/Project/twdc/Mysql_mcp_server/target/mysql-mcp-server-1.0-SNAPSHOT.jar started by vivekpandey in /Users/vivekpandey/Documents/Project/twdc/Mysql_mcp_server)
2026-05-15 11:45:45 INFO  c.c.m.McpServerApplication - The following 1 profile is active: "mcp"
2026-05-15 11:45:45 INFO  o.s.a.m.s.a.McpServerAutoConfiguration - Enable tools capabilities, notification: true
2026-05-15 11:45:46 INFO  o.s.a.m.s.a.McpServerAutoConfiguration - Registered tools: 5
2026-05-15 11:45:46 INFO  o.s.a.m.s.a.McpServerAutoConfiguration - Enable resources capabilities, notification: true
2026-05-15 11:45:46 INFO  o.s.a.m.s.a.McpServerAutoConfiguration - Enable prompts capabilities, notification: true
2026-05-15 11:45:46 INFO  o.s.a.m.s.a.McpServerAutoConfiguration - Enable completions capabilities
2026-05-15 11:45:46 INFO  i.m.server.McpAsyncServer - Client initialize request - Protocol: 2025-11-25, Capabilities: ClientCapabilities[experimental=null, roots=null, sampling=null], Info: Implementation[name=q-chat-plugin, version=1.0.0]
2026-05-15 11:45:46 WARN  i.m.server.McpAsyncServer - Client requested unsupported protocol version: 2025-11-25, so the server will suggest the 2024-11-05 version instead
2026-05-15 11:45:46 INFO  c.c.m.McpServerApplication - Started McpServerApplication in 1.259 seconds (process running for 1.654)
2026-05-15 11:45:46 INFO  c.c.m.McpServerApplication - Starting McpServerApplication v1.0-SNAPSHOT using Java 21.0.10 with PID 2090 (/Users/vivekpandey/Documents/Project/twdc/Mysql_mcp_server/target/mysql-mcp-server-1.0-SNAPSHOT.jar started by vivekpandey in /Users/vivekpandey/Documents/Project/twdc/Mysql_mcp_server)
2026-05-15 11:45:46 INFO  c.c.m.McpServerApplication - The following 1 profile is active: "mcp"
2026-05-15 11:45:47 INFO  o.s.a.m.s.a.McpServerAutoConfiguration - Enable tools capabilities, notification: true
2026-05-15 11:45:47 INFO  o.s.a.m.s.a.McpServerAutoConfiguration - Registered tools: 5
2026-05-15 11:45:47 INFO  o.s.a.m.s.a.McpServerAutoConfiguration - Enable resources capabilities, notification: true
2026-05-15 11:45:47 INFO  o.s.a.m.s.a.McpServerAutoConfiguration - Enable prompts capabilities, notification: true
2026-05-15 11:45:47 INFO  o.s.a.m.s.a.McpServerAutoConfiguration - Enable completions capabilities
2026-05-15 11:45:47 INFO  i.m.server.McpAsyncServer - Client initialize request - Protocol: 2025-11-25, Capabilities: ClientCapabilities[experimental=null, roots=null, sampling=null], Info: Implementation[name=q-chat-plugin, version=1.0.0]
2026-05-15 11:45:47 WARN  i.m.server.McpAsyncServer - Client requested unsupported protocol version: 2025-11-25, so the server will suggest the 2024-11-05 version instead
2026-05-15 11:45:47 INFO  c.c.m.McpServerApplication - Started McpServerApplication in 0.788 seconds (process running for 1.003)
2026-05-15 11:45:47 INFO  c.c.m.McpServerApplication - Starting McpServerApplication v1.0-SNAPSHOT using Java 21.0.10 with PID 2135 (/Users/vivekpandey/Documents/Project/twdc/Mysql_mcp_server/target/mysql-mcp-server-1.0-SNAPSHOT.jar started by vivekpandey in /Users/vivekpandey/Documents/Project/twdc/Mysql_mcp_server)
2026-05-15 11:45:47 INFO  c.c.m.McpServerApplication - The following 1 profile is active: "mcp"
2026-05-15 11:45:48 INFO  o.s.a.m.s.a.McpServerAutoConfiguration - Enable tools capabilities, notification: true
2026-05-15 11:45:48 INFO  o.s.a.m.s.a.McpServerAutoConfiguration - Registered tools: 5
2026-05-15 11:45:48 INFO  o.s.a.m.s.a.McpServerAutoConfiguration - Enable resources capabilities, notification: true
2026-05-15 11:45:48 INFO  o.s.a.m.s.a.McpServerAutoConfiguration - Enable prompts capabilities, notification: true
2026-05-15 11:45:48 INFO  o.s.a.m.s.a.McpServerAutoConfiguration - Enable completions capabilities
2026-05-15 11:45:48 INFO  i.m.server.McpAsyncServer - Client initialize request - Protocol: 2025-11-25, Capabilities: ClientCapabilities[experimental=null, roots=null, sampling=null], Info: Implementation[name=q-chat-plugin, version=1.0.0]
2026-05-15 11:45:48 WARN  i.m.server.McpAsyncServer - Client requested unsupported protocol version: 2025-11-25, so the server will suggest the 2024-11-05 version instead
2026-05-15 11:45:48 INFO  c.c.m.McpServerApplication - Started McpServerApplication in 0.662 seconds (process running for 0.85)
2026-05-15 12:05:01 INFO  c.c.m.McpServerApplication - Starting McpServerApplication v1.0-SNAPSHOT using Java 21.0.10 with PID 5086 (/Users/vivekpandey/Documents/Project/twdc/Mysql_mcp_server/target/mysql-mcp-server-1.0-SNAPSHOT.jar started by vivekpandey in /Users/vivekpandey/Documents/Project/twdc/Mysql_mcp_server)
2026-05-15 12:05:01 INFO  c.c.m.McpServerApplication - The following 1 profile is active: "mcp"
2026-05-15 12:05:02 INFO  o.s.a.m.s.a.McpServerAutoConfiguration - Enable tools capabilities, notification: true
2026-05-15 12:05:02 INFO  o.s.a.m.s.a.McpServerAutoConfiguration - Registered tools: 5
2026-05-15 12:05:02 INFO  o.s.a.m.s.a.McpServerAutoConfiguration - Enable resources capabilities, notification: true
2026-05-15 12:05:02 INFO  o.s.a.m.s.a.McpServerAutoConfiguration - Enable prompts capabilities, notification: true
2026-05-15 12:05:02 INFO  o.s.a.m.s.a.McpServerAutoConfiguration - Enable completions capabilities
2026-05-15 12:05:02 INFO  i.m.server.McpAsyncServer - Client initialize request - Protocol: 2025-11-25, Capabilities: ClientCapabilities[experimental=null, roots=null, sampling=null], Info: Implementation[name=q-chat-plugin, version=1.0.0]
2026-05-15 12:05:02 WARN  i.m.server.McpAsyncServer - Client requested unsupported protocol version: 2025-11-25, so the server will suggest the 2024-11-05 version instead
2026-05-15 12:05:02 INFO  c.c.m.McpServerApplication - Started McpServerApplication in 0.819 seconds (process running for 1.051)
2026-05-15 12:46:44 INFO  c.c.m.McpServerApplication - Starting McpServerApplication v1.0-SNAPSHOT using Java 21.0.10 with PID 6390 (/Users/vivekpandey/Documents/Project/twdc/Mysql_mcp_server/target/mysql-mcp-server-1.0-SNAPSHOT.jar started by vivekpandey in /Users/vivekpandey/Documents/Project/twdc/Mysql_mcp_server)
2026-05-15 12:46:44 INFO  c.c.m.McpServerApplication - The following 1 profile is active: "mcp"
2026-05-15 12:46:44 INFO  o.s.a.m.s.a.McpServerAutoConfiguration - Enable tools capabilities, notification: true
2026-05-15 12:46:44 INFO  o.s.a.m.s.a.McpServerAutoConfiguration - Registered tools: 5
2026-05-15 12:46:44 INFO  o.s.a.m.s.a.McpServerAutoConfiguration - Enable resources capabilities, notification: true
2026-05-15 12:46:44 INFO  o.s.a.m.s.a.McpServerAutoConfiguration - Enable prompts capabilities, notification: true
2026-05-15 12:46:44 INFO  o.s.a.m.s.a.McpServerAutoConfiguration - Enable completions capabilities
2026-05-15 12:46:44 INFO  i.m.server.McpAsyncServer - Client initialize request - Protocol: 2025-11-25, Capabilities: ClientCapabilities[experimental=null, roots=null, sampling=null], Info: Implementation[name=q-chat-plugin, version=1.0.0]
2026-05-15 12:46:44 WARN  i.m.server.McpAsyncServer - Client requested unsupported protocol version: 2025-11-25, so the server will suggest the 2024-11-05 version instead
2026-05-15 12:46:45 INFO  c.c.m.McpServerApplication - Started McpServerApplication in 0.662 seconds (process running for 0.843)
2026-05-15 13:52:45 INFO  c.c.m.McpServerApplication - Starting McpServerApplication v1.0-SNAPSHOT using Java 21.0.10 with PID 7154 (/Users/vivekpandey/Documents/Project/twdc/Mysql_mcp_server/target/mysql-mcp-server-1.0-SNAPSHOT.jar started by vivekpandey in /Users/vivekpandey/Documents/Project/twdc/Mysql_mcp_server)
2026-05-15 13:52:45 INFO  c.c.m.McpServerApplication - The following 1 profile is active: "mcp"
2026-05-15 13:52:46 INFO  o.s.a.m.s.a.McpServerAutoConfiguration - Enable tools capabilities, notification: true
2026-05-15 13:52:46 INFO  o.s.a.m.s.a.McpServerAutoConfiguration - Registered tools: 5
2026-05-15 13:52:46 INFO  o.s.a.m.s.a.McpServerAutoConfiguration - Enable resources capabilities, notification: true
2026-05-15 13:52:46 INFO  o.s.a.m.s.a.McpServerAutoConfiguration - Enable prompts capabilities, notification: true
2026-05-15 13:52:46 INFO  o.s.a.m.s.a.McpServerAutoConfiguration - Enable completions capabilities
2026-05-15 13:52:46 INFO  i.m.server.McpAsyncServer - Client initialize request - Protocol: 2025-11-25, Capabilities: ClientCapabilities[experimental=null, roots=null, sampling=null], Info: Implementation[name=q-chat-plugin, version=1.0.0]
2026-05-15 13:52:46 WARN  i.m.server.McpAsyncServer - Client requested unsupported protocol version: 2025-11-25, so the server will suggest the 2024-11-05 version instead
2026-05-15 13:52:46 INFO  c.c.m.McpServerApplication - Started McpServerApplication in 0.86 seconds (process running for 1.085)
2026-05-15 14:36:36 INFO  c.c.m.McpServerApplication - Starting McpServerApplication v1.0-SNAPSHOT using Java 21.0.10 with PID 8122 (/Users/vivekpandey/Documents/Project/twdc/Mysql_mcp_server/target/mysql-mcp-server-1.0-SNAPSHOT.jar started by vivekpandey in /Users/vivekpandey/Documents/Project/twdc/Mysql_mcp_server)
2026-05-15 14:36:36 INFO  c.c.m.McpServerApplication - The following 1 profile is active: "mcp"
2026-05-15 14:36:36 INFO  o.s.a.m.s.a.McpServerAutoConfiguration - Enable tools capabilities, notification: true
2026-05-15 14:36:37 INFO  o.s.a.m.s.a.McpServerAutoConfiguration - Registered tools: 5
2026-05-15 14:36:37 INFO  o.s.a.m.s.a.McpServerAutoConfiguration - Enable resources capabilities, notification: true
2026-05-15 14:36:37 INFO  o.s.a.m.s.a.McpServerAutoConfiguration - Enable prompts capabilities, notification: true
2026-05-15 14:36:37 INFO  o.s.a.m.s.a.McpServerAutoConfiguration - Enable completions capabilities
2026-05-15 14:36:37 INFO  i.m.server.McpAsyncServer - Client initialize request - Protocol: 2025-11-25, Capabilities: ClientCapabilities[experimental=null, roots=null, sampling=null], Info: Implementation[name=q-chat-plugin, version=1.0.0]
2026-05-15 14:36:37 WARN  i.m.server.McpAsyncServer - Client requested unsupported protocol version: 2025-11-25, so the server will suggest the 2024-11-05 version instead
2026-05-15 14:36:37 INFO  c.c.m.McpServerApplication - Started McpServerApplication in 0.807 seconds (process running for 1.028)
2026-05-15 15:37:15 INFO  c.c.m.McpServerApplication - Starting McpServerApplication v1.0-SNAPSHOT using Java 21.0.10 with PID 9097 (/Users/vivekpandey/Documents/Project/twdc/Mysql_mcp_server/target/mysql-mcp-server-1.0-SNAPSHOT.jar started by vivekpandey in /Users/vivekpandey/Documents/Project/twdc/Mysql_mcp_server)
2026-05-15 15:37:15 INFO  c.c.m.McpServerApplication - The following 1 profile is active: "mcp"
2026-05-15 15:37:16 INFO  o.s.a.m.s.a.McpServerAutoConfiguration - Enable tools capabilities, notification: true
2026-05-15 15:37:16 INFO  o.s.a.m.s.a.McpServerAutoConfiguration - Registered tools: 5
2026-05-15 15:37:16 INFO  o.s.a.m.s.a.McpServerAutoConfiguration - Enable resources capabilities, notification: true
2026-05-15 15:37:16 INFO  o.s.a.m.s.a.McpServerAutoConfiguration - Enable prompts capabilities, notification: true
2026-05-15 15:37:16 INFO  o.s.a.m.s.a.McpServerAutoConfiguration - Enable completions capabilities
2026-05-15 15:37:16 INFO  i.m.server.McpAsyncServer - Client initialize request - Protocol: 2025-11-25, Capabilities: ClientCapabilities[experimental=null, roots=null, sampling=null], Info: Implementation[name=q-chat-plugin, version=1.0.0]
2026-05-15 15:37:16 WARN  i.m.server.McpAsyncServer - Client requested unsupported protocol version: 2025-11-25, so the server will suggest the 2024-11-05 version instead
2026-05-15 15:37:16 INFO  c.c.m.McpServerApplication - Started McpServerApplication in 0.837 seconds (process running for 1.052)
2026-05-15 16:17:34 INFO  c.c.m.McpServerApplication - Starting McpServerApplication v1.0-SNAPSHOT using Java 21.0.10 with PID 10268 (/Users/vivekpandey/Documents/Project/twdc/Mysql_mcp_server/target/mysql-mcp-server-1.0-SNAPSHOT.jar started by vivekpandey in /Users/vivekpandey/Documents/Project/twdc/Mysql_mcp_server)
2026-05-15 16:17:34 INFO  c.c.m.McpServerApplication - The following 1 profile is active: "mcp"
2026-05-15 16:17:34 INFO  o.s.a.m.s.a.McpServerAutoConfiguration - Enable tools capabilities, notification: true
2026-05-15 16:17:34 INFO  o.s.a.m.s.a.McpServerAutoConfiguration - Registered tools: 5
2026-05-15 16:17:34 INFO  o.s.a.m.s.a.McpServerAutoConfiguration - Enable resources capabilities, notification: true
2026-05-15 16:17:34 INFO  o.s.a.m.s.a.McpServerAutoConfiguration - Enable prompts capabilities, notification: true
2026-05-15 16:17:34 INFO  o.s.a.m.s.a.McpServerAutoConfiguration - Enable completions capabilities
2026-05-15 16:17:34 INFO  i.m.server.McpAsyncServer - Client initialize request - Protocol: 2025-11-25, Capabilities: ClientCapabilities[experimental=null, roots=null, sampling=null], Info: Implementation[name=q-chat-plugin, version=1.0.0]
2026-05-15 16:17:34 WARN  i.m.server.McpAsyncServer - Client requested unsupported protocol version: 2025-11-25, so the server will suggest the 2024-11-05 version instead
2026-05-15 16:17:35 INFO  c.c.m.McpServerApplication - Started McpServerApplication in 0.784 seconds (process running for 0.988)
2026-05-15 18:41:20 INFO  c.c.m.McpServerApplication - Starting McpServerApplication v1.0-SNAPSHOT using Java 21.0.10 with PID 11519 (/Users/vivekpandey/Documents/Project/twdc/Mysql_mcp_server/target/mysql-mcp-server-1.0-SNAPSHOT.jar started by vivekpandey in /Users/vivekpandey/Documents/Project/twdc/Mysql_mcp_server)
2026-05-15 18:41:20 INFO  c.c.m.McpServerApplication - The following 1 profile is active: "mcp"
2026-05-15 18:41:21 INFO  o.s.a.m.s.a.McpServerAutoConfiguration - Enable tools capabilities, notification: true
2026-05-15 18:41:21 INFO  o.s.a.m.s.a.McpServerAutoConfiguration - Registered tools: 5
2026-05-15 18:41:21 INFO  o.s.a.m.s.a.McpServerAutoConfiguration - Enable resources capabilities, notification: true
2026-05-15 18:41:21 INFO  o.s.a.m.s.a.McpServerAutoConfiguration - Enable prompts capabilities, notification: true
2026-05-15 18:41:21 INFO  o.s.a.m.s.a.McpServerAutoConfiguration - Enable completions capabilities
2026-05-15 18:41:21 INFO  i.m.server.McpAsyncServer - Client initialize request - Protocol: 2025-11-25, Capabilities: ClientCapabilities[experimental=null, roots=null, sampling=null], Info: Implementation[name=q-chat-plugin, version=1.0.0]
2026-05-15 18:41:21 WARN  i.m.server.McpAsyncServer - Client requested unsupported protocol version: 2025-11-25, so the server will suggest the 2024-11-05 version instead
2026-05-15 18:41:21 INFO  c.c.m.McpServerApplication - Started McpServerApplication in 0.801 seconds (process running for 1.018)
2026-05-15 19:24:41 INFO  c.c.m.McpServerApplication - Starting McpServerApplication v1.0-SNAPSHOT using Java 21.0.10 with PID 13656 (/Users/vivekpandey/Documents/Project/twdc/Mysql_mcp_server/target/mysql-mcp-server-1.0-SNAPSHOT.jar started by vivekpandey in /Users/vivekpandey/Documents/Project/twdc/Mysql_mcp_server)
2026-05-15 19:24:41 INFO  c.c.m.McpServerApplication - The following 1 profile is active: "mcp"
2026-05-15 19:24:41 INFO  o.s.a.m.s.a.McpServerAutoConfiguration - Enable tools capabilities, notification: true
2026-05-15 19:24:41 INFO  o.s.a.m.s.a.McpServerAutoConfiguration - Registered tools: 5
2026-05-15 19:24:41 INFO  o.s.a.m.s.a.McpServerAutoConfiguration - Enable resources capabilities, notification: true
2026-05-15 19:24:41 INFO  o.s.a.m.s.a.McpServerAutoConfiguration - Enable prompts capabilities, notification: true
2026-05-15 19:24:41 INFO  o.s.a.m.s.a.McpServerAutoConfiguration - Enable completions capabilities
2026-05-15 19:24:41 INFO  i.m.server.McpAsyncServer - Client initialize request - Protocol: 2025-11-25, Capabilities: ClientCapabilities[experimental=null, roots=null, sampling=null], Info: Implementation[name=q-chat-plugin, version=1.0.0]
2026-05-15 19:24:41 WARN  i.m.server.McpAsyncServer - Client requested unsupported protocol version: 2025-11-25, so the server will suggest the 2024-11-05 version instead
2026-05-15 19:24:41 INFO  c.c.m.McpServerApplication - Started McpServerApplication in 0.807 seconds (process running for 1.031)
2026-05-15 20:17:18 INFO  c.c.m.McpServerApplication - Starting McpServerApplication v1.0-SNAPSHOT using Java 21.0.10 with PID 14751 (/Users/vivekpandey/Documents/Project/twdc/Mysql_mcp_server/target/mysql-mcp-server-1.0-SNAPSHOT.jar started by vivekpandey in /Users/vivekpandey/Documents/Project/twdc/Mysql_mcp_server)
2026-05-15 20:17:18 INFO  c.c.m.McpServerApplication - The following 1 profile is active: "mcp"
2026-05-15 20:17:18 INFO  o.s.a.m.s.a.McpServerAutoConfiguration - Enable tools capabilities, notification: true
2026-05-15 20:17:18 INFO  o.s.a.m.s.a.McpServerAutoConfiguration - Registered tools: 5
2026-05-15 20:17:18 INFO  o.s.a.m.s.a.McpServerAutoConfiguration - Enable resources capabilities, notification: true
2026-05-15 20:17:18 INFO  o.s.a.m.s.a.McpServerAutoConfiguration - Enable prompts capabilities, notification: true
2026-05-15 20:17:18 INFO  o.s.a.m.s.a.McpServerAutoConfiguration - Enable completions capabilities
2026-05-15 20:17:18 INFO  i.m.server.McpAsyncServer - Client initialize request - Protocol: 2025-11-25, Capabilities: ClientCapabilities[experimental=null, roots=null, sampling=null], Info: Implementation[name=q-chat-plugin, version=1.0.0]
2026-05-15 20:17:18 WARN  i.m.server.McpAsyncServer - Client requested unsupported protocol version: 2025-11-25, so the server will suggest the 2024-11-05 version instead
2026-05-15 20:17:18 INFO  c.c.m.McpServerApplication - Started McpServerApplication in 0.783 seconds (process running for 0.984)
2026-05-16 03:05:05 INFO  c.c.m.McpServerApplication - Starting McpServerApplication v1.0-SNAPSHOT using Java 21.0.10 with PID 16850 (/Users/vivekpandey/Documents/Project/twdc/Mysql_mcp_server/target/mysql-mcp-server-1.0-SNAPSHOT.jar started by vivekpandey in /Users/vivekpandey/Documents/Project/twdc/Mysql_mcp_server)
2026-05-16 03:05:05 INFO  c.c.m.McpServerApplication - The following 1 profile is active: "mcp"
2026-05-16 03:05:08 INFO  o.s.a.m.s.a.McpServerAutoConfiguration - Enable tools capabilities, notification: true
2026-05-16 03:05:08 INFO  o.s.a.m.s.a.McpServerAutoConfiguration - Registered tools: 5
2026-05-16 03:05:08 INFO  o.s.a.m.s.a.McpServerAutoConfiguration - Enable resources capabilities, notification: true
2026-05-16 03:05:08 INFO  o.s.a.m.s.a.McpServerAutoConfiguration - Enable prompts capabilities, notification: true
2026-05-16 03:05:08 INFO  o.s.a.m.s.a.McpServerAutoConfiguration - Enable completions capabilities
2026-05-16 03:05:08 INFO  i.m.server.McpAsyncServer - Client initialize request - Protocol: 2025-11-25, Capabilities: ClientCapabilities[experimental=null, roots=null, sampling=null], Info: Implementation[name=q-chat-plugin, version=1.0.0]
2026-05-16 03:05:08 WARN  i.m.server.McpAsyncServer - Client requested unsupported protocol version: 2025-11-25, so the server will suggest the 2024-11-05 version instead
2026-05-16 03:05:08 INFO  c.c.m.McpServerApplication - Started McpServerApplication in 3.851 seconds (process running for 4.234)
2026-05-16 03:05:11 INFO  c.c.m.McpServerApplication - Starting McpServerApplication v1.0-SNAPSHOT using Java 21.0.10 with PID 16875 (/Users/vivekpandey/Documents/Project/twdc/Mysql_mcp_server/target/mysql-mcp-server-1.0-SNAPSHOT.jar started by vivekpandey in /Users/vivekpandey/Documents/Project/twdc/Mysql_mcp_server)
2026-05-16 03:05:11 INFO  c.c.m.McpServerApplication - The following 1 profile is active: "mcp"
2026-05-16 03:05:14 INFO  o.s.a.m.s.a.McpServerAutoConfiguration - Enable tools capabilities, notification: true
2026-05-16 03:05:14 INFO  o.s.a.m.s.a.McpServerAutoConfiguration - Registered tools: 5
2026-05-16 03:05:14 INFO  o.s.a.m.s.a.McpServerAutoConfiguration - Enable resources capabilities, notification: true
2026-05-16 03:05:14 INFO  o.s.a.m.s.a.McpServerAutoConfiguration - Enable prompts capabilities, notification: true
2026-05-16 03:05:14 INFO  o.s.a.m.s.a.McpServerAutoConfiguration - Enable completions capabilities
2026-05-16 03:05:14 INFO  i.m.server.McpAsyncServer - Client initialize request - Protocol: 2025-11-25, Capabilities: ClientCapabilities[experimental=null, roots=null, sampling=null], Info: Implementation[name=q-chat-plugin, version=1.0.0]
2026-05-16 03:05:14 WARN  i.m.server.McpAsyncServer - Client requested unsupported protocol version: 2025-11-25, so the server will suggest the 2024-11-05 version instead
2026-05-16 03:05:14 INFO  c.c.m.McpServerApplication - Started McpServerApplication in 4.245 seconds (process running for 5.544)
2026-05-16 03:05:16 INFO  c.c.m.McpServerApplication - Starting McpServerApplication v1.0-SNAPSHOT using Java 21.0.10 with PID 16886 (/Users/vivekpandey/Documents/Project/twdc/Mysql_mcp_server/target/mysql-mcp-server-1.0-SNAPSHOT.jar started by vivekpandey in /Users/vivekpandey/Documents/Project/twdc/Mysql_mcp_server)
2026-05-16 03:05:16 INFO  c.c.m.McpServerApplication - The following 1 profile is active: "mcp"
2026-05-16 03:05:19 INFO  o.s.a.m.s.a.McpServerAutoConfiguration - Enable tools capabilities, notification: true
2026-05-16 03:05:19 INFO  o.s.a.m.s.a.McpServerAutoConfiguration - Registered tools: 5
2026-05-16 03:05:19 INFO  o.s.a.m.s.a.McpServerAutoConfiguration - Enable resources capabilities, notification: true
2026-05-16 03:05:19 INFO  o.s.a.m.s.a.McpServerAutoConfiguration - Enable prompts capabilities, notification: true
2026-05-16 03:05:19 INFO  o.s.a.m.s.a.McpServerAutoConfiguration - Enable completions capabilities
2026-05-16 03:05:19 INFO  i.m.server.McpAsyncServer - Client initialize request - Protocol: 2025-11-25, Capabilities: ClientCapabilities[experimental=null, roots=null, sampling=null], Info: Implementation[name=q-chat-plugin, version=1.0.0]
2026-05-16 03:05:19 WARN  i.m.server.McpAsyncServer - Client requested unsupported protocol version: 2025-11-25, so the server will suggest the 2024-11-05 version instead
2026-05-16 03:05:19 INFO  c.c.m.McpServerApplication - Started McpServerApplication in 4.155 seconds (process running for 5.156)
2026-05-16 06:34:27 INFO  c.c.m.McpServerApplication - Starting McpServerApplication v1.0-SNAPSHOT using Java 21.0.10 with PID 18000 (/Users/vivekpandey/Documents/Project/twdc/Mysql_mcp_server/target/mysql-mcp-server-1.0-SNAPSHOT.jar started by vivekpandey in /Users/vivekpandey/Documents/Project/twdc/Mysql_mcp_server)
2026-05-16 06:34:27 INFO  c.c.m.McpServerApplication - The following 1 profile is active: "mcp"
2026-05-16 06:50:04 INFO  o.s.a.m.s.a.McpServerAutoConfiguration - Enable tools capabilities, notification: true
2026-05-16 06:50:04 INFO  o.s.a.m.s.a.McpServerAutoConfiguration - Registered tools: 5
2026-05-16 06:50:04 INFO  o.s.a.m.s.a.McpServerAutoConfiguration - Enable resources capabilities, notification: true
2026-05-16 06:50:04 INFO  o.s.a.m.s.a.McpServerAutoConfiguration - Enable prompts capabilities, notification: true
2026-05-16 06:50:04 INFO  o.s.a.m.s.a.McpServerAutoConfiguration - Enable completions capabilities
2026-05-16 06:50:04 INFO  i.m.server.McpAsyncServer - Client initialize request - Protocol: 2025-11-25, Capabilities: ClientCapabilities[experimental=null, roots=null, sampling=null], Info: Implementation[name=q-chat-plugin, version=1.0.0]
2026-05-16 06:50:04 WARN  i.m.server.McpAsyncServer - Client requested unsupported protocol version: 2025-11-25, so the server will suggest the 2024-11-05 version instead
2026-05-16 06:50:04 ERROR i.m.spec.McpServerSession - No handler registered for notification method: notifications/cancelled
2026-05-16 06:50:04 INFO  c.c.m.McpServerApplication - Started McpServerApplication in 937.213 seconds (process running for 1.435)
2026-05-16 10:29:02 INFO  c.c.m.McpServerApplication - Starting McpServerApplication v1.0-SNAPSHOT using Java 21.0.10 with PID 19121 (/Users/vivekpandey/Documents/Project/twdc/Mysql_mcp_server/target/mysql-mcp-server-1.0-SNAPSHOT.jar started by vivekpandey in /Users/vivekpandey/Documents/Project/twdc/Mysql_mcp_server)
2026-05-16 10:29:02 INFO  c.c.m.McpServerApplication - The following 1 profile is active: "mcp"
2026-05-16 10:29:03 INFO  o.s.a.m.s.a.McpServerAutoConfiguration - Enable tools capabilities, notification: true
2026-05-16 10:29:03 INFO  o.s.a.m.s.a.McpServerAutoConfiguration - Registered tools: 5
2026-05-16 10:29:03 INFO  o.s.a.m.s.a.McpServerAutoConfiguration - Enable resources capabilities, notification: true
2026-05-16 10:29:03 INFO  o.s.a.m.s.a.McpServerAutoConfiguration - Enable prompts capabilities, notification: true
2026-05-16 10:29:03 INFO  o.s.a.m.s.a.McpServerAutoConfiguration - Enable completions capabilities
2026-05-16 10:29:03 INFO  i.m.server.McpAsyncServer - Client initialize request - Protocol: 2025-11-25, Capabilities: ClientCapabilities[experimental=null, roots=null, sampling=null], Info: Implementation[name=q-chat-plugin, version=1.0.0]
2026-05-16 10:29:03 WARN  i.m.server.McpAsyncServer - Client requested unsupported protocol version: 2025-11-25, so the server will suggest the 2024-11-05 version instead
2026-05-16 10:29:03 INFO  c.c.m.McpServerApplication - Started McpServerApplication in 0.803 seconds (process running for 1.072)
2026-05-16 12:24:18 INFO  c.c.m.McpServerApplication - Starting McpServerApplication v1.0-SNAPSHOT using Java 21.0.10 with PID 20285 (/Users/vivekpandey/Documents/Project/twdc/Mysql_mcp_server/target/mysql-mcp-server-1.0-SNAPSHOT.jar started by vivekpandey in /Users/vivekpandey/Documents/Project/twdc/Mysql_mcp_server)
2026-05-16 12:24:18 INFO  c.c.m.McpServerApplication - The following 1 profile is active: "mcp"
2026-05-16 12:24:18 INFO  o.s.a.m.s.a.McpServerAutoConfiguration - Enable tools capabilities, notification: true
2026-05-16 12:24:18 INFO  o.s.a.m.s.a.McpServerAutoConfiguration - Registered tools: 5
2026-05-16 12:24:18 INFO  o.s.a.m.s.a.McpServerAutoConfiguration - Enable resources capabilities, notification: true
2026-05-16 12:24:18 INFO  o.s.a.m.s.a.McpServerAutoConfiguration - Enable prompts capabilities, notification: true
2026-05-16 12:24:18 INFO  o.s.a.m.s.a.McpServerAutoConfiguration - Enable completions capabilities
2026-05-16 12:24:18 INFO  i.m.server.McpAsyncServer - Client initialize request - Protocol: 2025-11-25, Capabilities: ClientCapabilities[experimental=null, roots=null, sampling=null], Info: Implementation[name=q-chat-plugin, version=1.0.0]
2026-05-16 12:24:18 WARN  i.m.server.McpAsyncServer - Client requested unsupported protocol version: 2025-11-25, so the server will suggest the 2024-11-05 version instead
2026-05-16 12:24:18 INFO  c.c.m.McpServerApplication - Started McpServerApplication in 0.807 seconds (process running for 1.011)
2026-05-16 14:59:34 INFO  c.c.m.McpServerApplication - Starting McpServerApplication v1.0-SNAPSHOT using Java 21.0.10 with PID 21074 (/Users/vivekpandey/Documents/Project/twdc/Mysql_mcp_server/target/mysql-mcp-server-1.0-SNAPSHOT.jar started by vivekpandey in /Users/vivekpandey/Documents/Project/twdc/Mysql_mcp_server)
2026-05-16 14:59:34 INFO  c.c.m.McpServerApplication - The following 1 profile is active: "mcp"
2026-05-16 14:59:35 INFO  o.s.a.m.s.a.McpServerAutoConfiguration - Enable tools capabilities, notification: true
2026-05-16 14:59:35 INFO  o.s.a.m.s.a.McpServerAutoConfiguration - Registered tools: 5
2026-05-16 14:59:35 INFO  o.s.a.m.s.a.McpServerAutoConfiguration - Enable resources capabilities, notification: true
2026-05-16 14:59:35 INFO  o.s.a.m.s.a.McpServerAutoConfiguration - Enable prompts capabilities, notification: true
2026-05-16 14:59:35 INFO  o.s.a.m.s.a.McpServerAutoConfiguration - Enable completions capabilities
2026-05-16 14:59:35 INFO  i.m.server.McpAsyncServer - Client initialize request - Protocol: 2025-11-25, Capabilities: ClientCapabilities[experimental=null, roots=null, sampling=null], Info: Implementation[name=q-chat-plugin, version=1.0.0]
2026-05-16 14:59:35 WARN  i.m.server.McpAsyncServer - Client requested unsupported protocol version: 2025-11-25, so the server will suggest the 2024-11-05 version instead
2026-05-16 14:59:35 INFO  c.c.m.McpServerApplication - Started McpServerApplication in 0.803 seconds (process running for 1.003)
2026-05-16 15:40:06 INFO  c.c.m.McpServerApplication - Starting McpServerApplication v1.0-SNAPSHOT using Java 21.0.10 with PID 22329 (/Users/vivekpandey/Documents/Project/twdc/Mysql_mcp_server/target/mysql-mcp-server-1.0-SNAPSHOT.jar started by vivekpandey in /Users/vivekpandey/Documents/Project/twdc/Mysql_mcp_server)
2026-05-16 15:40:06 INFO  c.c.m.McpServerApplication - The following 1 profile is active: "mcp"
2026-05-16 15:40:06 INFO  o.s.a.m.s.a.McpServerAutoConfiguration - Enable tools capabilities, notification: true
2026-05-16 15:40:06 INFO  o.s.a.m.s.a.McpServerAutoConfiguration - Registered tools: 5
2026-05-16 15:40:06 INFO  o.s.a.m.s.a.McpServerAutoConfiguration - Enable resources capabilities, notification: true
2026-05-16 15:40:06 INFO  o.s.a.m.s.a.McpServerAutoConfiguration - Enable prompts capabilities, notification: true
2026-05-16 15:40:06 INFO  o.s.a.m.s.a.McpServerAutoConfiguration - Enable completions capabilities
2026-05-16 15:40:06 INFO  i.m.server.McpAsyncServer - Client initialize request - Protocol: 2025-11-25, Capabilities: ClientCapabilities[experimental=null, roots=null, sampling=null], Info: Implementation[name=q-chat-plugin, version=1.0.0]
2026-05-16 15:40:06 WARN  i.m.server.McpAsyncServer - Client requested unsupported protocol version: 2025-11-25, so the server will suggest the 2024-11-05 version instead
2026-05-16 15:40:07 INFO  c.c.m.McpServerApplication - Started McpServerApplication in 0.921 seconds (process running for 1.136)
2026-05-16 16:22:53 INFO  c.c.m.McpServerApplication - Starting McpServerApplication v1.0-SNAPSHOT using Java 21.0.10 with PID 23839 (/Users/vivekpandey/Documents/Project/twdc/Mysql_mcp_server/target/mysql-mcp-server-1.0-SNAPSHOT.jar started by vivekpandey in /Users/vivekpandey/Documents/Project/twdc/Mysql_mcp_server)
2026-05-16 16:22:53 INFO  c.c.m.McpServerApplication - The following 1 profile is active: "mcp"
2026-05-16 16:22:53 INFO  o.s.a.m.s.a.McpServerAutoConfiguration - Enable tools capabilities, notification: true
2026-05-16 16:22:53 INFO  o.s.a.m.s.a.McpServerAutoConfiguration - Registered tools: 5
2026-05-16 16:22:53 INFO  o.s.a.m.s.a.McpServerAutoConfiguration - Enable resources capabilities, notification: true
2026-05-16 16:22:53 INFO  o.s.a.m.s.a.McpServerAutoConfiguration - Enable prompts capabilities, notification: true
2026-05-16 16:22:53 INFO  o.s.a.m.s.a.McpServerAutoConfiguration - Enable completions capabilities
2026-05-16 16:22:54 INFO  i.m.server.McpAsyncServer - Client initialize request - Protocol: 2025-11-25, Capabilities: ClientCapabilities[experimental=null, roots=null, sampling=null], Info: Implementation[name=q-chat-plugin, version=1.0.0]
2026-05-16 16:22:54 WARN  i.m.server.McpAsyncServer - Client requested unsupported protocol version: 2025-11-25, so the server will suggest the 2024-11-05 version instead
2026-05-16 16:22:54 INFO  c.c.m.McpServerApplication - Started McpServerApplication in 0.845 seconds (process running for 1.059)
2026-05-16 17:04:56 INFO  c.c.m.McpServerApplication - Starting McpServerApplication v1.0-SNAPSHOT using Java 21.0.10 with PID 25025 (/Users/vivekpandey/Documents/Project/twdc/Mysql_mcp_server/target/mysql-mcp-server-1.0-SNAPSHOT.jar started by vivekpandey in /Users/vivekpandey/Documents/Project/twdc/Mysql_mcp_server)
2026-05-16 17:04:56 INFO  c.c.m.McpServerApplication - The following 1 profile is active: "mcp"
2026-05-16 17:04:57 INFO  o.s.a.m.s.a.McpServerAutoConfiguration - Enable tools capabilities, notification: true
2026-05-16 17:04:57 INFO  o.s.a.m.s.a.McpServerAutoConfiguration - Registered tools: 5
2026-05-16 17:04:57 INFO  o.s.a.m.s.a.McpServerAutoConfiguration - Enable resources capabilities, notification: true
2026-05-16 17:04:57 INFO  o.s.a.m.s.a.McpServerAutoConfiguration - Enable prompts capabilities, notification: true
2026-05-16 17:04:57 INFO  o.s.a.m.s.a.McpServerAutoConfiguration - Enable completions capabilities
2026-05-16 17:04:57 INFO  i.m.server.McpAsyncServer - Client initialize request - Protocol: 2025-11-25, Capabilities: ClientCapabilities[experimental=null, roots=null, sampling=null], Info: Implementation[name=q-chat-plugin, version=1.0.0]
2026-05-16 17:04:57 WARN  i.m.server.McpAsyncServer - Client requested unsupported protocol version: 2025-11-25, so the server will suggest the 2024-11-05 version instead
2026-05-16 17:04:57 INFO  c.c.m.McpServerApplication - Started McpServerApplication in 0.781 seconds (process running for 0.988)
2026-05-16 20:37:36 INFO  c.c.m.McpServerApplication - Starting McpServerApplication v1.0-SNAPSHOT using Java 21.0.10 with PID 26004 (/Users/vivekpandey/Documents/Project/twdc/Mysql_mcp_server/target/mysql-mcp-server-1.0-SNAPSHOT.jar started by vivekpandey in /Users/vivekpandey/Documents/Project/twdc/Mysql_mcp_server)
2026-05-16 20:37:36 INFO  c.c.m.McpServerApplication - The following 1 profile is active: "mcp"
2026-05-16 20:37:36 INFO  o.s.a.m.s.a.McpServerAutoConfiguration - Enable tools capabilities, notification: true
2026-05-16 20:37:36 INFO  o.s.a.m.s.a.McpServerAutoConfiguration - Registered tools: 5
2026-05-16 20:37:36 INFO  o.s.a.m.s.a.McpServerAutoConfiguration - Enable resources capabilities, notification: true
2026-05-16 20:37:36 INFO  o.s.a.m.s.a.McpServerAutoConfiguration - Enable prompts capabilities, notification: true
2026-05-16 20:37:36 INFO  o.s.a.m.s.a.McpServerAutoConfiguration - Enable completions capabilities
2026-05-16 20:37:36 INFO  i.m.server.McpAsyncServer - Client initialize request - Protocol: 2025-11-25, Capabilities: ClientCapabilities[experimental=null, roots=null, sampling=null], Info: Implementation[name=q-chat-plugin, version=1.0.0]
2026-05-16 20:37:36 WARN  i.m.server.McpAsyncServer - Client requested unsupported protocol version: 2025-11-25, so the server will suggest the 2024-11-05 version instead
2026-05-16 20:37:36 INFO  c.c.m.McpServerApplication - Started McpServerApplication in 0.808 seconds (process running for 1.008)
2026-05-17 02:21:55 INFO  c.c.m.McpServerApplication - Starting McpServerApplication v1.0-SNAPSHOT using Java 21.0.10 with PID 27444 (/Users/vivekpandey/Documents/Project/twdc/Mysql_mcp_server/target/mysql-mcp-server-1.0-SNAPSHOT.jar started by vivekpandey in /Users/vivekpandey/Documents/Project/twdc/Mysql_mcp_server)
2026-05-17 02:21:55 INFO  c.c.m.McpServerApplication - The following 1 profile is active: "mcp"
2026-05-17 02:21:56 INFO  o.s.a.m.s.a.McpServerAutoConfiguration - Enable tools capabilities, notification: true
2026-05-17 02:21:56 INFO  o.s.a.m.s.a.McpServerAutoConfiguration - Registered tools: 5
2026-05-17 02:21:56 INFO  o.s.a.m.s.a.McpServerAutoConfiguration - Enable resources capabilities, notification: true
2026-05-17 02:21:56 INFO  o.s.a.m.s.a.McpServerAutoConfiguration - Enable prompts capabilities, notification: true
2026-05-17 02:21:56 INFO  o.s.a.m.s.a.McpServerAutoConfiguration - Enable completions capabilities
2026-05-17 02:21:56 INFO  i.m.server.McpAsyncServer - Client initialize request - Protocol: 2025-11-25, Capabilities: ClientCapabilities[experimental=null, roots=null, sampling=null], Info: Implementation[name=q-chat-plugin, version=1.0.0]
2026-05-17 02:21:56 WARN  i.m.server.McpAsyncServer - Client requested unsupported protocol version: 2025-11-25, so the server will suggest the 2024-11-05 version instead
2026-05-17 02:21:56 INFO  c.c.m.McpServerApplication - Started McpServerApplication in 0.814 seconds (process running for 1.03)
2026-05-17 07:07:38 INFO  c.c.m.McpServerApplication - Starting McpServerApplication v1.0-SNAPSHOT using Java 21.0.10 with PID 28789 (/Users/vivekpandey/Documents/Project/twdc/Mysql_mcp_server/target/mysql-mcp-server-1.0-SNAPSHOT.jar started by vivekpandey in /Users/vivekpandey/Documents/Project/twdc/Mysql_mcp_server)
2026-05-17 07:07:38 INFO  c.c.m.McpServerApplication - The following 1 profile is active: "mcp"
2026-05-17 07:07:38 INFO  o.s.a.m.s.a.McpServerAutoConfiguration - Enable tools capabilities, notification: true
2026-05-17 07:07:38 INFO  o.s.a.m.s.a.McpServerAutoConfiguration - Registered tools: 5
2026-05-17 07:07:38 INFO  o.s.a.m.s.a.McpServerAutoConfiguration - Enable resources capabilities, notification: true
2026-05-17 07:07:38 INFO  o.s.a.m.s.a.McpServerAutoConfiguration - Enable prompts capabilities, notification: true
2026-05-17 07:07:38 INFO  o.s.a.m.s.a.McpServerAutoConfiguration - Enable completions capabilities
2026-05-17 07:07:38 INFO  i.m.server.McpAsyncServer - Client initialize request - Protocol: 2025-11-25, Capabilities: ClientCapabilities[experimental=null, roots=null, sampling=null], Info: Implementation[name=q-chat-plugin, version=1.0.0]
2026-05-17 07:07:38 WARN  i.m.server.McpAsyncServer - Client requested unsupported protocol version: 2025-11-25, so the server will suggest the 2024-11-05 version instead
2026-05-17 07:07:38 INFO  c.c.m.McpServerApplication - Started McpServerApplication in 0.868 seconds (process running for 1.085)
2026-05-17 07:07:40 INFO  c.c.m.McpServerApplication - Starting McpServerApplication v1.0-SNAPSHOT using Java 21.0.10 with PID 28811 (/Users/vivekpandey/Documents/Project/twdc/Mysql_mcp_server/target/mysql-mcp-server-1.0-SNAPSHOT.jar started by vivekpandey in /Users/vivekpandey/Documents/Project/twdc/Mysql_mcp_server)
2026-05-17 07:07:40 INFO  c.c.m.McpServerApplication - The following 1 profile is active: "mcp"
2026-05-17 07:07:41 INFO  o.s.a.m.s.a.McpServerAutoConfiguration - Enable tools capabilities, notification: true
2026-05-17 07:07:41 INFO  o.s.a.m.s.a.McpServerAutoConfiguration - Registered tools: 5
2026-05-17 07:07:41 INFO  o.s.a.m.s.a.McpServerAutoConfiguration - Enable resources capabilities, notification: true
2026-05-17 07:07:41 INFO  o.s.a.m.s.a.McpServerAutoConfiguration - Enable prompts capabilities, notification: true
2026-05-17 07:07:41 INFO  o.s.a.m.s.a.McpServerAutoConfiguration - Enable completions capabilities
2026-05-17 07:07:41 INFO  i.m.server.McpAsyncServer - Client initialize request - Protocol: 2025-11-25, Capabilities: ClientCapabilities[experimental=null, roots=null, sampling=null], Info: Implementation[name=q-chat-plugin, version=1.0.0]
2026-05-17 07:07:41 WARN  i.m.server.McpAsyncServer - Client requested unsupported protocol version: 2025-11-25, so the server will suggest the 2024-11-05 version instead
2026-05-17 07:07:41 INFO  c.c.m.McpServerApplication - Started McpServerApplication in 2.041 seconds (process running for 1.63)
2026-05-17 10:05:47 INFO  c.c.m.McpServerApplication - Starting McpServerApplication v1.0-SNAPSHOT using Java 21.0.10 with PID 29668 (/Users/vivekpandey/Documents/Project/twdc/Mysql_mcp_server/target/mysql-mcp-server-1.0-SNAPSHOT.jar started by vivekpandey in /Users/vivekpandey/Documents/Project/twdc/Mysql_mcp_server)
2026-05-17 10:05:47 INFO  c.c.m.McpServerApplication - The following 1 profile is active: "mcp"
2026-05-17 10:05:47 INFO  o.s.a.m.s.a.McpServerAutoConfiguration - Enable tools capabilities, notification: true
2026-05-17 10:05:47 INFO  o.s.a.m.s.a.McpServerAutoConfiguration - Registered tools: 5
2026-05-17 10:05:47 INFO  o.s.a.m.s.a.McpServerAutoConfiguration - Enable resources capabilities, notification: true
2026-05-17 10:05:47 INFO  o.s.a.m.s.a.McpServerAutoConfiguration - Enable prompts capabilities, notification: true
2026-05-17 10:05:47 INFO  o.s.a.m.s.a.McpServerAutoConfiguration - Enable completions capabilities
2026-05-17 10:05:47 INFO  i.m.server.McpAsyncServer - Client initialize request - Protocol: 2025-11-25, Capabilities: ClientCapabilities[experimental=null, roots=null, sampling=null], Info: Implementation[name=q-chat-plugin, version=1.0.0]
2026-05-17 10:05:47 WARN  i.m.server.McpAsyncServer - Client requested unsupported protocol version: 2025-11-25, so the server will suggest the 2024-11-05 version instead
2026-05-17 10:05:47 INFO  c.c.m.McpServerApplication - Started McpServerApplication in 0.854 seconds (process running for 1.08)
2026-05-17 13:03:09 INFO  c.c.m.McpServerApplication - Starting McpServerApplication v1.0-SNAPSHOT using Java 21.0.10 with PID 30577 (/Users/vivekpandey/Documents/Project/twdc/Mysql_mcp_server/target/mysql-mcp-server-1.0-SNAPSHOT.jar started by vivekpandey in /Users/vivekpandey/Documents/Project/twdc/Mysql_mcp_server)
2026-05-17 13:03:09 INFO  c.c.m.McpServerApplication - The following 1 profile is active: "mcp"
2026-05-17 13:03:14 INFO  o.s.a.m.s.a.McpServerAutoConfiguration - Enable tools capabilities, notification: true
2026-05-17 13:03:14 INFO  o.s.a.m.s.a.McpServerAutoConfiguration - Registered tools: 5
2026-05-17 13:03:14 INFO  o.s.a.m.s.a.McpServerAutoConfiguration - Enable resources capabilities, notification: true
2026-05-17 13:03:14 INFO  o.s.a.m.s.a.McpServerAutoConfiguration - Enable prompts capabilities, notification: true
2026-05-17 13:03:14 INFO  o.s.a.m.s.a.McpServerAutoConfiguration - Enable completions capabilities
2026-05-17 13:03:14 INFO  i.m.server.McpAsyncServer - Client initialize request - Protocol: 2025-11-25, Capabilities: ClientCapabilities[experimental=null, roots=null, sampling=null], Info: Implementation[name=q-chat-plugin, version=1.0.0]
2026-05-17 13:03:15 WARN  i.m.server.McpAsyncServer - Client requested unsupported protocol version: 2025-11-25, so the server will suggest the 2024-11-05 version instead
2026-05-17 13:03:15 INFO  c.c.m.McpServerApplication - Started McpServerApplication in 6.995 seconds (process running for 7.745)
2026-05-17 15:48:14 INFO  c.c.m.McpServerApplication - Starting McpServerApplication v1.0-SNAPSHOT using Java 21.0.10 with PID 31451 (/Users/vivekpandey/Documents/Project/twdc/Mysql_mcp_server/target/mysql-mcp-server-1.0-SNAPSHOT.jar started by vivekpandey in /Users/vivekpandey/Documents/Project/twdc/Mysql_mcp_server)
2026-05-17 15:48:14 INFO  c.c.m.McpServerApplication - The following 1 profile is active: "mcp"
2026-05-17 15:48:15 INFO  o.s.a.m.s.a.McpServerAutoConfiguration - Enable tools capabilities, notification: true
2026-05-17 15:48:15 INFO  o.s.a.m.s.a.McpServerAutoConfiguration - Registered tools: 5
2026-05-17 15:48:15 INFO  o.s.a.m.s.a.McpServerAutoConfiguration - Enable resources capabilities, notification: true
2026-05-17 15:48:15 INFO  o.s.a.m.s.a.McpServerAutoConfiguration - Enable prompts capabilities, notification: true
2026-05-17 15:48:15 INFO  o.s.a.m.s.a.McpServerAutoConfiguration - Enable completions capabilities
2026-05-17 15:48:15 INFO  i.m.server.McpAsyncServer - Client initialize request - Protocol: 2025-11-25, Capabilities: ClientCapabilities[experimental=null, roots=null, sampling=null], Info: Implementation[name=q-chat-plugin, version=1.0.0]
2026-05-17 15:48:15 WARN  i.m.server.McpAsyncServer - Client requested unsupported protocol version: 2025-11-25, so the server will suggest the 2024-11-05 version instead
2026-05-17 15:48:15 INFO  c.c.m.McpServerApplication - Started McpServerApplication in 0.651 seconds (process running for 0.832)
2026-05-17 15:48:15 INFO  c.c.m.McpServerApplication - Starting McpServerApplication v1.0-SNAPSHOT using Java 21.0.10 with PID 31471 (/Users/vivekpandey/Documents/Project/twdc/Mysql_mcp_server/target/mysql-mcp-server-1.0-SNAPSHOT.jar started by vivekpandey in /Users/vivekpandey/Documents/Project/twdc/Mysql_mcp_server)
2026-05-17 15:48:15 INFO  c.c.m.McpServerApplication - The following 1 profile is active: "mcp"
2026-05-17 15:48:16 INFO  o.s.a.m.s.a.McpServerAutoConfiguration - Enable tools capabilities, notification: true
2026-05-17 15:48:16 INFO  o.s.a.m.s.a.McpServerAutoConfiguration - Registered tools: 5
2026-05-17 15:48:16 INFO  o.s.a.m.s.a.McpServerAutoConfiguration - Enable resources capabilities, notification: true
2026-05-17 15:48:16 INFO  o.s.a.m.s.a.McpServerAutoConfiguration - Enable prompts capabilities, notification: true
2026-05-17 15:48:16 INFO  o.s.a.m.s.a.McpServerAutoConfiguration - Enable completions capabilities
2026-05-17 15:48:16 INFO  i.m.server.McpAsyncServer - Client initialize request - Protocol: 2025-11-25, Capabilities: ClientCapabilities[experimental=null, roots=null, sampling=null], Info: Implementation[name=q-chat-plugin, version=1.0.0]
2026-05-17 15:48:16 WARN  i.m.server.McpAsyncServer - Client requested unsupported protocol version: 2025-11-25, so the server will suggest the 2024-11-05 version instead
2026-05-17 15:48:16 INFO  c.c.m.McpServerApplication - Started McpServerApplication in 0.8 seconds (process running for 1.006)
2026-05-17 15:48:16 INFO  c.c.m.McpServerApplication - Starting McpServerApplication v1.0-SNAPSHOT using Java 21.0.10 with PID 31485 (/Users/vivekpandey/Documents/Project/twdc/Mysql_mcp_server/target/mysql-mcp-server-1.0-SNAPSHOT.jar started by vivekpandey in /Users/vivekpandey/Documents/Project/twdc/Mysql_mcp_server)
2026-05-17 15:48:16 INFO  c.c.m.McpServerApplication - The following 1 profile is active: "mcp"
2026-05-17 15:48:17 INFO  o.s.a.m.s.a.McpServerAutoConfiguration - Enable tools capabilities, notification: true
2026-05-17 15:48:17 INFO  o.s.a.m.s.a.McpServerAutoConfiguration - Registered tools: 5
2026-05-17 15:48:17 INFO  o.s.a.m.s.a.McpServerAutoConfiguration - Enable resources capabilities, notification: true
2026-05-17 15:48:17 INFO  o.s.a.m.s.a.McpServerAutoConfiguration - Enable prompts capabilities, notification: true
2026-05-17 15:48:17 INFO  o.s.a.m.s.a.McpServerAutoConfiguration - Enable completions capabilities
2026-05-17 15:48:17 INFO  i.m.server.McpAsyncServer - Client initialize request - Protocol: 2025-11-25, Capabilities: ClientCapabilities[experimental=null, roots=null, sampling=null], Info: Implementation[name=q-chat-plugin, version=1.0.0]
2026-05-17 15:48:17 WARN  i.m.server.McpAsyncServer - Client requested unsupported protocol version: 2025-11-25, so the server will suggest the 2024-11-05 version instead
2026-05-17 15:48:17 INFO  c.c.m.McpServerApplication - Started McpServerApplication in 0.825 seconds (process running for 1.02)
2026-05-17 20:15:19 INFO  c.c.m.McpServerApplication - Starting McpServerApplication v1.0-SNAPSHOT using Java 21.0.10 with PID 32786 (/Users/vivekpandey/Documents/Project/twdc/Mysql_mcp_server/target/mysql-mcp-server-1.0-SNAPSHOT.jar started by vivekpandey in /Users/vivekpandey/Documents/Project/twdc/Mysql_mcp_server)
2026-05-17 20:15:19 INFO  c.c.m.McpServerApplication - The following 1 profile is active: "mcp"
2026-05-17 20:15:20 INFO  o.s.a.m.s.a.McpServerAutoConfiguration - Enable tools capabilities, notification: true
2026-05-17 20:15:20 INFO  o.s.a.m.s.a.McpServerAutoConfiguration - Registered tools: 5
2026-05-17 20:15:20 INFO  o.s.a.m.s.a.McpServerAutoConfiguration - Enable resources capabilities, notification: true
2026-05-17 20:15:20 INFO  o.s.a.m.s.a.McpServerAutoConfiguration - Enable prompts capabilities, notification: true
2026-05-17 20:15:20 INFO  o.s.a.m.s.a.McpServerAutoConfiguration - Enable completions capabilities
2026-05-17 20:15:20 INFO  i.m.server.McpAsyncServer - Client initialize request - Protocol: 2025-11-25, Capabilities: ClientCapabilities[experimental=null, roots=null, sampling=null], Info: Implementation[name=q-chat-plugin, version=1.0.0]
2026-05-17 20:15:20 WARN  i.m.server.McpAsyncServer - Client requested unsupported protocol version: 2025-11-25, so the server will suggest the 2024-11-05 version instead
2026-05-17 20:15:20 INFO  c.c.m.McpServerApplication - Started McpServerApplication in 0.859 seconds (process running for 1.075)
2026-05-18 01:16:38 INFO  c.c.m.McpServerApplication - Starting McpServerApplication v1.0-SNAPSHOT using Java 21.0.10 with PID 34648 (/Users/vivekpandey/Documents/Project/twdc/Mysql_mcp_server/target/mysql-mcp-server-1.0-SNAPSHOT.jar started by vivekpandey in /Users/vivekpandey/Documents/Project/twdc/Mysql_mcp_server)
2026-05-18 01:16:38 INFO  c.c.m.McpServerApplication - The following 1 profile is active: "mcp"
2026-05-18 01:16:39 INFO  o.s.a.m.s.a.McpServerAutoConfiguration - Enable tools capabilities, notification: true
2026-05-18 01:16:39 INFO  o.s.a.m.s.a.McpServerAutoConfiguration - Registered tools: 5
2026-05-18 01:16:39 INFO  o.s.a.m.s.a.McpServerAutoConfiguration - Enable resources capabilities, notification: true
2026-05-18 01:16:39 INFO  o.s.a.m.s.a.McpServerAutoConfiguration - Enable prompts capabilities, notification: true
2026-05-18 01:16:39 INFO  o.s.a.m.s.a.McpServerAutoConfiguration - Enable completions capabilities
2026-05-18 01:16:39 INFO  i.m.server.McpAsyncServer - Client initialize request - Protocol: 2025-11-25, Capabilities: ClientCapabilities[experimental=null, roots=null, sampling=null], Info: Implementation[name=q-chat-plugin, version=1.0.0]
2026-05-18 01:16:39 WARN  i.m.server.McpAsyncServer - Client requested unsupported protocol version: 2025-11-25, so the server will suggest the 2024-11-05 version instead
2026-05-18 01:16:39 INFO  c.c.m.McpServerApplication - Started McpServerApplication in 0.8 seconds (process running for 0.99)
2026-05-18 01:16:39 INFO  c.c.m.McpServerApplication - Starting McpServerApplication v1.0-SNAPSHOT using Java 21.0.10 with PID 34664 (/Users/vivekpandey/Documents/Project/twdc/Mysql_mcp_server/target/mysql-mcp-server-1.0-SNAPSHOT.jar started by vivekpandey in /Users/vivekpandey/Documents/Project/twdc/Mysql_mcp_server)
2026-05-18 01:16:39 INFO  c.c.m.McpServerApplication - The following 1 profile is active: "mcp"
2026-05-18 01:16:40 INFO  o.s.a.m.s.a.McpServerAutoConfiguration - Enable tools capabilities, notification: true
2026-05-18 01:16:40 INFO  o.s.a.m.s.a.McpServerAutoConfiguration - Registered tools: 5
2026-05-18 01:16:40 INFO  o.s.a.m.s.a.McpServerAutoConfiguration - Enable resources capabilities, notification: true
2026-05-18 01:16:40 INFO  o.s.a.m.s.a.McpServerAutoConfiguration - Enable prompts capabilities, notification: true
2026-05-18 01:16:40 INFO  o.s.a.m.s.a.McpServerAutoConfiguration - Enable completions capabilities
2026-05-18 01:16:40 INFO  i.m.server.McpAsyncServer - Client initialize request - Protocol: 2025-11-25, Capabilities: ClientCapabilities[experimental=null, roots=null, sampling=null], Info: Implementation[name=q-chat-plugin, version=1.0.0]
2026-05-18 01:16:40 WARN  i.m.server.McpAsyncServer - Client requested unsupported protocol version: 2025-11-25, so the server will suggest the 2024-11-05 version instead
2026-05-18 01:16:40 INFO  c.c.m.McpServerApplication - Started McpServerApplication in 0.98 seconds (process running for 1.203)
2026-05-18 01:16:41 INFO  c.c.m.McpServerApplication - Starting McpServerApplication v1.0-SNAPSHOT using Java 21.0.10 with PID 34679 (/Users/vivekpandey/Documents/Project/twdc/Mysql_mcp_server/target/mysql-mcp-server-1.0-SNAPSHOT.jar started by vivekpandey in /Users/vivekpandey/Documents/Project/twdc/Mysql_mcp_server)
2026-05-18 01:16:41 INFO  c.c.m.McpServerApplication - The following 1 profile is active: "mcp"
2026-05-18 01:16:41 INFO  o.s.a.m.s.a.McpServerAutoConfiguration - Enable tools capabilities, notification: true
2026-05-18 01:16:41 INFO  o.s.a.m.s.a.McpServerAutoConfiguration - Registered tools: 5
2026-05-18 01:16:41 INFO  o.s.a.m.s.a.McpServerAutoConfiguration - Enable resources capabilities, notification: true
2026-05-18 01:16:41 INFO  o.s.a.m.s.a.McpServerAutoConfiguration - Enable prompts capabilities, notification: true
2026-05-18 01:16:41 INFO  o.s.a.m.s.a.McpServerAutoConfiguration - Enable completions capabilities
2026-05-18 01:16:41 INFO  i.m.server.McpAsyncServer - Client initialize request - Protocol: 2025-11-25, Capabilities: ClientCapabilities[experimental=null, roots=null, sampling=null], Info: Implementation[name=q-chat-plugin, version=1.0.0]
2026-05-18 01:16:41 WARN  i.m.server.McpAsyncServer - Client requested unsupported protocol version: 2025-11-25, so the server will suggest the 2024-11-05 version instead
2026-05-18 01:16:41 INFO  c.c.m.McpServerApplication - Started McpServerApplication in 1.122 seconds (process running for 1.403)
2026-05-18 07:26:40 INFO  c.c.m.McpServerApplication - Starting McpServerApplication v1.0-SNAPSHOT using Java 21.0.10 with PID 36259 (/Users/vivekpandey/Documents/Project/twdc/Mysql_mcp_server/target/mysql-mcp-server-1.0-SNAPSHOT.jar started by vivekpandey in /Users/vivekpandey/Documents/Project/twdc/Mysql_mcp_server)
2026-05-18 07:26:40 INFO  c.c.m.McpServerApplication - The following 1 profile is active: "mcp"
2026-05-18 07:26:40 INFO  o.s.a.m.s.a.McpServerAutoConfiguration - Enable tools capabilities, notification: true
2026-05-18 07:26:40 INFO  o.s.a.m.s.a.McpServerAutoConfiguration - Registered tools: 5
2026-05-18 07:26:40 INFO  o.s.a.m.s.a.McpServerAutoConfiguration - Enable resources capabilities, notification: true
2026-05-18 07:26:40 INFO  o.s.a.m.s.a.McpServerAutoConfiguration - Enable prompts capabilities, notification: true
2026-05-18 07:26:40 INFO  o.s.a.m.s.a.McpServerAutoConfiguration - Enable completions capabilities
2026-05-18 07:26:40 INFO  i.m.server.McpAsyncServer - Client initialize request - Protocol: 2025-11-25, Capabilities: ClientCapabilities[experimental=null, roots=null, sampling=null], Info: Implementation[name=q-chat-plugin, version=1.0.0]
2026-05-18 07:26:40 WARN  i.m.server.McpAsyncServer - Client requested unsupported protocol version: 2025-11-25, so the server will suggest the 2024-11-05 version instead
2026-05-18 07:26:41 INFO  c.c.m.McpServerApplication - Started McpServerApplication in 0.855 seconds (process running for 1.066)
2026-05-18 10:45:43 INFO  c.c.m.McpServerApplication - Starting McpServerApplication v1.0-SNAPSHOT using Java 21.0.10 with PID 37268 (/Users/vivekpandey/Documents/Project/twdc/Mysql_mcp_server/target/mysql-mcp-server-1.0-SNAPSHOT.jar started by vivekpandey in /Users/vivekpandey/Documents/Project/twdc/Mysql_mcp_server)
2026-05-18 10:45:43 INFO  c.c.m.McpServerApplication - The following 1 profile is active: "mcp"
2026-05-18 10:45:44 INFO  o.s.a.m.s.a.McpServerAutoConfiguration - Enable tools capabilities, notification: true
2026-05-18 10:45:44 INFO  o.s.a.m.s.a.McpServerAutoConfiguration - Registered tools: 5
2026-05-18 10:45:44 INFO  o.s.a.m.s.a.McpServerAutoConfiguration - Enable resources capabilities, notification: true
2026-05-18 10:45:44 INFO  o.s.a.m.s.a.McpServerAutoConfiguration - Enable prompts capabilities, notification: true
2026-05-18 10:45:44 INFO  o.s.a.m.s.a.McpServerAutoConfiguration - Enable completions capabilities
2026-05-18 10:45:44 INFO  i.m.server.McpAsyncServer - Client initialize request - Protocol: 2025-11-25, Capabilities: ClientCapabilities[experimental=null, roots=null, sampling=null], Info: Implementation[name=q-chat-plugin, version=1.0.0]
2026-05-18 10:45:44 WARN  i.m.server.McpAsyncServer - Client requested unsupported protocol version: 2025-11-25, so the server will suggest the 2024-11-05 version instead
2026-05-18 10:45:44 INFO  c.c.m.McpServerApplication - Started McpServerApplication in 0.793 seconds (process running for 0.998)
2026-05-18 11:28:50 INFO  c.c.m.McpServerApplication - Starting McpServerApplication v1.0-SNAPSHOT using Java 21.0.10 with PID 38346 (/Users/vivekpandey/Documents/Project/twdc/Mysql_mcp_server/target/mysql-mcp-server-1.0-SNAPSHOT.jar started by vivekpandey in /Users/vivekpandey/Documents/Project/twdc/Mysql_mcp_server)
2026-05-18 11:28:50 INFO  c.c.m.McpServerApplication - The following 1 profile is active: "mcp"
2026-05-18 11:28:50 INFO  o.s.a.m.s.a.McpServerAutoConfiguration - Enable tools capabilities, notification: true
2026-05-18 11:28:50 INFO  o.s.a.m.s.a.McpServerAutoConfiguration - Registered tools: 5
2026-05-18 11:28:50 INFO  o.s.a.m.s.a.McpServerAutoConfiguration - Enable resources capabilities, notification: true
2026-05-18 11:28:50 INFO  o.s.a.m.s.a.McpServerAutoConfiguration - Enable prompts capabilities, notification: true
2026-05-18 11:28:50 INFO  o.s.a.m.s.a.McpServerAutoConfiguration - Enable completions capabilities
2026-05-18 11:28:50 INFO  i.m.server.McpAsyncServer - Client initialize request - Protocol: 2025-11-25, Capabilities: ClientCapabilities[experimental=null, roots=null, sampling=null], Info: Implementation[name=q-chat-plugin, version=1.0.0]
2026-05-18 11:28:50 WARN  i.m.server.McpAsyncServer - Client requested unsupported protocol version: 2025-11-25, so the server will suggest the 2024-11-05 version instead
2026-05-18 11:28:50 INFO  c.c.m.McpServerApplication - Started McpServerApplication in 0.751 seconds (process running for 0.943)
2026-05-18 12:34:12 INFO  c.c.m.McpServerApplication - Starting McpServerApplication v1.0-SNAPSHOT using Java 21.0.10 with PID 39628 (/Users/vivekpandey/Documents/Project/twdc/Mysql_mcp_server/target/mysql-mcp-server-1.0-SNAPSHOT.jar started by vivekpandey in /Users/vivekpandey/Documents/Project/twdc/Mysql_mcp_server)
2026-05-18 12:34:12 INFO  c.c.m.McpServerApplication - The following 1 profile is active: "mcp"
2026-05-18 12:34:12 INFO  o.s.a.m.s.a.McpServerAutoConfiguration - Enable tools capabilities, notification: true
2026-05-18 12:34:12 INFO  o.s.a.m.s.a.McpServerAutoConfiguration - Registered tools: 5
2026-05-18 12:34:12 INFO  o.s.a.m.s.a.McpServerAutoConfiguration - Enable resources capabilities, notification: true
2026-05-18 12:34:12 INFO  o.s.a.m.s.a.McpServerAutoConfiguration - Enable prompts capabilities, notification: true
2026-05-18 12:34:12 INFO  o.s.a.m.s.a.McpServerAutoConfiguration - Enable completions capabilities
2026-05-18 12:34:12 INFO  i.m.server.McpAsyncServer - Client initialize request - Protocol: 2025-11-25, Capabilities: ClientCapabilities[experimental=null, roots=null, sampling=null], Info: Implementation[name=q-chat-plugin, version=1.0.0]
2026-05-18 12:34:12 WARN  i.m.server.McpAsyncServer - Client requested unsupported protocol version: 2025-11-25, so the server will suggest the 2024-11-05 version instead
2026-05-18 12:34:12 INFO  c.c.m.McpServerApplication - Started McpServerApplication in 0.962 seconds (process running for 1.188)
2026-05-18 13:03:16 INFO  c.c.m.McpServerApplication - Starting McpServerApplication v1.0-SNAPSHOT using Java 21.0.10 with PID 40264 (/Users/vivekpandey/Documents/Project/twdc/Mysql_mcp_server/target/mysql-mcp-server-1.0-SNAPSHOT.jar started by vivekpandey in /Users/vivekpandey/Documents/Project/twdc/Mysql_mcp_server)
2026-05-18 13:03:16 INFO  c.c.m.McpServerApplication - The following 1 profile is active: "mcp"
2026-05-18 13:03:17 INFO  o.s.a.m.s.a.McpServerAutoConfiguration - Enable tools capabilities, notification: true
2026-05-18 13:03:17 INFO  o.s.a.m.s.a.McpServerAutoConfiguration - Registered tools: 5
2026-05-18 13:03:17 INFO  o.s.a.m.s.a.McpServerAutoConfiguration - Enable resources capabilities, notification: true
2026-05-18 13:03:17 INFO  o.s.a.m.s.a.McpServerAutoConfiguration - Enable prompts capabilities, notification: true
2026-05-18 13:03:17 INFO  o.s.a.m.s.a.McpServerAutoConfiguration - Enable completions capabilities
2026-05-18 13:03:17 INFO  i.m.server.McpAsyncServer - Client initialize request - Protocol: 2025-11-25, Capabilities: ClientCapabilities[experimental=null, roots=null, sampling=null], Info: Implementation[name=q-chat-plugin, version=1.0.0]
2026-05-18 13:03:17 WARN  i.m.server.McpAsyncServer - Client requested unsupported protocol version: 2025-11-25, so the server will suggest the 2024-11-05 version instead
2026-05-18 13:03:17 INFO  c.c.m.McpServerApplication - Started McpServerApplication in 0.84 seconds (process running for 1.051)
2026-05-18 13:19:15 INFO  c.c.m.McpServerApplication - Starting McpServerApplication v1.0-SNAPSHOT using Java 21.0.10 with PID 40669 (/Users/vivekpandey/Documents/Project/twdc/Mysql_mcp_server/target/mysql-mcp-server-1.0-SNAPSHOT.jar started by vivekpandey in /Users/vivekpandey/Documents/Project/twdc/Mysql_mcp_server)
2026-05-18 13:19:15 INFO  c.c.m.McpServerApplication - The following 1 profile is active: "mcp"
2026-05-18 13:19:16 INFO  o.s.a.m.s.a.McpServerAutoConfiguration - Enable tools capabilities, notification: true
2026-05-18 13:19:16 INFO  o.s.a.m.s.a.McpServerAutoConfiguration - Registered tools: 5
2026-05-18 13:19:16 INFO  o.s.a.m.s.a.McpServerAutoConfiguration - Enable resources capabilities, notification: true
2026-05-18 13:19:16 INFO  o.s.a.m.s.a.McpServerAutoConfiguration - Enable prompts capabilities, notification: true
2026-05-18 13:19:16 INFO  o.s.a.m.s.a.McpServerAutoConfiguration - Enable completions capabilities
2026-05-18 13:19:16 INFO  i.m.server.McpAsyncServer - Client initialize request - Protocol: 2025-11-25, Capabilities: ClientCapabilities[experimental=null, roots=null, sampling=null], Info: Implementation[name=q-chat-plugin, version=1.0.0]
2026-05-18 13:19:16 WARN  i.m.server.McpAsyncServer - Client requested unsupported protocol version: 2025-11-25, so the server will suggest the 2024-11-05 version instead
2026-05-18 13:19:16 INFO  c.c.m.McpServerApplication - Started McpServerApplication in 0.807 seconds (process running for 1.015)
2026-05-18 14:00:38 INFO  c.c.m.McpServerApplication - Starting McpServerApplication v1.0-SNAPSHOT using Java 21.0.10 with PID 41808 (/Users/vivekpandey/Documents/Project/twdc/Mysql_mcp_server/target/mysql-mcp-server-1.0-SNAPSHOT.jar started by vivekpandey in /Users/vivekpandey/Documents/Project/twdc/Mysql_mcp_server)
2026-05-18 14:00:38 INFO  c.c.m.McpServerApplication - The following 1 profile is active: "mcp"
2026-05-18 14:00:38 INFO  o.s.a.m.s.a.McpServerAutoConfiguration - Enable tools capabilities, notification: true
2026-05-18 14:00:38 INFO  o.s.a.m.s.a.McpServerAutoConfiguration - Registered tools: 5
2026-05-18 14:00:38 INFO  o.s.a.m.s.a.McpServerAutoConfiguration - Enable resources capabilities, notification: true
2026-05-18 14:00:38 INFO  o.s.a.m.s.a.McpServerAutoConfiguration - Enable prompts capabilities, notification: true
2026-05-18 14:00:38 INFO  o.s.a.m.s.a.McpServerAutoConfiguration - Enable completions capabilities
2026-05-18 14:00:38 INFO  i.m.server.McpAsyncServer - Client initialize request - Protocol: 2025-11-25, Capabilities: ClientCapabilities[experimental=null, roots=null, sampling=null], Info: Implementation[name=q-chat-plugin, version=1.0.0]
2026-05-18 14:00:38 WARN  i.m.server.McpAsyncServer - Client requested unsupported protocol version: 2025-11-25, so the server will suggest the 2024-11-05 version instead
2026-05-18 14:00:38 INFO  c.c.m.McpServerApplication - Started McpServerApplication in 0.801 seconds (process running for 1.002)
2026-05-18 14:43:24 INFO  c.c.m.McpServerApplication - Starting McpServerApplication v1.0-SNAPSHOT using Java 21.0.10 with PID 42918 (/Users/vivekpandey/Documents/Project/twdc/Mysql_mcp_server/target/mysql-mcp-server-1.0-SNAPSHOT.jar started by vivekpandey in /Users/vivekpandey/Documents/Project/twdc/Mysql_mcp_server)
2026-05-18 14:43:24 INFO  c.c.m.McpServerApplication - The following 1 profile is active: "mcp"
2026-05-18 14:43:25 INFO  o.s.a.m.s.a.McpServerAutoConfiguration - Enable tools capabilities, notification: true
2026-05-18 14:43:25 INFO  o.s.a.m.s.a.McpServerAutoConfiguration - Registered tools: 5
2026-05-18 14:43:25 INFO  o.s.a.m.s.a.McpServerAutoConfiguration - Enable resources capabilities, notification: true
2026-05-18 14:43:25 INFO  o.s.a.m.s.a.McpServerAutoConfiguration - Enable prompts capabilities, notification: true
2026-05-18 14:43:25 INFO  o.s.a.m.s.a.McpServerAutoConfiguration - Enable completions capabilities
2026-05-18 14:43:25 INFO  i.m.server.McpAsyncServer - Client initialize request - Protocol: 2025-11-25, Capabilities: ClientCapabilities[experimental=null, roots=null, sampling=null], Info: Implementation[name=q-chat-plugin, version=1.0.0]
2026-05-18 14:43:25 WARN  i.m.server.McpAsyncServer - Client requested unsupported protocol version: 2025-11-25, so the server will suggest the 2024-11-05 version instead
2026-05-18 14:43:25 INFO  c.c.m.McpServerApplication - Started McpServerApplication in 0.794 seconds (process running for 1.006)
2026-05-18 15:27:09 INFO  c.c.m.McpServerApplication - Starting McpServerApplication v1.0-SNAPSHOT using Java 21.0.10 with PID 43973 (/Users/vivekpandey/Documents/Project/twdc/Mysql_mcp_server/target/mysql-mcp-server-1.0-SNAPSHOT.jar started by vivekpandey in /Users/vivekpandey/Documents/Project/twdc/Mysql_mcp_server)
2026-05-18 15:27:09 INFO  c.c.m.McpServerApplication - The following 1 profile is active: "mcp"
2026-05-18 15:27:10 INFO  o.s.a.m.s.a.McpServerAutoConfiguration - Enable tools capabilities, notification: true
2026-05-18 15:27:10 INFO  o.s.a.m.s.a.McpServerAutoConfiguration - Registered tools: 5
2026-05-18 15:27:10 INFO  o.s.a.m.s.a.McpServerAutoConfiguration - Enable resources capabilities, notification: true
2026-05-18 15:27:10 INFO  o.s.a.m.s.a.McpServerAutoConfiguration - Enable prompts capabilities, notification: true
2026-05-18 15:27:10 INFO  o.s.a.m.s.a.McpServerAutoConfiguration - Enable completions capabilities
2026-05-18 15:27:10 INFO  i.m.server.McpAsyncServer - Client initialize request - Protocol: 2025-11-25, Capabilities: ClientCapabilities[experimental=null, roots=null, sampling=null], Info: Implementation[name=q-chat-plugin, version=1.0.0]
2026-05-18 15:27:10 WARN  i.m.server.McpAsyncServer - Client requested unsupported protocol version: 2025-11-25, so the server will suggest the 2024-11-05 version instead
2026-05-18 15:27:10 INFO  c.c.m.McpServerApplication - Started McpServerApplication in 1.193 seconds (process running for 1.664)
2026-05-18 15:27:13 INFO  c.c.m.McpServerApplication - Starting McpServerApplication v1.0-SNAPSHOT using Java 21.0.10 with PID 44010 (/Users/vivekpandey/Documents/Project/twdc/Mysql_mcp_server/target/mysql-mcp-server-1.0-SNAPSHOT.jar started by vivekpandey in /Users/vivekpandey/Documents/Project/twdc/Mysql_mcp_server)
2026-05-18 15:27:13 INFO  c.c.m.McpServerApplication - The following 1 profile is active: "mcp"
2026-05-18 15:27:14 INFO  o.s.a.m.s.a.McpServerAutoConfiguration - Enable tools capabilities, notification: true
2026-05-18 15:27:14 INFO  o.s.a.m.s.a.McpServerAutoConfiguration - Registered tools: 5
2026-05-18 15:27:14 INFO  o.s.a.m.s.a.McpServerAutoConfiguration - Enable resources capabilities, notification: true
2026-05-18 15:27:14 INFO  o.s.a.m.s.a.McpServerAutoConfiguration - Enable prompts capabilities, notification: true
2026-05-18 15:27:14 INFO  o.s.a.m.s.a.McpServerAutoConfiguration - Enable completions capabilities
2026-05-18 15:27:14 INFO  i.m.server.McpAsyncServer - Client initialize request - Protocol: 2025-11-25, Capabilities: ClientCapabilities[experimental=null, roots=null, sampling=null], Info: Implementation[name=q-chat-plugin, version=1.0.0]
2026-05-18 15:27:14 WARN  i.m.server.McpAsyncServer - Client requested unsupported protocol version: 2025-11-25, so the server will suggest the 2024-11-05 version instead
2026-05-18 15:27:14 INFO  c.c.m.McpServerApplication - Started McpServerApplication in 1.359 seconds (process running for 1.872)
2026-05-18 16:08:52 INFO  c.c.m.McpServerApplication - Starting McpServerApplication v1.0-SNAPSHOT using Java 21.0.10 with PID 46426 (/Users/vivekpandey/Documents/Project/twdc/Mysql_mcp_server/target/mysql-mcp-server-1.0-SNAPSHOT.jar started by vivekpandey in /Users/vivekpandey/Documents/Project/twdc/Mysql_mcp_server)
2026-05-18 16:08:52 INFO  c.c.m.McpServerApplication - The following 1 profile is active: "mcp"
2026-05-18 16:08:59 INFO  o.s.a.m.s.a.McpServerAutoConfiguration - Enable tools capabilities, notification: true
2026-05-18 16:08:59 INFO  o.s.a.m.s.a.McpServerAutoConfiguration - Registered tools: 5
2026-05-18 16:08:59 INFO  o.s.a.m.s.a.McpServerAutoConfiguration - Enable resources capabilities, notification: true
2026-05-18 16:08:59 INFO  o.s.a.m.s.a.McpServerAutoConfiguration - Enable prompts capabilities, notification: true
2026-05-18 16:08:59 INFO  o.s.a.m.s.a.McpServerAutoConfiguration - Enable completions capabilities
2026-05-18 16:09:00 INFO  i.m.server.McpAsyncServer - Client initialize request - Protocol: 2025-11-25, Capabilities: ClientCapabilities[experimental=null, roots=null, sampling=null], Info: Implementation[name=q-chat-plugin, version=1.0.0]
2026-05-18 16:09:00 WARN  i.m.server.McpAsyncServer - Client requested unsupported protocol version: 2025-11-25, so the server will suggest the 2024-11-05 version instead
2026-05-18 16:09:00 INFO  c.c.m.McpServerApplication - Started McpServerApplication in 9.746 seconds (process running for 10.311)
2026-05-18 17:12:10 INFO  c.c.m.McpServerApplication - Starting McpServerApplication v1.0-SNAPSHOT using Java 21.0.10 with PID 47421 (/Users/vivekpandey/Documents/Project/twdc/Mysql_mcp_server/target/mysql-mcp-server-1.0-SNAPSHOT.jar started by vivekpandey in /Users/vivekpandey/Documents/Project/twdc/Mysql_mcp_server)
2026-05-18 17:12:10 INFO  c.c.m.McpServerApplication - The following 1 profile is active: "mcp"
2026-05-18 17:12:11 INFO  o.s.a.m.s.a.McpServerAutoConfiguration - Enable tools capabilities, notification: true
2026-05-18 17:12:11 INFO  o.s.a.m.s.a.McpServerAutoConfiguration - Registered tools: 5
2026-05-18 17:12:11 INFO  o.s.a.m.s.a.McpServerAutoConfiguration - Enable resources capabilities, notification: true
2026-05-18 17:12:11 INFO  o.s.a.m.s.a.McpServerAutoConfiguration - Enable prompts capabilities, notification: true
2026-05-18 17:12:11 INFO  o.s.a.m.s.a.McpServerAutoConfiguration - Enable completions capabilities
2026-05-18 17:12:11 INFO  i.m.server.McpAsyncServer - Client initialize request - Protocol: 2025-11-25, Capabilities: ClientCapabilities[experimental=null, roots=null, sampling=null], Info: Implementation[name=q-chat-plugin, version=1.0.0]
2026-05-18 17:12:11 WARN  i.m.server.McpAsyncServer - Client requested unsupported protocol version: 2025-11-25, so the server will suggest the 2024-11-05 version instead
2026-05-18 17:12:11 INFO  c.c.m.McpServerApplication - Started McpServerApplication in 0.687 seconds (process running for 0.864)
2026-05-18 18:06:07 INFO  c.c.m.McpServerApplication - Starting McpServerApplication v1.0-SNAPSHOT using Java 21.0.10 with PID 47944 (/Users/vivekpandey/Documents/Project/twdc/Mysql_mcp_server/target/mysql-mcp-server-1.0-SNAPSHOT.jar started by vivekpandey in /Users/vivekpandey/Documents/Project/twdc/Mysql_mcp_server)
2026-05-18 18:06:07 INFO  c.c.m.McpServerApplication - The following 1 profile is active: "mcp"
2026-05-18 18:06:07 INFO  o.s.a.m.s.a.McpServerAutoConfiguration - Enable tools capabilities, notification: true
2026-05-18 18:06:08 INFO  o.s.a.m.s.a.McpServerAutoConfiguration - Registered tools: 5
2026-05-18 18:06:08 INFO  o.s.a.m.s.a.McpServerAutoConfiguration - Enable resources capabilities, notification: true
2026-05-18 18:06:08 INFO  o.s.a.m.s.a.McpServerAutoConfiguration - Enable prompts capabilities, notification: true
2026-05-18 18:06:08 INFO  o.s.a.m.s.a.McpServerAutoConfiguration - Enable completions capabilities
2026-05-18 18:06:08 INFO  i.m.server.McpAsyncServer - Client initialize request - Protocol: 2025-11-25, Capabilities: ClientCapabilities[experimental=null, roots=null, sampling=null], Info: Implementation[name=q-chat-plugin, version=1.0.0]
2026-05-18 18:06:08 WARN  i.m.server.McpAsyncServer - Client requested unsupported protocol version: 2025-11-25, so the server will suggest the 2024-11-05 version instead
2026-05-18 18:06:08 INFO  c.c.m.McpServerApplication - Started McpServerApplication in 0.787 seconds (process running for 0.99)
2026-05-18 18:48:38 INFO  c.c.m.McpServerApplication - Starting McpServerApplication v1.0-SNAPSHOT using Java 21.0.10 with PID 49097 (/Users/vivekpandey/Documents/Project/twdc/Mysql_mcp_server/target/mysql-mcp-server-1.0-SNAPSHOT.jar started by vivekpandey in /Users/vivekpandey/Documents/Project/twdc/Mysql_mcp_server)
2026-05-18 18:48:38 INFO  c.c.m.McpServerApplication - The following 1 profile is active: "mcp"
2026-05-18 18:48:38 INFO  o.s.a.m.s.a.McpServerAutoConfiguration - Enable tools capabilities, notification: true
2026-05-18 18:48:38 INFO  o.s.a.m.s.a.McpServerAutoConfiguration - Registered tools: 5
2026-05-18 18:48:38 INFO  o.s.a.m.s.a.McpServerAutoConfiguration - Enable resources capabilities, notification: true
2026-05-18 18:48:38 INFO  o.s.a.m.s.a.McpServerAutoConfiguration - Enable prompts capabilities, notification: true
2026-05-18 18:48:38 INFO  o.s.a.m.s.a.McpServerAutoConfiguration - Enable completions capabilities
2026-05-18 18:48:38 INFO  i.m.server.McpAsyncServer - Client initialize request - Protocol: 2025-11-25, Capabilities: ClientCapabilities[experimental=null, roots=null, sampling=null], Info: Implementation[name=q-chat-plugin, version=1.0.0]
2026-05-18 18:48:38 WARN  i.m.server.McpAsyncServer - Client requested unsupported protocol version: 2025-11-25, so the server will suggest the 2024-11-05 version instead
2026-05-18 18:48:39 INFO  c.c.m.McpServerApplication - Started McpServerApplication in 0.837 seconds (process running for 1.053)
2026-05-18 19:31:09 INFO  c.c.m.McpServerApplication - Starting McpServerApplication v1.0-SNAPSHOT using Java 21.0.10 with PID 50456 (/Users/vivekpandey/Documents/Project/twdc/Mysql_mcp_server/target/mysql-mcp-server-1.0-SNAPSHOT.jar started by vivekpandey in /Users/vivekpandey/Documents/Project/twdc/Mysql_mcp_server)
2026-05-18 19:31:09 INFO  c.c.m.McpServerApplication - The following 1 profile is active: "mcp"
2026-05-18 19:31:10 INFO  o.s.a.m.s.a.McpServerAutoConfiguration - Enable tools capabilities, notification: true
2026-05-18 19:31:10 INFO  o.s.a.m.s.a.McpServerAutoConfiguration - Registered tools: 5
2026-05-18 19:31:10 INFO  o.s.a.m.s.a.McpServerAutoConfiguration - Enable resources capabilities, notification: true
2026-05-18 19:31:10 INFO  o.s.a.m.s.a.McpServerAutoConfiguration - Enable prompts capabilities, notification: true
2026-05-18 19:31:10 INFO  o.s.a.m.s.a.McpServerAutoConfiguration - Enable completions capabilities
2026-05-18 19:31:10 INFO  i.m.server.McpAsyncServer - Client initialize request - Protocol: 2025-11-25, Capabilities: ClientCapabilities[experimental=null, roots=null, sampling=null], Info: Implementation[name=q-chat-plugin, version=1.0.0]
2026-05-18 19:31:10 WARN  i.m.server.McpAsyncServer - Client requested unsupported protocol version: 2025-11-25, so the server will suggest the 2024-11-05 version instead
2026-05-18 19:31:10 INFO  c.c.m.McpServerApplication - Started McpServerApplication in 0.842 seconds (process running for 1.091)
2026-05-18 22:49:36 INFO  c.c.m.McpServerApplication - Starting McpServerApplication v1.0-SNAPSHOT using Java 21.0.10 with PID 51545 (/Users/vivekpandey/Documents/Project/twdc/Mysql_mcp_server/target/mysql-mcp-server-1.0-SNAPSHOT.jar started by vivekpandey in /Users/vivekpandey/Documents/Project/twdc/Mysql_mcp_server)
2026-05-18 22:49:36 INFO  c.c.m.McpServerApplication - The following 1 profile is active: "mcp"
2026-05-18 22:49:36 INFO  o.s.a.m.s.a.McpServerAutoConfiguration - Enable tools capabilities, notification: true
2026-05-18 22:49:36 INFO  o.s.a.m.s.a.McpServerAutoConfiguration - Registered tools: 5
2026-05-18 22:49:36 INFO  o.s.a.m.s.a.McpServerAutoConfiguration - Enable resources capabilities, notification: true
2026-05-18 22:49:36 INFO  o.s.a.m.s.a.McpServerAutoConfiguration - Enable prompts capabilities, notification: true
2026-05-18 22:49:36 INFO  o.s.a.m.s.a.McpServerAutoConfiguration - Enable completions capabilities
2026-05-18 22:49:36 INFO  i.m.server.McpAsyncServer - Client initialize request - Protocol: 2025-11-25, Capabilities: ClientCapabilities[experimental=null, roots=null, sampling=null], Info: Implementation[name=q-chat-plugin, version=1.0.0]
2026-05-18 22:49:36 WARN  i.m.server.McpAsyncServer - Client requested unsupported protocol version: 2025-11-25, so the server will suggest the 2024-11-05 version instead
2026-05-18 22:49:36 INFO  c.c.m.McpServerApplication - Started McpServerApplication in 0.82 seconds (process running for 1.029)
2026-05-19 04:18:21 INFO  c.c.m.McpServerApplication - Starting McpServerApplication v1.0-SNAPSHOT using Java 21.0.10 with PID 52910 (/Users/vivekpandey/Documents/Project/twdc/Mysql_mcp_server/target/mysql-mcp-server-1.0-SNAPSHOT.jar started by vivekpandey in /Users/vivekpandey/Documents/Project/twdc/Mysql_mcp_server)
2026-05-19 04:18:21 INFO  c.c.m.McpServerApplication - The following 1 profile is active: "mcp"
2026-05-19 04:18:22 INFO  o.s.a.m.s.a.McpServerAutoConfiguration - Enable tools capabilities, notification: true
2026-05-19 04:18:22 INFO  o.s.a.m.s.a.McpServerAutoConfiguration - Registered tools: 5
2026-05-19 04:18:22 INFO  o.s.a.m.s.a.McpServerAutoConfiguration - Enable resources capabilities, notification: true
2026-05-19 04:18:22 INFO  o.s.a.m.s.a.McpServerAutoConfiguration - Enable prompts capabilities, notification: true
2026-05-19 04:18:22 INFO  o.s.a.m.s.a.McpServerAutoConfiguration - Enable completions capabilities
2026-05-19 04:18:22 INFO  i.m.server.McpAsyncServer - Client initialize request - Protocol: 2025-11-25, Capabilities: ClientCapabilities[experimental=null, roots=null, sampling=null], Info: Implementation[name=q-chat-plugin, version=1.0.0]
2026-05-19 04:18:22 WARN  i.m.server.McpAsyncServer - Client requested unsupported protocol version: 2025-11-25, so the server will suggest the 2024-11-05 version instead
2026-05-19 04:18:22 INFO  c.c.m.McpServerApplication - Started McpServerApplication in 0.817 seconds (process running for 1.032)
2026-05-19 08:42:44 INFO  c.c.m.McpServerApplication - Starting McpServerApplication v1.0-SNAPSHOT using Java 21.0.10 with PID 54073 (/Users/vivekpandey/Documents/Project/twdc/Mysql_mcp_server/target/mysql-mcp-server-1.0-SNAPSHOT.jar started by vivekpandey in /Users/vivekpandey/Documents/Project/twdc/Mysql_mcp_server)
2026-05-19 08:42:44 INFO  c.c.m.McpServerApplication - The following 1 profile is active: "mcp"
2026-05-19 08:42:45 INFO  o.s.a.m.s.a.McpServerAutoConfiguration - Enable tools capabilities, notification: true
2026-05-19 08:42:45 INFO  o.s.a.m.s.a.McpServerAutoConfiguration - Registered tools: 5
2026-05-19 08:42:45 INFO  o.s.a.m.s.a.McpServerAutoConfiguration - Enable resources capabilities, notification: true
2026-05-19 08:42:45 INFO  o.s.a.m.s.a.McpServerAutoConfiguration - Enable prompts capabilities, notification: true
2026-05-19 08:42:45 INFO  o.s.a.m.s.a.McpServerAutoConfiguration - Enable completions capabilities
2026-05-19 08:42:46 INFO  i.m.server.McpAsyncServer - Client initialize request - Protocol: 2025-11-25, Capabilities: ClientCapabilities[experimental=null, roots=null, sampling=null], Info: Implementation[name=q-chat-plugin, version=1.0.0]
2026-05-19 08:42:46 WARN  i.m.server.McpAsyncServer - Client requested unsupported protocol version: 2025-11-25, so the server will suggest the 2024-11-05 version instead
2026-05-19 08:42:46 INFO  c.c.m.McpServerApplication - Started McpServerApplication in 2.567 seconds (process running for 2.979)
2026-05-19 10:41:22 INFO  c.c.m.McpServerApplication - Starting McpServerApplication v1.0-SNAPSHOT using Java 21.0.10 with PID 54970 (/Users/vivekpandey/Documents/Project/twdc/Mysql_mcp_server/target/mysql-mcp-server-1.0-SNAPSHOT.jar started by vivekpandey in /Users/vivekpandey/Documents/Project/twdc/Mysql_mcp_server)
2026-05-19 10:41:22 INFO  c.c.m.McpServerApplication - The following 1 profile is active: "mcp"
2026-05-19 10:41:22 INFO  o.s.a.m.s.a.McpServerAutoConfiguration - Enable tools capabilities, notification: true
2026-05-19 10:41:22 INFO  o.s.a.m.s.a.McpServerAutoConfiguration - Registered tools: 5
2026-05-19 10:41:22 INFO  o.s.a.m.s.a.McpServerAutoConfiguration - Enable resources capabilities, notification: true
2026-05-19 10:41:22 INFO  o.s.a.m.s.a.McpServerAutoConfiguration - Enable prompts capabilities, notification: true
2026-05-19 10:41:22 INFO  o.s.a.m.s.a.McpServerAutoConfiguration - Enable completions capabilities
2026-05-19 10:41:23 INFO  i.m.server.McpAsyncServer - Client initialize request - Protocol: 2025-11-25, Capabilities: ClientCapabilities[experimental=null, roots=null, sampling=null], Info: Implementation[name=q-chat-plugin, version=1.0.0]
2026-05-19 10:41:23 WARN  i.m.server.McpAsyncServer - Client requested unsupported protocol version: 2025-11-25, so the server will suggest the 2024-11-05 version instead
2026-05-19 10:41:23 INFO  c.c.m.McpServerApplication - Started McpServerApplication in 0.583 seconds (process running for 0.759)
2026-05-19 11:27:27 INFO  c.c.m.McpServerApplication - Starting McpServerApplication v1.0-SNAPSHOT using Java 21.0.10 with PID 56183 (/Users/vivekpandey/Documents/Project/twdc/Mysql_mcp_server/target/mysql-mcp-server-1.0-SNAPSHOT.jar started by vivekpandey in /Users/vivekpandey/Documents/Project/twdc/Mysql_mcp_server)
2026-05-19 11:27:27 INFO  c.c.m.McpServerApplication - The following 1 profile is active: "mcp"
2026-05-19 11:27:28 INFO  o.s.a.m.s.a.McpServerAutoConfiguration - Enable tools capabilities, notification: true
2026-05-19 11:27:28 INFO  o.s.a.m.s.a.McpServerAutoConfiguration - Registered tools: 5
2026-05-19 11:27:28 INFO  o.s.a.m.s.a.McpServerAutoConfiguration - Enable resources capabilities, notification: true
2026-05-19 11:27:28 INFO  o.s.a.m.s.a.McpServerAutoConfiguration - Enable prompts capabilities, notification: true
2026-05-19 11:27:28 INFO  o.s.a.m.s.a.McpServerAutoConfiguration - Enable completions capabilities
2026-05-19 11:27:28 INFO  i.m.server.McpAsyncServer - Client initialize request - Protocol: 2025-11-25, Capabilities: ClientCapabilities[experimental=null, roots=null, sampling=null], Info: Implementation[name=q-chat-plugin, version=1.0.0]
2026-05-19 11:27:28 WARN  i.m.server.McpAsyncServer - Client requested unsupported protocol version: 2025-11-25, so the server will suggest the 2024-11-05 version instead
2026-05-19 11:27:28 INFO  c.c.m.McpServerApplication - Started McpServerApplication in 0.675 seconds (process running for 0.857)
2026-05-19 12:11:50 INFO  c.c.m.McpServerApplication - Starting McpServerApplication v1.0-SNAPSHOT using Java 21.0.10 with PID 57586 (/Users/vivekpandey/Documents/Project/twdc/Mysql_mcp_server/target/mysql-mcp-server-1.0-SNAPSHOT.jar started by vivekpandey in /Users/vivekpandey/Documents/Project/twdc/Mysql_mcp_server)
2026-05-19 12:11:50 INFO  c.c.m.McpServerApplication - The following 1 profile is active: "mcp"
2026-05-19 12:11:50 INFO  o.s.a.m.s.a.McpServerAutoConfiguration - Enable tools capabilities, notification: true
2026-05-19 12:11:50 INFO  o.s.a.m.s.a.McpServerAutoConfiguration - Registered tools: 5
2026-05-19 12:11:50 INFO  o.s.a.m.s.a.McpServerAutoConfiguration - Enable resources capabilities, notification: true
2026-05-19 12:11:50 INFO  o.s.a.m.s.a.McpServerAutoConfiguration - Enable prompts capabilities, notification: true
2026-05-19 12:11:50 INFO  o.s.a.m.s.a.McpServerAutoConfiguration - Enable completions capabilities
2026-05-19 12:11:50 INFO  i.m.server.McpAsyncServer - Client initialize request - Protocol: 2025-11-25, Capabilities: ClientCapabilities[experimental=null, roots=null, sampling=null], Info: Implementation[name=q-chat-plugin, version=1.0.0]
2026-05-19 12:11:50 WARN  i.m.server.McpAsyncServer - Client requested unsupported protocol version: 2025-11-25, so the server will suggest the 2024-11-05 version instead
2026-05-19 12:11:50 INFO  c.c.m.McpServerApplication - Started McpServerApplication in 0.647 seconds (process running for 0.821)
2026-05-19 12:33:25 INFO  c.c.m.McpServerApplication - Starting McpServerApplication v1.0-SNAPSHOT using Java 21.0.10 with PID 58239 (/Users/vivekpandey/Documents/Project/twdc/Mysql_mcp_server/target/mysql-mcp-server-1.0-SNAPSHOT.jar started by vivekpandey in /Users/vivekpandey/Documents/Project/twdc/Mysql_mcp_server)
2026-05-19 12:33:25 INFO  c.c.m.McpServerApplication - The following 1 profile is active: "mcp"
2026-05-19 12:33:26 INFO  o.s.a.m.s.a.McpServerAutoConfiguration - Enable tools capabilities, notification: true
2026-05-19 12:33:26 INFO  o.s.a.m.s.a.McpServerAutoConfiguration - Registered tools: 5
2026-05-19 12:33:26 INFO  o.s.a.m.s.a.McpServerAutoConfiguration - Enable resources capabilities, notification: true
2026-05-19 12:33:26 INFO  o.s.a.m.s.a.McpServerAutoConfiguration - Enable prompts capabilities, notification: true
2026-05-19 12:33:26 INFO  o.s.a.m.s.a.McpServerAutoConfiguration - Enable completions capabilities
2026-05-19 12:33:26 INFO  i.m.server.McpAsyncServer - Client initialize request - Protocol: 2025-11-25, Capabilities: ClientCapabilities[experimental=null, roots=null, sampling=null], Info: Implementation[name=q-chat-plugin, version=1.0.0]
2026-05-19 12:33:26 WARN  i.m.server.McpAsyncServer - Client requested unsupported protocol version: 2025-11-25, so the server will suggest the 2024-11-05 version instead
2026-05-19 12:33:27 INFO  c.c.m.McpServerApplication - Started McpServerApplication in 2.873 seconds (process running for 3.188)
2026-05-19 12:54:13 INFO  c.c.m.McpServerApplication - Starting McpServerApplication v1.0-SNAPSHOT using Java 21.0.10 with PID 59047 (/Users/vivekpandey/Documents/Project/twdc/Mysql_mcp_server/target/mysql-mcp-server-1.0-SNAPSHOT.jar started by vivekpandey in /Users/vivekpandey/Documents/Project/twdc/Mysql_mcp_server)
2026-05-19 12:54:13 INFO  c.c.m.McpServerApplication - The following 1 profile is active: "mcp"
2026-05-19 12:54:13 INFO  o.s.a.m.s.a.McpServerAutoConfiguration - Enable tools capabilities, notification: true
2026-05-19 12:54:13 INFO  o.s.a.m.s.a.McpServerAutoConfiguration - Registered tools: 5
2026-05-19 12:54:13 INFO  o.s.a.m.s.a.McpServerAutoConfiguration - Enable resources capabilities, notification: true
2026-05-19 12:54:13 INFO  o.s.a.m.s.a.McpServerAutoConfiguration - Enable prompts capabilities, notification: true
2026-05-19 12:54:13 INFO  o.s.a.m.s.a.McpServerAutoConfiguration - Enable completions capabilities
2026-05-19 12:54:13 INFO  i.m.server.McpAsyncServer - Client initialize request - Protocol: 2025-11-25, Capabilities: ClientCapabilities[experimental=null, roots=null, sampling=null], Info: Implementation[name=q-chat-plugin, version=1.0.0]
2026-05-19 12:54:13 WARN  i.m.server.McpAsyncServer - Client requested unsupported protocol version: 2025-11-25, so the server will suggest the 2024-11-05 version instead
2026-05-19 12:54:13 INFO  c.c.m.McpServerApplication - Started McpServerApplication in 0.826 seconds (process running for 1.064)
2026-05-19 13:03:22 INFO  c.c.m.McpServerApplication - Starting McpServerApplication v1.0-SNAPSHOT using Java 21.0.10 with PID 59222 (/Users/vivekpandey/Documents/Project/twdc/Mysql_mcp_server/target/mysql-mcp-server-1.0-SNAPSHOT.jar started by vivekpandey in /Users/vivekpandey/Documents/Project/twdc/Mysql_mcp_server)
2026-05-19 13:03:22 INFO  c.c.m.McpServerApplication - The following 1 profile is active: "mcp"
2026-05-19 13:03:22 INFO  o.s.a.m.s.a.McpServerAutoConfiguration - Enable tools capabilities, notification: true
2026-05-19 13:03:22 INFO  o.s.a.m.s.a.McpServerAutoConfiguration - Registered tools: 5
2026-05-19 13:03:22 INFO  o.s.a.m.s.a.McpServerAutoConfiguration - Enable resources capabilities, notification: true
2026-05-19 13:03:22 INFO  o.s.a.m.s.a.McpServerAutoConfiguration - Enable prompts capabilities, notification: true
2026-05-19 13:03:22 INFO  o.s.a.m.s.a.McpServerAutoConfiguration - Enable completions capabilities
2026-05-19 13:03:22 INFO  i.m.server.McpAsyncServer - Client initialize request - Protocol: 2025-11-25, Capabilities: ClientCapabilities[experimental=null, roots=null, sampling=null], Info: Implementation[name=q-chat-plugin, version=1.0.0]
2026-05-19 13:03:22 WARN  i.m.server.McpAsyncServer - Client requested unsupported protocol version: 2025-11-25, so the server will suggest the 2024-11-05 version instead
2026-05-19 13:03:22 INFO  c.c.m.McpServerApplication - Started McpServerApplication in 0.669 seconds (process running for 0.843)
2026-05-19 14:05:07 INFO  c.c.m.McpServerApplication - Starting McpServerApplication v1.0-SNAPSHOT using Java 21.0.10 with PID 59900 (/Users/vivekpandey/Documents/Project/twdc/Mysql_mcp_server/target/mysql-mcp-server-1.0-SNAPSHOT.jar started by vivekpandey in /Users/vivekpandey/Documents/Project/twdc/Mysql_mcp_server)
2026-05-19 14:05:07 INFO  c.c.m.McpServerApplication - The following 1 profile is active: "mcp"
2026-05-19 14:05:08 INFO  o.s.a.m.s.a.McpServerAutoConfiguration - Enable tools capabilities, notification: true
2026-05-19 14:05:08 INFO  o.s.a.m.s.a.McpServerAutoConfiguration - Registered tools: 5
2026-05-19 14:05:08 INFO  o.s.a.m.s.a.McpServerAutoConfiguration - Enable resources capabilities, notification: true
2026-05-19 14:05:08 INFO  o.s.a.m.s.a.McpServerAutoConfiguration - Enable prompts capabilities, notification: true
2026-05-19 14:05:08 INFO  o.s.a.m.s.a.McpServerAutoConfiguration - Enable completions capabilities
2026-05-19 14:05:08 INFO  i.m.server.McpAsyncServer - Client initialize request - Protocol: 2025-11-25, Capabilities: ClientCapabilities[experimental=null, roots=null, sampling=null], Info: Implementation[name=q-chat-plugin, version=1.0.0]
2026-05-19 14:05:08 WARN  i.m.server.McpAsyncServer - Client requested unsupported protocol version: 2025-11-25, so the server will suggest the 2024-11-05 version instead
2026-05-19 14:05:08 INFO  c.c.m.McpServerApplication - Started McpServerApplication in 0.828 seconds (process running for 1.04)
2026-05-19 14:18:59 INFO  c.c.m.McpServerApplication - Starting McpServerApplication v1.0-SNAPSHOT using Java 21.0.10 with PID 63292 (/Users/vivekpandey/Documents/Project/twdc/Mysql_mcp_server/target/mysql-mcp-server-1.0-SNAPSHOT.jar started by vivekpandey in /Users/vivekpandey/Documents/Project/twdc/Mysql_mcp_server)
2026-05-19 14:18:59 INFO  c.c.m.McpServerApplication - The following 1 profile is active: "mcp"
2026-05-19 14:19:00 INFO  o.s.a.m.s.a.McpServerAutoConfiguration - Enable tools capabilities, notification: true
2026-05-19 14:19:00 INFO  o.s.a.m.s.a.McpServerAutoConfiguration - Registered tools: 5
2026-05-19 14:19:00 INFO  o.s.a.m.s.a.McpServerAutoConfiguration - Enable resources capabilities, notification: true
2026-05-19 14:19:00 INFO  o.s.a.m.s.a.McpServerAutoConfiguration - Enable prompts capabilities, notification: true
2026-05-19 14:19:00 INFO  o.s.a.m.s.a.McpServerAutoConfiguration - Enable completions capabilities
2026-05-19 14:19:00 INFO  i.m.server.McpAsyncServer - Client initialize request - Protocol: 2025-11-25, Capabilities: ClientCapabilities[experimental=null, roots=null, sampling=null], Info: Implementation[name=q-chat-plugin, version=1.0.0]
2026-05-19 14:19:00 WARN  i.m.server.McpAsyncServer - Client requested unsupported protocol version: 2025-11-25, so the server will suggest the 2024-11-05 version instead
2026-05-19 14:19:01 INFO  c.c.m.McpServerApplication - Started McpServerApplication in 1.418 seconds (process running for 1.66)
2026-05-19 14:46:17 INFO  c.c.m.McpServerApplication - Starting McpServerApplication v1.0-SNAPSHOT using Java 21.0.10 with PID 64319 (/Users/vivekpandey/Documents/Project/twdc/Mysql_mcp_server/target/mysql-mcp-server-1.0-SNAPSHOT.jar started by vivekpandey in /Users/vivekpandey/Documents/Project/twdc/Mysql_mcp_server)
2026-05-19 14:46:17 INFO  c.c.m.McpServerApplication - The following 1 profile is active: "mcp"
2026-05-19 14:46:18 INFO  o.s.a.m.s.a.McpServerAutoConfiguration - Enable tools capabilities, notification: true
2026-05-19 14:46:18 INFO  o.s.a.m.s.a.McpServerAutoConfiguration - Registered tools: 5
2026-05-19 14:46:18 INFO  o.s.a.m.s.a.McpServerAutoConfiguration - Enable resources capabilities, notification: true
2026-05-19 14:46:18 INFO  o.s.a.m.s.a.McpServerAutoConfiguration - Enable prompts capabilities, notification: true
2026-05-19 14:46:18 INFO  o.s.a.m.s.a.McpServerAutoConfiguration - Enable completions capabilities
2026-05-19 14:46:18 INFO  i.m.server.McpAsyncServer - Client initialize request - Protocol: 2025-11-25, Capabilities: ClientCapabilities[experimental=null, roots=null, sampling=null], Info: Implementation[name=q-chat-plugin, version=1.0.0]
2026-05-19 14:46:18 WARN  i.m.server.McpAsyncServer - Client requested unsupported protocol version: 2025-11-25, so the server will suggest the 2024-11-05 version instead
2026-05-19 14:46:18 INFO  c.c.m.McpServerApplication - Started McpServerApplication in 1.042 seconds (process running for 1.307)
2026-05-19 18:07:15 INFO  c.c.m.McpServerApplication - Starting McpServerApplication v1.0-SNAPSHOT using Java 21.0.10 with PID 65738 (/Users/vivekpandey/Documents/Project/twdc/Mysql_mcp_server/target/mysql-mcp-server-1.0-SNAPSHOT.jar started by vivekpandey in /Users/vivekpandey/Documents/Project/twdc/Mysql_mcp_server)
2026-05-19 18:07:15 INFO  c.c.m.McpServerApplication - The following 1 profile is active: "mcp"
2026-05-19 18:07:15 INFO  o.s.a.m.s.a.McpServerAutoConfiguration - Enable tools capabilities, notification: true
2026-05-19 18:07:15 INFO  o.s.a.m.s.a.McpServerAutoConfiguration - Registered tools: 5
2026-05-19 18:07:15 INFO  o.s.a.m.s.a.McpServerAutoConfiguration - Enable resources capabilities, notification: true
2026-05-19 18:07:15 INFO  o.s.a.m.s.a.McpServerAutoConfiguration - Enable prompts capabilities, notification: true
2026-05-19 18:07:15 INFO  o.s.a.m.s.a.McpServerAutoConfiguration - Enable completions capabilities
2026-05-19 18:07:16 INFO  i.m.server.McpAsyncServer - Client initialize request - Protocol: 2025-11-25, Capabilities: ClientCapabilities[experimental=null, roots=null, sampling=null], Info: Implementation[name=q-chat-plugin, version=1.0.0]
2026-05-19 18:07:16 WARN  i.m.server.McpAsyncServer - Client requested unsupported protocol version: 2025-11-25, so the server will suggest the 2024-11-05 version instead
2026-05-19 18:07:16 INFO  c.c.m.McpServerApplication - Started McpServerApplication in 1.037 seconds (process running for 1.304)
2026-05-20 21:42:40 INFO  c.c.m.McpServerApplication - Starting McpServerApplication v1.0-SNAPSHOT using Java 21.0.10 with PID 31209 (/Users/vivekpandey/Documents/Project/twdc/Mysql_mcp_server/target/mysql-mcp-server-1.0-SNAPSHOT.jar started by vivekpandey in /Users/vivekpandey/Documents/Project/twdc/Mysql_mcp_server)
2026-05-20 21:42:40 INFO  c.c.m.McpServerApplication - The following 1 profile is active: "mcp"
2026-05-20 21:42:40 INFO  o.s.a.m.s.a.McpServerAutoConfiguration - Enable tools capabilities, notification: true
2026-05-20 21:42:40 INFO  o.s.a.m.s.a.McpServerAutoConfiguration - Registered tools: 5
2026-05-20 21:42:40 INFO  o.s.a.m.s.a.McpServerAutoConfiguration - Enable resources capabilities, notification: true
2026-05-20 21:42:40 INFO  o.s.a.m.s.a.McpServerAutoConfiguration - Enable prompts capabilities, notification: true
2026-05-20 21:42:40 INFO  o.s.a.m.s.a.McpServerAutoConfiguration - Enable completions capabilities
2026-05-20 21:42:40 INFO  i.m.server.McpAsyncServer - Client initialize request - Protocol: 2025-11-25, Capabilities: ClientCapabilities[experimental=null, roots=null, sampling=null], Info: Implementation[name=q-chat-plugin, version=1.0.0]
2026-05-20 21:42:40 WARN  i.m.server.McpAsyncServer - Client requested unsupported protocol version: 2025-11-25, so the server will suggest the 2024-11-05 version instead
2026-05-20 21:42:41 INFO  c.c.m.McpServerApplication - Started McpServerApplication in 1.488 seconds (process running for 1.99)
2026-05-20 21:42:41 INFO  c.c.m.McpServerApplication - Starting McpServerApplication v1.0-SNAPSHOT using Java 21.0.10 with PID 31236 (/Users/vivekpandey/Documents/Project/twdc/Mysql_mcp_server/target/mysql-mcp-server-1.0-SNAPSHOT.jar started by vivekpandey in /Users/vivekpandey/Documents/Project/twdc/Mysql_mcp_server)
2026-05-20 21:42:41 INFO  c.c.m.McpServerApplication - The following 1 profile is active: "mcp"
2026-05-20 21:42:42 INFO  o.s.a.m.s.a.McpServerAutoConfiguration - Enable tools capabilities, notification: true
2026-05-20 21:42:42 INFO  o.s.a.m.s.a.McpServerAutoConfiguration - Registered tools: 5
2026-05-20 21:42:42 INFO  o.s.a.m.s.a.McpServerAutoConfiguration - Enable resources capabilities, notification: true
2026-05-20 21:42:42 INFO  o.s.a.m.s.a.McpServerAutoConfiguration - Enable prompts capabilities, notification: true
2026-05-20 21:42:42 INFO  o.s.a.m.s.a.McpServerAutoConfiguration - Enable completions capabilities
2026-05-20 21:42:42 INFO  i.m.server.McpAsyncServer - Client initialize request - Protocol: 2025-11-25, Capabilities: ClientCapabilities[experimental=null, roots=null, sampling=null], Info: Implementation[name=q-chat-plugin, version=1.0.0]
2026-05-20 21:42:42 WARN  i.m.server.McpAsyncServer - Client requested unsupported protocol version: 2025-11-25, so the server will suggest the 2024-11-05 version instead
2026-05-20 21:42:42 INFO  c.c.m.McpServerApplication - Started McpServerApplication in 1.425 seconds (process running for 1.76)
2026-05-20 21:42:43 INFO  c.c.m.McpServerApplication - Starting McpServerApplication v1.0-SNAPSHOT using Java 21.0.10 with PID 31259 (/Users/vivekpandey/Documents/Project/twdc/Mysql_mcp_server/target/mysql-mcp-server-1.0-SNAPSHOT.jar started by vivekpandey in /Users/vivekpandey/Documents/Project/twdc/Mysql_mcp_server)
2026-05-20 21:42:43 INFO  c.c.m.McpServerApplication - The following 1 profile is active: "mcp"
2026-05-20 21:42:44 INFO  o.s.a.m.s.a.McpServerAutoConfiguration - Enable tools capabilities, notification: true
2026-05-20 21:42:44 INFO  o.s.a.m.s.a.McpServerAutoConfiguration - Registered tools: 5
2026-05-20 21:42:44 INFO  o.s.a.m.s.a.McpServerAutoConfiguration - Enable resources capabilities, notification: true
2026-05-20 21:42:44 INFO  o.s.a.m.s.a.McpServerAutoConfiguration - Enable prompts capabilities, notification: true
2026-05-20 21:42:44 INFO  o.s.a.m.s.a.McpServerAutoConfiguration - Enable completions capabilities
2026-05-20 21:42:44 INFO  i.m.server.McpAsyncServer - Client initialize request - Protocol: 2025-11-25, Capabilities: ClientCapabilities[experimental=null, roots=null, sampling=null], Info: Implementation[name=q-chat-plugin, version=1.0.0]
2026-05-20 21:42:44 WARN  i.m.server.McpAsyncServer - Client requested unsupported protocol version: 2025-11-25, so the server will suggest the 2024-11-05 version instead
2026-05-20 21:42:44 INFO  c.c.m.McpServerApplication - Started McpServerApplication in 1.435 seconds (process running for 1.734)
2026-05-20 23:51:47 INFO  c.c.m.McpServerApplication - Starting McpServerApplication v1.0-SNAPSHOT using Java 21.0.10 with PID 32048 (/Users/vivekpandey/Documents/Project/twdc/Mysql_mcp_server/target/mysql-mcp-server-1.0-SNAPSHOT.jar started by vivekpandey in /Users/vivekpandey/Documents/Project/twdc/Mysql_mcp_server)
2026-05-20 23:51:47 INFO  c.c.m.McpServerApplication - The following 1 profile is active: "mcp"
2026-05-20 23:51:48 INFO  o.s.a.m.s.a.McpServerAutoConfiguration - Enable tools capabilities, notification: true
2026-05-20 23:51:48 INFO  o.s.a.m.s.a.McpServerAutoConfiguration - Registered tools: 5
2026-05-20 23:51:48 INFO  o.s.a.m.s.a.McpServerAutoConfiguration - Enable resources capabilities, notification: true
2026-05-20 23:51:48 INFO  o.s.a.m.s.a.McpServerAutoConfiguration - Enable prompts capabilities, notification: true
2026-05-20 23:51:48 INFO  o.s.a.m.s.a.McpServerAutoConfiguration - Enable completions capabilities
2026-05-20 23:51:48 INFO  i.m.server.McpAsyncServer - Client initialize request - Protocol: 2025-11-25, Capabilities: ClientCapabilities[experimental=null, roots=null, sampling=null], Info: Implementation[name=q-chat-plugin, version=1.0.0]
2026-05-20 23:51:48 WARN  i.m.server.McpAsyncServer - Client requested unsupported protocol version: 2025-11-25, so the server will suggest the 2024-11-05 version instead
2026-05-20 23:51:48 INFO  c.c.m.McpServerApplication - Started McpServerApplication in 1.184 seconds (process running for 1.421)
2026-05-20 23:51:49 INFO  c.c.m.McpServerApplication - Starting McpServerApplication v1.0-SNAPSHOT using Java 21.0.10 with PID 32069 (/Users/vivekpandey/Documents/Project/twdc/Mysql_mcp_server/target/mysql-mcp-server-1.0-SNAPSHOT.jar started by vivekpandey in /Users/vivekpandey/Documents/Project/twdc/Mysql_mcp_server)
2026-05-20 23:51:49 INFO  c.c.m.McpServerApplication - The following 1 profile is active: "mcp"
2026-05-20 23:51:50 INFO  o.s.a.m.s.a.McpServerAutoConfiguration - Enable tools capabilities, notification: true
2026-05-20 23:51:50 INFO  o.s.a.m.s.a.McpServerAutoConfiguration - Registered tools: 5
2026-05-20 23:51:50 INFO  o.s.a.m.s.a.McpServerAutoConfiguration - Enable resources capabilities, notification: true
2026-05-20 23:51:50 INFO  o.s.a.m.s.a.McpServerAutoConfiguration - Enable prompts capabilities, notification: true
2026-05-20 23:51:50 INFO  o.s.a.m.s.a.McpServerAutoConfiguration - Enable completions capabilities
2026-05-20 23:51:50 INFO  i.m.server.McpAsyncServer - Client initialize request - Protocol: 2025-11-25, Capabilities: ClientCapabilities[experimental=null, roots=null, sampling=null], Info: Implementation[name=q-chat-plugin, version=1.0.0]
2026-05-20 23:51:50 WARN  i.m.server.McpAsyncServer - Client requested unsupported protocol version: 2025-11-25, so the server will suggest the 2024-11-05 version instead
2026-05-20 23:51:50 INFO  c.c.m.McpServerApplication - Started McpServerApplication in 1.913 seconds (process running for 2.285)
2026-05-20 23:51:51 INFO  c.c.m.McpServerApplication - Starting McpServerApplication v1.0-SNAPSHOT using Java 21.0.10 with PID 32097 (/Users/vivekpandey/Documents/Project/twdc/Mysql_mcp_server/target/mysql-mcp-server-1.0-SNAPSHOT.jar started by vivekpandey in /Users/vivekpandey/Documents/Project/twdc/Mysql_mcp_server)
2026-05-20 23:51:51 INFO  c.c.m.McpServerApplication - The following 1 profile is active: "mcp"
2026-05-20 23:51:53 INFO  o.s.a.m.s.a.McpServerAutoConfiguration - Enable tools capabilities, notification: true
2026-05-20 23:51:53 INFO  o.s.a.m.s.a.McpServerAutoConfiguration - Registered tools: 5
2026-05-20 23:51:53 INFO  o.s.a.m.s.a.McpServerAutoConfiguration - Enable resources capabilities, notification: true
2026-05-20 23:51:53 INFO  o.s.a.m.s.a.McpServerAutoConfiguration - Enable prompts capabilities, notification: true
2026-05-20 23:51:53 INFO  o.s.a.m.s.a.McpServerAutoConfiguration - Enable completions capabilities
2026-05-20 23:51:53 INFO  i.m.server.McpAsyncServer - Client initialize request - Protocol: 2025-11-25, Capabilities: ClientCapabilities[experimental=null, roots=null, sampling=null], Info: Implementation[name=q-chat-plugin, version=1.0.0]
2026-05-20 23:51:53 WARN  i.m.server.McpAsyncServer - Client requested unsupported protocol version: 2025-11-25, so the server will suggest the 2024-11-05 version instead
2026-05-20 23:51:53 INFO  c.c.m.McpServerApplication - Started McpServerApplication in 2.182 seconds (process running for 2.667)
2026-05-20 23:51:54 INFO  c.c.m.McpServerApplication - Starting McpServerApplication v1.0-SNAPSHOT using Java 21.0.10 with PID 32126 (/Users/vivekpandey/Documents/Project/twdc/Mysql_mcp_server/target/mysql-mcp-server-1.0-SNAPSHOT.jar started by vivekpandey in /Users/vivekpandey/Documents/Project/twdc/Mysql_mcp_server)
2026-05-20 23:51:54 INFO  c.c.m.McpServerApplication - The following 1 profile is active: "mcp"
2026-05-20 23:51:55 INFO  o.s.a.m.s.a.McpServerAutoConfiguration - Enable tools capabilities, notification: true
2026-05-20 23:51:55 INFO  o.s.a.m.s.a.McpServerAutoConfiguration - Registered tools: 5
2026-05-20 23:51:55 INFO  o.s.a.m.s.a.McpServerAutoConfiguration - Enable resources capabilities, notification: true
2026-05-20 23:51:55 INFO  o.s.a.m.s.a.McpServerAutoConfiguration - Enable prompts capabilities, notification: true
2026-05-20 23:51:55 INFO  o.s.a.m.s.a.McpServerAutoConfiguration - Enable completions capabilities
2026-05-20 23:51:55 INFO  i.m.server.McpAsyncServer - Client initialize request - Protocol: 2025-11-25, Capabilities: ClientCapabilities[experimental=null, roots=null, sampling=null], Info: Implementation[name=q-chat-plugin, version=1.0.0]
2026-05-20 23:51:55 WARN  i.m.server.McpAsyncServer - Client requested unsupported protocol version: 2025-11-25, so the server will suggest the 2024-11-05 version instead
2026-05-20 23:51:55 INFO  c.c.m.McpServerApplication - Started McpServerApplication in 1.323 seconds (process running for 1.673)
2026-05-20 23:52:05 INFO  c.c.m.McpServerApplication - Starting McpServerApplication v1.0-SNAPSHOT using Java 21.0.10 with PID 32163 (/Users/vivekpandey/Documents/Project/twdc/Mysql_mcp_server/target/mysql-mcp-server-1.0-SNAPSHOT.jar started by vivekpandey in /Users/vivekpandey/Documents/Project/twdc/Mysql_mcp_server)
2026-05-20 23:52:05 INFO  c.c.m.McpServerApplication - The following 1 profile is active: "mcp"
2026-05-20 23:52:06 INFO  o.s.a.m.s.a.McpServerAutoConfiguration - Enable tools capabilities, notification: true
2026-05-20 23:52:06 INFO  o.s.a.m.s.a.McpServerAutoConfiguration - Registered tools: 5
2026-05-20 23:52:06 INFO  o.s.a.m.s.a.McpServerAutoConfiguration - Enable resources capabilities, notification: true
2026-05-20 23:52:06 INFO  o.s.a.m.s.a.McpServerAutoConfiguration - Enable prompts capabilities, notification: true
2026-05-20 23:52:06 INFO  o.s.a.m.s.a.McpServerAutoConfiguration - Enable completions capabilities
2026-05-20 23:52:06 INFO  i.m.server.McpAsyncServer - Client initialize request - Protocol: 2025-11-25, Capabilities: ClientCapabilities[experimental=null, roots=null, sampling=null], Info: Implementation[name=q-chat-plugin, version=1.0.0]
2026-05-20 23:52:06 WARN  i.m.server.McpAsyncServer - Client requested unsupported protocol version: 2025-11-25, so the server will suggest the 2024-11-05 version instead
2026-05-20 23:52:06 INFO  c.c.m.McpServerApplication - Started McpServerApplication in 0.99 seconds (process running for 1.234)
2026-05-21 07:26:12 INFO  c.c.m.McpServerApplication - Starting McpServerApplication v1.0-SNAPSHOT using Java 21.0.10 with PID 34016 (/Users/vivekpandey/Documents/Project/twdc/Mysql_mcp_server/target/mysql-mcp-server-1.0-SNAPSHOT.jar started by vivekpandey in /Users/vivekpandey/Documents/Project/twdc/Mysql_mcp_server)
2026-05-21 07:26:12 INFO  c.c.m.McpServerApplication - The following 1 profile is active: "mcp"
2026-05-21 07:26:12 INFO  o.s.a.m.s.a.McpServerAutoConfiguration - Enable tools capabilities, notification: true
2026-05-21 07:26:12 INFO  o.s.a.m.s.a.McpServerAutoConfiguration - Registered tools: 5
2026-05-21 07:26:12 INFO  o.s.a.m.s.a.McpServerAutoConfiguration - Enable resources capabilities, notification: true
2026-05-21 07:26:12 INFO  o.s.a.m.s.a.McpServerAutoConfiguration - Enable prompts capabilities, notification: true
2026-05-21 07:26:12 INFO  o.s.a.m.s.a.McpServerAutoConfiguration - Enable completions capabilities
2026-05-21 07:26:12 INFO  i.m.server.McpAsyncServer - Client initialize request - Protocol: 2025-11-25, Capabilities: ClientCapabilities[experimental=null, roots=null, sampling=null], Info: Implementation[name=q-chat-plugin, version=1.0.0]
2026-05-21 07:26:12 WARN  i.m.server.McpAsyncServer - Client requested unsupported protocol version: 2025-11-25, so the server will suggest the 2024-11-05 version instead
2026-05-21 07:26:12 INFO  c.c.m.McpServerApplication - Started McpServerApplication in 1.015 seconds (process running for 1.272)
2026-05-21 07:26:13 INFO  c.c.m.McpServerApplication - Starting McpServerApplication v1.0-SNAPSHOT using Java 21.0.10 with PID 34040 (/Users/vivekpandey/Documents/Project/twdc/Mysql_mcp_server/target/mysql-mcp-server-1.0-SNAPSHOT.jar started by vivekpandey in /Users/vivekpandey/Documents/Project/twdc/Mysql_mcp_server)
2026-05-21 07:26:13 INFO  c.c.m.McpServerApplication - The following 1 profile is active: "mcp"
2026-05-21 07:26:14 INFO  o.s.a.m.s.a.McpServerAutoConfiguration - Enable tools capabilities, notification: true
2026-05-21 07:26:14 INFO  o.s.a.m.s.a.McpServerAutoConfiguration - Registered tools: 5
2026-05-21 07:26:14 INFO  o.s.a.m.s.a.McpServerAutoConfiguration - Enable resources capabilities, notification: true
2026-05-21 07:26:14 INFO  o.s.a.m.s.a.McpServerAutoConfiguration - Enable prompts capabilities, notification: true
2026-05-21 07:26:14 INFO  o.s.a.m.s.a.McpServerAutoConfiguration - Enable completions capabilities
2026-05-21 07:26:14 INFO  i.m.server.McpAsyncServer - Client initialize request - Protocol: 2025-11-25, Capabilities: ClientCapabilities[experimental=null, roots=null, sampling=null], Info: Implementation[name=q-chat-plugin, version=1.0.0]
2026-05-21 07:26:14 WARN  i.m.server.McpAsyncServer - Client requested unsupported protocol version: 2025-11-25, so the server will suggest the 2024-11-05 version instead
2026-05-21 07:26:14 INFO  c.c.m.McpServerApplication - Started McpServerApplication in 1.015 seconds (process running for 1.263)
2026-05-21 07:26:14 INFO  c.c.m.McpServerApplication - Starting McpServerApplication v1.0-SNAPSHOT using Java 21.0.10 with PID 34068 (/Users/vivekpandey/Documents/Project/twdc/Mysql_mcp_server/target/mysql-mcp-server-1.0-SNAPSHOT.jar started by vivekpandey in /Users/vivekpandey/Documents/Project/twdc/Mysql_mcp_server)
2026-05-21 07:26:14 INFO  c.c.m.McpServerApplication - The following 1 profile is active: "mcp"
2026-05-21 07:26:26 INFO  o.s.a.m.s.a.McpServerAutoConfiguration - Enable tools capabilities, notification: true
2026-05-21 07:26:26 INFO  o.s.a.m.s.a.McpServerAutoConfiguration - Registered tools: 5
2026-05-21 07:26:26 INFO  o.s.a.m.s.a.McpServerAutoConfiguration - Enable resources capabilities, notification: true
2026-05-21 07:26:26 INFO  o.s.a.m.s.a.McpServerAutoConfiguration - Enable prompts capabilities, notification: true
2026-05-21 07:26:26 INFO  o.s.a.m.s.a.McpServerAutoConfiguration - Enable completions capabilities
2026-05-21 07:26:26 INFO  i.m.server.McpAsyncServer - Client initialize request - Protocol: 2025-11-25, Capabilities: ClientCapabilities[experimental=null, roots=null, sampling=null], Info: Implementation[name=q-chat-plugin, version=1.0.0]
2026-05-21 07:26:26 WARN  i.m.server.McpAsyncServer - Client requested unsupported protocol version: 2025-11-25, so the server will suggest the 2024-11-05 version instead
2026-05-21 07:26:26 INFO  c.c.m.McpServerApplication - Started McpServerApplication in 12.224 seconds (process running for 1.582)
2026-05-21 09:31:19 INFO  c.c.m.McpServerApplication - Starting McpServerApplication v1.0-SNAPSHOT using Java 21.0.10 with PID 34986 (/Users/vivekpandey/Documents/Project/twdc/Mysql_mcp_server/target/mysql-mcp-server-1.0-SNAPSHOT.jar started by vivekpandey in /Users/vivekpandey/Documents/Project/twdc/Mysql_mcp_server)
2026-05-21 09:31:19 INFO  c.c.m.McpServerApplication - The following 1 profile is active: "mcp"
2026-05-21 09:31:20 INFO  o.s.a.m.s.a.McpServerAutoConfiguration - Enable tools capabilities, notification: true
2026-05-21 09:31:20 INFO  o.s.a.m.s.a.McpServerAutoConfiguration - Registered tools: 5
2026-05-21 09:31:20 INFO  o.s.a.m.s.a.McpServerAutoConfiguration - Enable resources capabilities, notification: true
2026-05-21 09:31:20 INFO  o.s.a.m.s.a.McpServerAutoConfiguration - Enable prompts capabilities, notification: true
2026-05-21 09:31:20 INFO  o.s.a.m.s.a.McpServerAutoConfiguration - Enable completions capabilities
2026-05-21 09:31:20 INFO  i.m.server.McpAsyncServer - Client initialize request - Protocol: 2025-11-25, Capabilities: ClientCapabilities[experimental=null, roots=null, sampling=null], Info: Implementation[name=q-chat-plugin, version=1.0.0]
2026-05-21 09:31:20 WARN  i.m.server.McpAsyncServer - Client requested unsupported protocol version: 2025-11-25, so the server will suggest the 2024-11-05 version instead
2026-05-21 09:31:20 INFO  c.c.m.McpServerApplication - Started McpServerApplication in 0.768 seconds (process running for 0.971)
2026-05-21 10:14:46 INFO  c.c.m.McpServerApplication - Starting McpServerApplication v1.0-SNAPSHOT using Java 21.0.10 with PID 36371 (/Users/vivekpandey/Documents/Project/twdc/Mysql_mcp_server/target/mysql-mcp-server-1.0-SNAPSHOT.jar started by vivekpandey in /Users/vivekpandey/Documents/Project/twdc/Mysql_mcp_server)
2026-05-21 10:14:46 INFO  c.c.m.McpServerApplication - The following 1 profile is active: "mcp"
2026-05-21 10:14:46 INFO  o.s.a.m.s.a.McpServerAutoConfiguration - Enable tools capabilities, notification: true
2026-05-21 10:14:46 INFO  o.s.a.m.s.a.McpServerAutoConfiguration - Registered tools: 5
2026-05-21 10:14:46 INFO  o.s.a.m.s.a.McpServerAutoConfiguration - Enable resources capabilities, notification: true
2026-05-21 10:14:46 INFO  o.s.a.m.s.a.McpServerAutoConfiguration - Enable prompts capabilities, notification: true
2026-05-21 10:14:46 INFO  o.s.a.m.s.a.McpServerAutoConfiguration - Enable completions capabilities
2026-05-21 10:14:46 INFO  i.m.server.McpAsyncServer - Client initialize request - Protocol: 2025-11-25, Capabilities: ClientCapabilities[experimental=null, roots=null, sampling=null], Info: Implementation[name=q-chat-plugin, version=1.0.0]
2026-05-21 10:14:46 WARN  i.m.server.McpAsyncServer - Client requested unsupported protocol version: 2025-11-25, so the server will suggest the 2024-11-05 version instead
2026-05-21 10:14:46 INFO  c.c.m.McpServerApplication - Started McpServerApplication in 0.945 seconds (process running for 1.213)
2026-05-21 11:06:22 INFO  c.c.m.McpServerApplication - Starting McpServerApplication v1.0-SNAPSHOT using Java 21.0.10 with PID 37685 (/Users/vivekpandey/Documents/Project/twdc/Mysql_mcp_server/target/mysql-mcp-server-1.0-SNAPSHOT.jar started by vivekpandey in /Users/vivekpandey/Documents/Project/twdc/Mysql_mcp_server)
2026-05-21 11:06:22 INFO  c.c.m.McpServerApplication - The following 1 profile is active: "mcp"
2026-05-21 11:06:23 INFO  o.s.a.m.s.a.McpServerAutoConfiguration - Enable tools capabilities, notification: true
2026-05-21 11:06:23 INFO  o.s.a.m.s.a.McpServerAutoConfiguration - Registered tools: 5
2026-05-21 11:06:23 INFO  o.s.a.m.s.a.McpServerAutoConfiguration - Enable resources capabilities, notification: true
2026-05-21 11:06:23 INFO  o.s.a.m.s.a.McpServerAutoConfiguration - Enable prompts capabilities, notification: true
2026-05-21 11:06:23 INFO  o.s.a.m.s.a.McpServerAutoConfiguration - Enable completions capabilities
2026-05-21 11:06:23 INFO  i.m.server.McpAsyncServer - Client initialize request - Protocol: 2025-11-25, Capabilities: ClientCapabilities[experimental=null, roots=null, sampling=null], Info: Implementation[name=q-chat-plugin, version=1.0.0]
2026-05-21 11:06:23 WARN  i.m.server.McpAsyncServer - Client requested unsupported protocol version: 2025-11-25, so the server will suggest the 2024-11-05 version instead
2026-05-21 11:06:23 INFO  c.c.m.McpServerApplication - Started McpServerApplication in 1.132 seconds (process running for 1.399)
2026-05-21 11:49:59 INFO  c.c.m.McpServerApplication - Starting McpServerApplication v1.0-SNAPSHOT using Java 21.0.10 with PID 38974 (/Users/vivekpandey/Documents/Project/twdc/Mysql_mcp_server/target/mysql-mcp-server-1.0-SNAPSHOT.jar started by vivekpandey in /Users/vivekpandey/Documents/Project/twdc/Mysql_mcp_server)
2026-05-21 11:49:59 INFO  c.c.m.McpServerApplication - The following 1 profile is active: "mcp"
2026-05-21 11:50:00 INFO  o.s.a.m.s.a.McpServerAutoConfiguration - Enable tools capabilities, notification: true
2026-05-21 11:50:00 INFO  o.s.a.m.s.a.McpServerAutoConfiguration - Registered tools: 5
2026-05-21 11:50:00 INFO  o.s.a.m.s.a.McpServerAutoConfiguration - Enable resources capabilities, notification: true
2026-05-21 11:50:00 INFO  o.s.a.m.s.a.McpServerAutoConfiguration - Enable prompts capabilities, notification: true
2026-05-21 11:50:00 INFO  o.s.a.m.s.a.McpServerAutoConfiguration - Enable completions capabilities
2026-05-21 11:50:00 INFO  i.m.server.McpAsyncServer - Client initialize request - Protocol: 2025-11-25, Capabilities: ClientCapabilities[experimental=null, roots=null, sampling=null], Info: Implementation[name=q-chat-plugin, version=1.0.0]
2026-05-21 11:50:00 WARN  i.m.server.McpAsyncServer - Client requested unsupported protocol version: 2025-11-25, so the server will suggest the 2024-11-05 version instead
2026-05-21 11:50:00 INFO  c.c.m.McpServerApplication - Started McpServerApplication in 1.005 seconds (process running for 1.249)
2026-05-21 12:35:12 INFO  c.c.m.McpServerApplication - Starting McpServerApplication v1.0-SNAPSHOT using Java 21.0.10 with PID 39996 (/Users/vivekpandey/Documents/Project/twdc/Mysql_mcp_server/target/mysql-mcp-server-1.0-SNAPSHOT.jar started by vivekpandey in /Users/vivekpandey/Documents/Project/twdc/Mysql_mcp_server)
2026-05-21 12:35:12 INFO  c.c.m.McpServerApplication - The following 1 profile is active: "mcp"
2026-05-21 12:35:13 INFO  o.s.a.m.s.a.McpServerAutoConfiguration - Enable tools capabilities, notification: true
2026-05-21 12:35:13 INFO  o.s.a.m.s.a.McpServerAutoConfiguration - Registered tools: 5
2026-05-21 12:35:13 INFO  o.s.a.m.s.a.McpServerAutoConfiguration - Enable resources capabilities, notification: true
2026-05-21 12:35:13 INFO  o.s.a.m.s.a.McpServerAutoConfiguration - Enable prompts capabilities, notification: true
2026-05-21 12:35:13 INFO  o.s.a.m.s.a.McpServerAutoConfiguration - Enable completions capabilities
2026-05-21 12:35:13 INFO  i.m.server.McpAsyncServer - Client initialize request - Protocol: 2025-11-25, Capabilities: ClientCapabilities[experimental=null, roots=null, sampling=null], Info: Implementation[name=q-chat-plugin, version=1.0.0]
2026-05-21 12:35:13 WARN  i.m.server.McpAsyncServer - Client requested unsupported protocol version: 2025-11-25, so the server will suggest the 2024-11-05 version instead
2026-05-21 12:35:13 INFO  c.c.m.McpServerApplication - Started McpServerApplication in 1.033 seconds (process running for 1.281)
2026-05-21 13:16:37 INFO  c.c.m.McpServerApplication - Starting McpServerApplication v1.0-SNAPSHOT using Java 21.0.10 with PID 41105 (/Users/vivekpandey/Documents/Project/twdc/Mysql_mcp_server/target/mysql-mcp-server-1.0-SNAPSHOT.jar started by vivekpandey in /Users/vivekpandey/Documents/Project/twdc/Mysql_mcp_server)
2026-05-21 13:16:37 INFO  c.c.m.McpServerApplication - The following 1 profile is active: "mcp"
2026-05-21 13:16:38 INFO  o.s.a.m.s.a.McpServerAutoConfiguration - Enable tools capabilities, notification: true
2026-05-21 13:16:38 INFO  o.s.a.m.s.a.McpServerAutoConfiguration - Registered tools: 5
2026-05-21 13:16:38 INFO  o.s.a.m.s.a.McpServerAutoConfiguration - Enable resources capabilities, notification: true
2026-05-21 13:16:38 INFO  o.s.a.m.s.a.McpServerAutoConfiguration - Enable prompts capabilities, notification: true
2026-05-21 13:16:38 INFO  o.s.a.m.s.a.McpServerAutoConfiguration - Enable completions capabilities
2026-05-21 13:16:38 INFO  i.m.server.McpAsyncServer - Client initialize request - Protocol: 2025-11-25, Capabilities: ClientCapabilities[experimental=null, roots=null, sampling=null], Info: Implementation[name=q-chat-plugin, version=1.0.0]
2026-05-21 13:16:38 WARN  i.m.server.McpAsyncServer - Client requested unsupported protocol version: 2025-11-25, so the server will suggest the 2024-11-05 version instead
2026-05-21 13:16:38 INFO  c.c.m.McpServerApplication - Started McpServerApplication in 1.027 seconds (process running for 1.316)
2026-05-21 14:12:18 INFO  c.c.m.McpServerApplication - Starting McpServerApplication v1.0-SNAPSHOT using Java 21.0.10 with PID 42380 (/Users/vivekpandey/Documents/Project/twdc/Mysql_mcp_server/target/mysql-mcp-server-1.0-SNAPSHOT.jar started by vivekpandey in /Users/vivekpandey/Documents/Project/twdc/Mysql_mcp_server)
2026-05-21 14:12:18 INFO  c.c.m.McpServerApplication - The following 1 profile is active: "mcp"
2026-05-21 14:12:19 INFO  o.s.a.m.s.a.McpServerAutoConfiguration - Enable tools capabilities, notification: true
2026-05-21 14:12:19 INFO  o.s.a.m.s.a.McpServerAutoConfiguration - Registered tools: 5
2026-05-21 14:12:19 INFO  o.s.a.m.s.a.McpServerAutoConfiguration - Enable resources capabilities, notification: true
2026-05-21 14:12:19 INFO  o.s.a.m.s.a.McpServerAutoConfiguration - Enable prompts capabilities, notification: true
2026-05-21 14:12:19 INFO  o.s.a.m.s.a.McpServerAutoConfiguration - Enable completions capabilities
2026-05-21 14:12:19 INFO  i.m.server.McpAsyncServer - Client initialize request - Protocol: 2025-11-25, Capabilities: ClientCapabilities[experimental=null, roots=null, sampling=null], Info: Implementation[name=q-chat-plugin, version=1.0.0]
2026-05-21 14:12:19 WARN  i.m.server.McpAsyncServer - Client requested unsupported protocol version: 2025-11-25, so the server will suggest the 2024-11-05 version instead
2026-05-21 14:12:19 INFO  c.c.m.McpServerApplication - Started McpServerApplication in 0.983 seconds (process running for 1.288)
2026-05-21 22:32:08 INFO  c.c.m.McpServerApplication - Starting McpServerApplication v1.0-SNAPSHOT using Java 21.0.10 with PID 45526 (/Users/vivekpandey/Documents/Project/twdc/Mysql_mcp_server/target/mysql-mcp-server-1.0-SNAPSHOT.jar started by vivekpandey in /Users/vivekpandey/Documents/Project/twdc/Mysql_mcp_server)
2026-05-21 22:32:08 INFO  c.c.m.McpServerApplication - The following 1 profile is active: "mcp"
2026-05-21 22:32:09 INFO  o.s.a.m.s.a.McpServerAutoConfiguration - Enable tools capabilities, notification: true
2026-05-21 22:32:09 INFO  o.s.a.m.s.a.McpServerAutoConfiguration - Registered tools: 5
2026-05-21 22:32:09 INFO  o.s.a.m.s.a.McpServerAutoConfiguration - Enable resources capabilities, notification: true
2026-05-21 22:32:09 INFO  o.s.a.m.s.a.McpServerAutoConfiguration - Enable prompts capabilities, notification: true
2026-05-21 22:32:09 INFO  o.s.a.m.s.a.McpServerAutoConfiguration - Enable completions capabilities
2026-05-21 22:32:09 INFO  i.m.server.McpAsyncServer - Client initialize request - Protocol: 2025-11-25, Capabilities: ClientCapabilities[experimental=null, roots=null, sampling=null], Info: Implementation[name=q-chat-plugin, version=1.0.0]
2026-05-21 22:32:09 WARN  i.m.server.McpAsyncServer - Client requested unsupported protocol version: 2025-11-25, so the server will suggest the 2024-11-05 version instead
2026-05-21 22:32:09 INFO  c.c.m.McpServerApplication - Started McpServerApplication in 1.51 seconds (process running for 1.795)
2026-05-22 01:14:29 INFO  c.c.m.McpServerApplication - Starting McpServerApplication v1.0-SNAPSHOT using Java 21.0.10 with PID 46245 (/Users/vivekpandey/Documents/Project/twdc/Mysql_mcp_server/target/mysql-mcp-server-1.0-SNAPSHOT.jar started by vivekpandey in /Users/vivekpandey/Documents/Project/twdc/Mysql_mcp_server)
2026-05-22 01:14:29 INFO  c.c.m.McpServerApplication - The following 1 profile is active: "mcp"
2026-05-22 01:14:29 INFO  o.s.a.m.s.a.McpServerAutoConfiguration - Enable tools capabilities, notification: true
2026-05-22 01:14:29 INFO  o.s.a.m.s.a.McpServerAutoConfiguration - Registered tools: 5
2026-05-22 01:14:29 INFO  o.s.a.m.s.a.McpServerAutoConfiguration - Enable resources capabilities, notification: true
2026-05-22 01:14:29 INFO  o.s.a.m.s.a.McpServerAutoConfiguration - Enable prompts capabilities, notification: true
2026-05-22 01:14:29 INFO  o.s.a.m.s.a.McpServerAutoConfiguration - Enable completions capabilities
2026-05-22 01:14:29 INFO  i.m.server.McpAsyncServer - Client initialize request - Protocol: 2025-11-25, Capabilities: ClientCapabilities[experimental=null, roots=null, sampling=null], Info: Implementation[name=q-chat-plugin, version=1.0.0]
2026-05-22 01:14:29 WARN  i.m.server.McpAsyncServer - Client requested unsupported protocol version: 2025-11-25, so the server will suggest the 2024-11-05 version instead
2026-05-22 01:14:29 INFO  c.c.m.McpServerApplication - Started McpServerApplication in 1.003 seconds (process running for 1.242)
2026-05-22 06:02:41 INFO  c.c.m.McpServerApplication - Starting McpServerApplication v1.0-SNAPSHOT using Java 21.0.10 with PID 47565 (/Users/vivekpandey/Documents/Project/twdc/Mysql_mcp_server/target/mysql-mcp-server-1.0-SNAPSHOT.jar started by vivekpandey in /Users/vivekpandey/Documents/Project/twdc/Mysql_mcp_server)
2026-05-22 06:02:41 INFO  c.c.m.McpServerApplication - The following 1 profile is active: "mcp"
2026-05-22 06:02:42 INFO  o.s.a.m.s.a.McpServerAutoConfiguration - Enable tools capabilities, notification: true
2026-05-22 06:02:42 INFO  o.s.a.m.s.a.McpServerAutoConfiguration - Registered tools: 5
2026-05-22 06:02:42 INFO  o.s.a.m.s.a.McpServerAutoConfiguration - Enable resources capabilities, notification: true
2026-05-22 06:02:42 INFO  o.s.a.m.s.a.McpServerAutoConfiguration - Enable prompts capabilities, notification: true
2026-05-22 06:02:42 INFO  o.s.a.m.s.a.McpServerAutoConfiguration - Enable completions capabilities
2026-05-22 06:02:42 INFO  i.m.server.McpAsyncServer - Client initialize request - Protocol: 2025-11-25, Capabilities: ClientCapabilities[experimental=null, roots=null, sampling=null], Info: Implementation[name=q-chat-plugin, version=1.0.0]
2026-05-22 06:02:42 WARN  i.m.server.McpAsyncServer - Client requested unsupported protocol version: 2025-11-25, so the server will suggest the 2024-11-05 version instead
2026-05-22 06:02:42 INFO  c.c.m.McpServerApplication - Started McpServerApplication in 1.117 seconds (process running for 1.393)
2026-05-22 06:02:42 INFO  c.c.m.McpServerApplication - Starting McpServerApplication v1.0-SNAPSHOT using Java 21.0.10 with PID 47603 (/Users/vivekpandey/Documents/Project/twdc/Mysql_mcp_server/target/mysql-mcp-server-1.0-SNAPSHOT.jar started by vivekpandey in /Users/vivekpandey/Documents/Project/twdc/Mysql_mcp_server)
2026-05-22 06:02:42 INFO  c.c.m.McpServerApplication - The following 1 profile is active: "mcp"
2026-05-22 06:02:43 INFO  o.s.a.m.s.a.McpServerAutoConfiguration - Enable tools capabilities, notification: true
2026-05-22 06:02:43 INFO  o.s.a.m.s.a.McpServerAutoConfiguration - Registered tools: 5
2026-05-22 06:02:43 INFO  o.s.a.m.s.a.McpServerAutoConfiguration - Enable resources capabilities, notification: true
2026-05-22 06:02:43 INFO  o.s.a.m.s.a.McpServerAutoConfiguration - Enable prompts capabilities, notification: true
2026-05-22 06:02:43 INFO  o.s.a.m.s.a.McpServerAutoConfiguration - Enable completions capabilities
2026-05-22 06:02:43 INFO  i.m.server.McpAsyncServer - Client initialize request - Protocol: 2025-11-25, Capabilities: ClientCapabilities[experimental=null, roots=null, sampling=null], Info: Implementation[name=q-chat-plugin, version=1.0.0]
2026-05-22 06:02:43 WARN  i.m.server.McpAsyncServer - Client requested unsupported protocol version: 2025-11-25, so the server will suggest the 2024-11-05 version instead
2026-05-22 06:02:43 INFO  c.c.m.McpServerApplication - Started McpServerApplication in 1.39 seconds (process running for 1.666)
2026-05-22 06:02:44 INFO  c.c.m.McpServerApplication - Starting McpServerApplication v1.0-SNAPSHOT using Java 21.0.10 with PID 47623 (/Users/vivekpandey/Documents/Project/twdc/Mysql_mcp_server/target/mysql-mcp-server-1.0-SNAPSHOT.jar started by vivekpandey in /Users/vivekpandey/Documents/Project/twdc/Mysql_mcp_server)
2026-05-22 06:02:44 INFO  c.c.m.McpServerApplication - The following 1 profile is active: "mcp"
2026-05-22 06:02:45 INFO  o.s.a.m.s.a.McpServerAutoConfiguration - Enable tools capabilities, notification: true
2026-05-22 06:02:45 INFO  o.s.a.m.s.a.McpServerAutoConfiguration - Registered tools: 5
2026-05-22 06:02:45 INFO  o.s.a.m.s.a.McpServerAutoConfiguration - Enable resources capabilities, notification: true
2026-05-22 06:02:45 INFO  o.s.a.m.s.a.McpServerAutoConfiguration - Enable prompts capabilities, notification: true
2026-05-22 06:02:45 INFO  o.s.a.m.s.a.McpServerAutoConfiguration - Enable completions capabilities
2026-05-22 06:02:45 INFO  i.m.server.McpAsyncServer - Client initialize request - Protocol: 2025-11-25, Capabilities: ClientCapabilities[experimental=null, roots=null, sampling=null], Info: Implementation[name=q-chat-plugin, version=1.0.0]
2026-05-22 06:02:45 WARN  i.m.server.McpAsyncServer - Client requested unsupported protocol version: 2025-11-25, so the server will suggest the 2024-11-05 version instead
2026-05-22 06:02:46 INFO  c.c.m.McpServerApplication - Started McpServerApplication in 1.641 seconds (process running for 2.063)
2026-05-22 07:24:48 INFO  c.c.m.McpServerApplication - Starting McpServerApplication v1.0-SNAPSHOT using Java 21.0.10 with PID 48037 (/Users/vivekpandey/Documents/Project/twdc/Mysql_mcp_server/target/mysql-mcp-server-1.0-SNAPSHOT.jar started by vivekpandey in /Users/vivekpandey/Documents/Project/twdc/Mysql_mcp_server)
2026-05-22 07:24:48 INFO  c.c.m.McpServerApplication - The following 1 profile is active: "mcp"
2026-05-22 07:24:52 INFO  o.s.a.m.s.a.McpServerAutoConfiguration - Enable tools capabilities, notification: true
2026-05-22 07:24:52 INFO  o.s.a.m.s.a.McpServerAutoConfiguration - Registered tools: 5
2026-05-22 07:24:52 INFO  o.s.a.m.s.a.McpServerAutoConfiguration - Enable resources capabilities, notification: true
2026-05-22 07:24:52 INFO  o.s.a.m.s.a.McpServerAutoConfiguration - Enable prompts capabilities, notification: true
2026-05-22 07:24:52 INFO  o.s.a.m.s.a.McpServerAutoConfiguration - Enable completions capabilities
2026-05-22 07:24:53 INFO  i.m.server.McpAsyncServer - Client initialize request - Protocol: 2025-11-25, Capabilities: ClientCapabilities[experimental=null, roots=null, sampling=null], Info: Implementation[name=q-chat-plugin, version=1.0.0]
2026-05-22 07:24:53 WARN  i.m.server.McpAsyncServer - Client requested unsupported protocol version: 2025-11-25, so the server will suggest the 2024-11-05 version instead
2026-05-22 07:24:53 INFO  c.c.m.McpServerApplication - Started McpServerApplication in 5.512 seconds (process running for 5.801)
2026-05-22 10:51:06 INFO  c.c.m.McpServerApplication - Starting McpServerApplication v1.0-SNAPSHOT using Java 21.0.10 with PID 49318 (/Users/vivekpandey/Documents/Project/twdc/Mysql_mcp_server/target/mysql-mcp-server-1.0-SNAPSHOT.jar started by vivekpandey in /Users/vivekpandey/Documents/Project/twdc/Mysql_mcp_server)
2026-05-22 10:51:06 INFO  c.c.m.McpServerApplication - The following 1 profile is active: "mcp"
2026-05-22 10:51:07 INFO  o.s.a.m.s.a.McpServerAutoConfiguration - Enable tools capabilities, notification: true
2026-05-22 10:51:07 INFO  o.s.a.m.s.a.McpServerAutoConfiguration - Registered tools: 5
2026-05-22 10:51:07 INFO  o.s.a.m.s.a.McpServerAutoConfiguration - Enable resources capabilities, notification: true
2026-05-22 10:51:07 INFO  o.s.a.m.s.a.McpServerAutoConfiguration - Enable prompts capabilities, notification: true
2026-05-22 10:51:07 INFO  o.s.a.m.s.a.McpServerAutoConfiguration - Enable completions capabilities
2026-05-22 10:51:07 INFO  i.m.server.McpAsyncServer - Client initialize request - Protocol: 2025-11-25, Capabilities: ClientCapabilities[experimental=null, roots=null, sampling=null], Info: Implementation[name=q-chat-plugin, version=1.0.0]
2026-05-22 10:51:07 WARN  i.m.server.McpAsyncServer - Client requested unsupported protocol version: 2025-11-25, so the server will suggest the 2024-11-05 version instead
2026-05-22 10:51:07 INFO  c.c.m.McpServerApplication - Started McpServerApplication in 1.245 seconds (process running for 1.567)
2026-05-22 11:43:05 INFO  c.c.m.McpServerApplication - Starting McpServerApplication v1.0-SNAPSHOT using Java 21.0.10 with PID 50168 (/Users/vivekpandey/Documents/Project/twdc/Mysql_mcp_server/target/mysql-mcp-server-1.0-SNAPSHOT.jar started by vivekpandey in /Users/vivekpandey/Documents/Project/twdc/Mysql_mcp_server)
2026-05-22 11:43:05 INFO  c.c.m.McpServerApplication - The following 1 profile is active: "mcp"
2026-05-22 11:43:06 INFO  o.s.a.m.s.a.McpServerAutoConfiguration - Enable tools capabilities, notification: true
2026-05-22 11:43:06 INFO  o.s.a.m.s.a.McpServerAutoConfiguration - Registered tools: 5
2026-05-22 11:43:06 INFO  o.s.a.m.s.a.McpServerAutoConfiguration - Enable resources capabilities, notification: true
2026-05-22 11:43:06 INFO  o.s.a.m.s.a.McpServerAutoConfiguration - Enable prompts capabilities, notification: true
2026-05-22 11:43:06 INFO  o.s.a.m.s.a.McpServerAutoConfiguration - Enable completions capabilities
2026-05-22 11:43:06 INFO  i.m.server.McpAsyncServer - Client initialize request - Protocol: 2025-11-25, Capabilities: ClientCapabilities[experimental=null, roots=null, sampling=null], Info: Implementation[name=q-chat-plugin, version=1.0.0]
2026-05-22 11:43:06 WARN  i.m.server.McpAsyncServer - Client requested unsupported protocol version: 2025-11-25, so the server will suggest the 2024-11-05 version instead
2026-05-22 11:43:06 INFO  c.c.m.McpServerApplication - Started McpServerApplication in 1.04 seconds (process running for 1.297)
2026-05-22 12:23:36 INFO  c.c.m.McpServerApplication - Starting McpServerApplication v1.0-SNAPSHOT using Java 21.0.10 with PID 51584 (/Users/vivekpandey/Documents/Project/twdc/Mysql_mcp_server/target/mysql-mcp-server-1.0-SNAPSHOT.jar started by vivekpandey in /Users/vivekpandey/Documents/Project/twdc/Mysql_mcp_server)
2026-05-22 12:23:36 INFO  c.c.m.McpServerApplication - The following 1 profile is active: "mcp"
2026-05-22 12:23:37 INFO  o.s.a.m.s.a.McpServerAutoConfiguration - Enable tools capabilities, notification: true
2026-05-22 12:23:37 INFO  o.s.a.m.s.a.McpServerAutoConfiguration - Registered tools: 5
2026-05-22 12:23:37 INFO  o.s.a.m.s.a.McpServerAutoConfiguration - Enable resources capabilities, notification: true
2026-05-22 12:23:37 INFO  o.s.a.m.s.a.McpServerAutoConfiguration - Enable prompts capabilities, notification: true
2026-05-22 12:23:37 INFO  o.s.a.m.s.a.McpServerAutoConfiguration - Enable completions capabilities
2026-05-22 12:23:37 INFO  i.m.server.McpAsyncServer - Client initialize request - Protocol: 2025-11-25, Capabilities: ClientCapabilities[experimental=null, roots=null, sampling=null], Info: Implementation[name=q-chat-plugin, version=1.0.0]
2026-05-22 12:23:37 WARN  i.m.server.McpAsyncServer - Client requested unsupported protocol version: 2025-11-25, so the server will suggest the 2024-11-05 version instead
2026-05-22 12:23:37 INFO  c.c.m.McpServerApplication - Started McpServerApplication in 1.004 seconds (process running for 1.302)
2026-05-22 13:10:26 INFO  c.c.m.McpServerApplication - Starting McpServerApplication v1.0-SNAPSHOT using Java 21.0.10 with PID 52388 (/Users/vivekpandey/Documents/Project/twdc/Mysql_mcp_server/target/mysql-mcp-server-1.0-SNAPSHOT.jar started by vivekpandey in /Users/vivekpandey/Documents/Project/twdc/Mysql_mcp_server)
2026-05-22 13:10:26 INFO  c.c.m.McpServerApplication - The following 1 profile is active: "mcp"
2026-05-22 13:10:27 INFO  o.s.a.m.s.a.McpServerAutoConfiguration - Enable tools capabilities, notification: true
2026-05-22 13:10:27 INFO  o.s.a.m.s.a.McpServerAutoConfiguration - Registered tools: 5
2026-05-22 13:10:27 INFO  o.s.a.m.s.a.McpServerAutoConfiguration - Enable resources capabilities, notification: true
2026-05-22 13:10:27 INFO  o.s.a.m.s.a.McpServerAutoConfiguration - Enable prompts capabilities, notification: true
2026-05-22 13:10:27 INFO  o.s.a.m.s.a.McpServerAutoConfiguration - Enable completions capabilities
2026-05-22 13:10:27 INFO  i.m.server.McpAsyncServer - Client initialize request - Protocol: 2025-11-25, Capabilities: ClientCapabilities[experimental=null, roots=null, sampling=null], Info: Implementation[name=q-chat-plugin, version=1.0.0]
2026-05-22 13:10:27 WARN  i.m.server.McpAsyncServer - Client requested unsupported protocol version: 2025-11-25, so the server will suggest the 2024-11-05 version instead
2026-05-22 13:10:27 INFO  c.c.m.McpServerApplication - Started McpServerApplication in 1.066 seconds (process running for 1.316)
2026-05-22 13:53:31 INFO  c.c.m.McpServerApplication - Starting McpServerApplication v1.0-SNAPSHOT using Java 21.0.10 with PID 53547 (/Users/vivekpandey/Documents/Project/twdc/Mysql_mcp_server/target/mysql-mcp-server-1.0-SNAPSHOT.jar started by vivekpandey in /Users/vivekpandey/Documents/Project/twdc/Mysql_mcp_server)
2026-05-22 13:53:31 INFO  c.c.m.McpServerApplication - The following 1 profile is active: "mcp"
2026-05-22 13:53:32 INFO  o.s.a.m.s.a.McpServerAutoConfiguration - Enable tools capabilities, notification: true
2026-05-22 13:53:32 INFO  o.s.a.m.s.a.McpServerAutoConfiguration - Registered tools: 5
2026-05-22 13:53:32 INFO  o.s.a.m.s.a.McpServerAutoConfiguration - Enable resources capabilities, notification: true
2026-05-22 13:53:32 INFO  o.s.a.m.s.a.McpServerAutoConfiguration - Enable prompts capabilities, notification: true
2026-05-22 13:53:32 INFO  o.s.a.m.s.a.McpServerAutoConfiguration - Enable completions capabilities
2026-05-22 13:53:32 INFO  i.m.server.McpAsyncServer - Client initialize request - Protocol: 2025-11-25, Capabilities: ClientCapabilities[experimental=null, roots=null, sampling=null], Info: Implementation[name=q-chat-plugin, version=1.0.0]
2026-05-22 13:53:32 WARN  i.m.server.McpAsyncServer - Client requested unsupported protocol version: 2025-11-25, so the server will suggest the 2024-11-05 version instead
2026-05-22 13:53:32 INFO  c.c.m.McpServerApplication - Started McpServerApplication in 1.013 seconds (process running for 1.297)
2026-05-22 14:37:19 INFO  c.c.m.McpServerApplication - Starting McpServerApplication v1.0-SNAPSHOT using Java 21.0.10 with PID 54782 (/Users/vivekpandey/Documents/Project/twdc/Mysql_mcp_server/target/mysql-mcp-server-1.0-SNAPSHOT.jar started by vivekpandey in /Users/vivekpandey/Documents/Project/twdc/Mysql_mcp_server)
2026-05-22 14:37:19 INFO  c.c.m.McpServerApplication - The following 1 profile is active: "mcp"
2026-05-22 14:37:20 INFO  o.s.a.m.s.a.McpServerAutoConfiguration - Enable tools capabilities, notification: true
2026-05-22 14:37:20 INFO  o.s.a.m.s.a.McpServerAutoConfiguration - Registered tools: 5
2026-05-22 14:37:20 INFO  o.s.a.m.s.a.McpServerAutoConfiguration - Enable resources capabilities, notification: true
2026-05-22 14:37:20 INFO  o.s.a.m.s.a.McpServerAutoConfiguration - Enable prompts capabilities, notification: true
2026-05-22 14:37:20 INFO  o.s.a.m.s.a.McpServerAutoConfiguration - Enable completions capabilities
2026-05-22 14:37:20 INFO  i.m.server.McpAsyncServer - Client initialize request - Protocol: 2025-11-25, Capabilities: ClientCapabilities[experimental=null, roots=null, sampling=null], Info: Implementation[name=q-chat-plugin, version=1.0.0]
2026-05-22 14:37:20 WARN  i.m.server.McpAsyncServer - Client requested unsupported protocol version: 2025-11-25, so the server will suggest the 2024-11-05 version instead
2026-05-22 14:37:20 INFO  c.c.m.McpServerApplication - Started McpServerApplication in 0.985 seconds (process running for 1.26)
2026-05-22 15:20:31 INFO  c.c.m.McpServerApplication - Starting McpServerApplication v1.0-SNAPSHOT using Java 21.0.10 with PID 56060 (/Users/vivekpandey/Documents/Project/twdc/Mysql_mcp_server/target/mysql-mcp-server-1.0-SNAPSHOT.jar started by vivekpandey in /Users/vivekpandey/Documents/Project/twdc/Mysql_mcp_server)
2026-05-22 15:20:31 INFO  c.c.m.McpServerApplication - The following 1 profile is active: "mcp"
2026-05-22 15:20:31 INFO  o.s.a.m.s.a.McpServerAutoConfiguration - Enable tools capabilities, notification: true
2026-05-22 15:20:31 INFO  o.s.a.m.s.a.McpServerAutoConfiguration - Registered tools: 5
2026-05-22 15:20:31 INFO  o.s.a.m.s.a.McpServerAutoConfiguration - Enable resources capabilities, notification: true
2026-05-22 15:20:31 INFO  o.s.a.m.s.a.McpServerAutoConfiguration - Enable prompts capabilities, notification: true
2026-05-22 15:20:31 INFO  o.s.a.m.s.a.McpServerAutoConfiguration - Enable completions capabilities
2026-05-22 15:20:31 INFO  i.m.server.McpAsyncServer - Client initialize request - Protocol: 2025-11-25, Capabilities: ClientCapabilities[experimental=null, roots=null, sampling=null], Info: Implementation[name=q-chat-plugin, version=1.0.0]
2026-05-22 15:20:31 WARN  i.m.server.McpAsyncServer - Client requested unsupported protocol version: 2025-11-25, so the server will suggest the 2024-11-05 version instead
2026-05-22 15:20:31 INFO  c.c.m.McpServerApplication - Started McpServerApplication in 1.032 seconds (process running for 1.273)
2026-05-22 16:05:50 INFO  c.c.m.McpServerApplication - Starting McpServerApplication v1.0-SNAPSHOT using Java 21.0.10 with PID 57250 (/Users/vivekpandey/Documents/Project/twdc/Mysql_mcp_server/target/mysql-mcp-server-1.0-SNAPSHOT.jar started by vivekpandey in /Users/vivekpandey/Documents/Project/twdc/Mysql_mcp_server)
2026-05-22 16:05:50 INFO  c.c.m.McpServerApplication - The following 1 profile is active: "mcp"
2026-05-22 16:05:51 INFO  o.s.a.m.s.a.McpServerAutoConfiguration - Enable tools capabilities, notification: true
2026-05-22 16:05:51 INFO  o.s.a.m.s.a.McpServerAutoConfiguration - Registered tools: 5
2026-05-22 16:05:51 INFO  o.s.a.m.s.a.McpServerAutoConfiguration - Enable resources capabilities, notification: true
2026-05-22 16:05:51 INFO  o.s.a.m.s.a.McpServerAutoConfiguration - Enable prompts capabilities, notification: true
2026-05-22 16:05:51 INFO  o.s.a.m.s.a.McpServerAutoConfiguration - Enable completions capabilities
2026-05-22 16:05:51 INFO  i.m.server.McpAsyncServer - Client initialize request - Protocol: 2025-11-25, Capabilities: ClientCapabilities[experimental=null, roots=null, sampling=null], Info: Implementation[name=q-chat-plugin, version=1.0.0]
2026-05-22 16:05:51 WARN  i.m.server.McpAsyncServer - Client requested unsupported protocol version: 2025-11-25, so the server will suggest the 2024-11-05 version instead
2026-05-22 16:05:51 INFO  c.c.m.McpServerApplication - Started McpServerApplication in 1.038 seconds (process running for 1.324)
2026-05-22 19:25:14 INFO  c.c.m.McpServerApplication - Starting McpServerApplication v1.0-SNAPSHOT using Java 21.0.10 with PID 58187 (/Users/vivekpandey/Documents/Project/twdc/Mysql_mcp_server/target/mysql-mcp-server-1.0-SNAPSHOT.jar started by vivekpandey in /Users/vivekpandey/Documents/Project/twdc/Mysql_mcp_server)
2026-05-22 19:25:14 INFO  c.c.m.McpServerApplication - The following 1 profile is active: "mcp"
2026-05-22 19:25:15 INFO  o.s.a.m.s.a.McpServerAutoConfiguration - Enable tools capabilities, notification: true
2026-05-22 19:25:15 INFO  o.s.a.m.s.a.McpServerAutoConfiguration - Registered tools: 5
2026-05-22 19:25:15 INFO  o.s.a.m.s.a.McpServerAutoConfiguration - Enable resources capabilities, notification: true
2026-05-22 19:25:15 INFO  o.s.a.m.s.a.McpServerAutoConfiguration - Enable prompts capabilities, notification: true
2026-05-22 19:25:15 INFO  o.s.a.m.s.a.McpServerAutoConfiguration - Enable completions capabilities
2026-05-22 19:25:15 INFO  i.m.server.McpAsyncServer - Client initialize request - Protocol: 2025-11-25, Capabilities: ClientCapabilities[experimental=null, roots=null, sampling=null], Info: Implementation[name=q-chat-plugin, version=1.0.0]
2026-05-22 19:25:15 WARN  i.m.server.McpAsyncServer - Client requested unsupported protocol version: 2025-11-25, so the server will suggest the 2024-11-05 version instead
2026-05-22 19:25:15 INFO  c.c.m.McpServerApplication - Started McpServerApplication in 1.083 seconds (process running for 1.331)
2026-05-22 20:08:49 INFO  c.c.m.McpServerApplication - Starting McpServerApplication v1.0-SNAPSHOT using Java 21.0.10 with PID 59515 (/Users/vivekpandey/Documents/Project/twdc/Mysql_mcp_server/target/mysql-mcp-server-1.0-SNAPSHOT.jar started by vivekpandey in /Users/vivekpandey/Documents/Project/twdc/Mysql_mcp_server)
2026-05-22 20:08:49 INFO  c.c.m.McpServerApplication - The following 1 profile is active: "mcp"
2026-05-22 20:08:49 INFO  o.s.a.m.s.a.McpServerAutoConfiguration - Enable tools capabilities, notification: true
2026-05-22 20:08:49 INFO  o.s.a.m.s.a.McpServerAutoConfiguration - Registered tools: 5
2026-05-22 20:08:49 INFO  o.s.a.m.s.a.McpServerAutoConfiguration - Enable resources capabilities, notification: true
2026-05-22 20:08:49 INFO  o.s.a.m.s.a.McpServerAutoConfiguration - Enable prompts capabilities, notification: true
2026-05-22 20:08:49 INFO  o.s.a.m.s.a.McpServerAutoConfiguration - Enable completions capabilities
2026-05-22 20:08:49 INFO  i.m.server.McpAsyncServer - Client initialize request - Protocol: 2025-11-25, Capabilities: ClientCapabilities[experimental=null, roots=null, sampling=null], Info: Implementation[name=q-chat-plugin, version=1.0.0]
2026-05-22 20:08:49 WARN  i.m.server.McpAsyncServer - Client requested unsupported protocol version: 2025-11-25, so the server will suggest the 2024-11-05 version instead
2026-05-22 20:08:50 INFO  c.c.m.McpServerApplication - Started McpServerApplication in 1.061 seconds (process running for 1.311)
2026-05-22 21:17:11 INFO  c.c.m.McpServerApplication - Starting McpServerApplication v1.0-SNAPSHOT using Java 21.0.10 with PID 60189 (/Users/vivekpandey/Documents/Project/twdc/Mysql_mcp_server/target/mysql-mcp-server-1.0-SNAPSHOT.jar started by vivekpandey in /Users/vivekpandey/Documents/Project/twdc/Mysql_mcp_server)
2026-05-22 21:17:11 INFO  c.c.m.McpServerApplication - The following 1 profile is active: "mcp"
2026-05-22 21:17:12 INFO  o.s.a.m.s.a.McpServerAutoConfiguration - Enable tools capabilities, notification: true
2026-05-22 21:17:12 INFO  o.s.a.m.s.a.McpServerAutoConfiguration - Registered tools: 5
2026-05-22 21:17:12 INFO  o.s.a.m.s.a.McpServerAutoConfiguration - Enable resources capabilities, notification: true
2026-05-22 21:17:12 INFO  o.s.a.m.s.a.McpServerAutoConfiguration - Enable prompts capabilities, notification: true
2026-05-22 21:17:12 INFO  o.s.a.m.s.a.McpServerAutoConfiguration - Enable completions capabilities
2026-05-22 21:17:12 INFO  i.m.server.McpAsyncServer - Client initialize request - Protocol: 2025-11-25, Capabilities: ClientCapabilities[experimental=null, roots=null, sampling=null], Info: Implementation[name=q-chat-plugin, version=1.0.0]
2026-05-22 21:17:12 WARN  i.m.server.McpAsyncServer - Client requested unsupported protocol version: 2025-11-25, so the server will suggest the 2024-11-05 version instead
2026-05-22 21:17:12 INFO  c.c.m.McpServerApplication - Started McpServerApplication in 1.044 seconds (process running for 1.336)
2026-05-22 21:59:00 INFO  c.c.m.McpServerApplication - Starting McpServerApplication v1.0-SNAPSHOT using Java 21.0.10 with PID 61637 (/Users/vivekpandey/Documents/Project/twdc/Mysql_mcp_server/target/mysql-mcp-server-1.0-SNAPSHOT.jar started by vivekpandey in /Users/vivekpandey/Documents/Project/twdc/Mysql_mcp_server)
2026-05-22 21:59:00 INFO  c.c.m.McpServerApplication - The following 1 profile is active: "mcp"
2026-05-22 21:59:01 INFO  o.s.a.m.s.a.McpServerAutoConfiguration - Enable tools capabilities, notification: true
2026-05-22 21:59:01 INFO  o.s.a.m.s.a.McpServerAutoConfiguration - Registered tools: 5
2026-05-22 21:59:01 INFO  o.s.a.m.s.a.McpServerAutoConfiguration - Enable resources capabilities, notification: true
2026-05-22 21:59:01 INFO  o.s.a.m.s.a.McpServerAutoConfiguration - Enable prompts capabilities, notification: true
2026-05-22 21:59:01 INFO  o.s.a.m.s.a.McpServerAutoConfiguration - Enable completions capabilities
2026-05-22 21:59:01 INFO  i.m.server.McpAsyncServer - Client initialize request - Protocol: 2025-11-25, Capabilities: ClientCapabilities[experimental=null, roots=null, sampling=null], Info: Implementation[name=q-chat-plugin, version=1.0.0]
2026-05-22 21:59:01 WARN  i.m.server.McpAsyncServer - Client requested unsupported protocol version: 2025-11-25, so the server will suggest the 2024-11-05 version instead
2026-05-22 21:59:01 INFO  c.c.m.McpServerApplication - Started McpServerApplication in 1.097 seconds (process running for 1.344)
2026-05-22 22:44:10 INFO  c.c.m.McpServerApplication - Starting McpServerApplication v1.0-SNAPSHOT using Java 21.0.10 with PID 62099 (/Users/vivekpandey/Documents/Project/twdc/Mysql_mcp_server/target/mysql-mcp-server-1.0-SNAPSHOT.jar started by vivekpandey in /Users/vivekpandey/Documents/Project/twdc/Mysql_mcp_server)
2026-05-22 22:44:10 INFO  c.c.m.McpServerApplication - The following 1 profile is active: "mcp"
2026-05-22 22:44:10 INFO  o.s.a.m.s.a.McpServerAutoConfiguration - Enable tools capabilities, notification: true
2026-05-22 22:44:10 INFO  o.s.a.m.s.a.McpServerAutoConfiguration - Registered tools: 5
2026-05-22 22:44:10 INFO  o.s.a.m.s.a.McpServerAutoConfiguration - Enable resources capabilities, notification: true
2026-05-22 22:44:10 INFO  o.s.a.m.s.a.McpServerAutoConfiguration - Enable prompts capabilities, notification: true
2026-05-22 22:44:10 INFO  o.s.a.m.s.a.McpServerAutoConfiguration - Enable completions capabilities
2026-05-22 22:44:10 INFO  i.m.server.McpAsyncServer - Client initialize request - Protocol: 2025-11-25, Capabilities: ClientCapabilities[experimental=null, roots=null, sampling=null], Info: Implementation[name=q-chat-plugin, version=1.0.0]
2026-05-22 22:44:10 WARN  i.m.server.McpAsyncServer - Client requested unsupported protocol version: 2025-11-25, so the server will suggest the 2024-11-05 version instead
2026-05-22 22:44:11 INFO  c.c.m.McpServerApplication - Started McpServerApplication in 0.937 seconds (process running for 1.173)
2026-05-23 01:37:14 INFO  c.c.m.McpServerApplication - Starting McpServerApplication v1.0-SNAPSHOT using Java 21.0.10 with PID 62884 (/Users/vivekpandey/Documents/Project/twdc/Mysql_mcp_server/target/mysql-mcp-server-1.0-SNAPSHOT.jar started by vivekpandey in /Users/vivekpandey/Documents/Project/twdc/Mysql_mcp_server)
2026-05-23 01:37:14 INFO  c.c.m.McpServerApplication - The following 1 profile is active: "mcp"
2026-05-23 01:37:15 INFO  o.s.a.m.s.a.McpServerAutoConfiguration - Enable tools capabilities, notification: true
2026-05-23 01:37:15 INFO  o.s.a.m.s.a.McpServerAutoConfiguration - Registered tools: 5
2026-05-23 01:37:15 INFO  o.s.a.m.s.a.McpServerAutoConfiguration - Enable resources capabilities, notification: true
2026-05-23 01:37:15 INFO  o.s.a.m.s.a.McpServerAutoConfiguration - Enable prompts capabilities, notification: true
2026-05-23 01:37:15 INFO  o.s.a.m.s.a.McpServerAutoConfiguration - Enable completions capabilities
2026-05-23 01:37:15 INFO  i.m.server.McpAsyncServer - Client initialize request - Protocol: 2025-11-25, Capabilities: ClientCapabilities[experimental=null, roots=null, sampling=null], Info: Implementation[name=q-chat-plugin, version=1.0.0]
2026-05-23 01:37:15 WARN  i.m.server.McpAsyncServer - Client requested unsupported protocol version: 2025-11-25, so the server will suggest the 2024-11-05 version instead
2026-05-23 01:37:15 INFO  c.c.m.McpServerApplication - Started McpServerApplication in 1.014 seconds (process running for 1.23)
2026-05-23 03:01:39 INFO  c.c.m.McpServerApplication - Starting McpServerApplication v1.0-SNAPSHOT using Java 21.0.10 with PID 63342 (/Users/vivekpandey/Documents/Project/twdc/Mysql_mcp_server/target/mysql-mcp-server-1.0-SNAPSHOT.jar started by vivekpandey in /Users/vivekpandey/Documents/Project/twdc/Mysql_mcp_server)
2026-05-23 03:01:39 INFO  c.c.m.McpServerApplication - The following 1 profile is active: "mcp"
2026-05-23 03:01:46 INFO  o.s.a.m.s.a.McpServerAutoConfiguration - Enable tools capabilities, notification: true
2026-05-23 03:01:46 INFO  o.s.a.m.s.a.McpServerAutoConfiguration - Registered tools: 5
2026-05-23 03:01:46 INFO  o.s.a.m.s.a.McpServerAutoConfiguration - Enable resources capabilities, notification: true
2026-05-23 03:01:46 INFO  o.s.a.m.s.a.McpServerAutoConfiguration - Enable prompts capabilities, notification: true
2026-05-23 03:01:46 INFO  o.s.a.m.s.a.McpServerAutoConfiguration - Enable completions capabilities
2026-05-23 03:01:46 INFO  i.m.server.McpAsyncServer - Client initialize request - Protocol: 2025-11-25, Capabilities: ClientCapabilities[experimental=null, roots=null, sampling=null], Info: Implementation[name=q-chat-plugin, version=1.0.0]
2026-05-23 03:01:46 WARN  i.m.server.McpAsyncServer - Client requested unsupported protocol version: 2025-11-25, so the server will suggest the 2024-11-05 version instead
2026-05-23 03:01:46 INFO  c.c.m.McpServerApplication - Started McpServerApplication in 7.617 seconds (process running for 7.934)
2026-05-23 07:39:07 INFO  c.c.m.McpServerApplication - Starting McpServerApplication v1.0-SNAPSHOT using Java 21.0.10 with PID 64568 (/Users/vivekpandey/Documents/Project/twdc/Mysql_mcp_server/target/mysql-mcp-server-1.0-SNAPSHOT.jar started by vivekpandey in /Users/vivekpandey/Documents/Project/twdc/Mysql_mcp_server)
2026-05-23 07:39:07 INFO  c.c.m.McpServerApplication - The following 1 profile is active: "mcp"
2026-05-23 07:39:08 INFO  o.s.a.m.s.a.McpServerAutoConfiguration - Enable tools capabilities, notification: true
2026-05-23 07:39:08 INFO  o.s.a.m.s.a.McpServerAutoConfiguration - Registered tools: 5
2026-05-23 07:39:08 INFO  o.s.a.m.s.a.McpServerAutoConfiguration - Enable resources capabilities, notification: true
2026-05-23 07:39:08 INFO  o.s.a.m.s.a.McpServerAutoConfiguration - Enable prompts capabilities, notification: true
2026-05-23 07:39:08 INFO  o.s.a.m.s.a.McpServerAutoConfiguration - Enable completions capabilities
2026-05-23 07:39:08 INFO  i.m.server.McpAsyncServer - Client initialize request - Protocol: 2025-11-25, Capabilities: ClientCapabilities[experimental=null, roots=null, sampling=null], Info: Implementation[name=q-chat-plugin, version=1.0.0]
2026-05-23 07:39:08 WARN  i.m.server.McpAsyncServer - Client requested unsupported protocol version: 2025-11-25, so the server will suggest the 2024-11-05 version instead
2026-05-23 07:39:08 INFO  c.c.m.McpServerApplication - Started McpServerApplication in 0.987 seconds (process running for 1.256)
2026-05-23 09:39:55 INFO  c.c.m.McpServerApplication - Starting McpServerApplication v1.0-SNAPSHOT using Java 21.0.10 with PID 65076 (/Users/vivekpandey/Documents/Project/twdc/Mysql_mcp_server/target/mysql-mcp-server-1.0-SNAPSHOT.jar started by vivekpandey in /Users/vivekpandey/Documents/Project/twdc/Mysql_mcp_server)
2026-05-23 09:39:55 INFO  c.c.m.McpServerApplication - The following 1 profile is active: "mcp"
2026-05-23 09:39:56 INFO  o.s.a.m.s.a.McpServerAutoConfiguration - Enable tools capabilities, notification: true
2026-05-23 09:39:56 INFO  o.s.a.m.s.a.McpServerAutoConfiguration - Registered tools: 5
2026-05-23 09:39:56 INFO  o.s.a.m.s.a.McpServerAutoConfiguration - Enable resources capabilities, notification: true
2026-05-23 09:39:56 INFO  o.s.a.m.s.a.McpServerAutoConfiguration - Enable prompts capabilities, notification: true
2026-05-23 09:39:56 INFO  o.s.a.m.s.a.McpServerAutoConfiguration - Enable completions capabilities
2026-05-23 09:39:56 INFO  i.m.server.McpAsyncServer - Client initialize request - Protocol: 2025-11-25, Capabilities: ClientCapabilities[experimental=null, roots=null, sampling=null], Info: Implementation[name=q-chat-plugin, version=1.0.0]
2026-05-23 09:39:56 WARN  i.m.server.McpAsyncServer - Client requested unsupported protocol version: 2025-11-25, so the server will suggest the 2024-11-05 version instead
2026-05-23 09:39:56 ERROR i.m.spec.McpServerSession - No handler registered for notification method: notifications/cancelled
2026-05-23 09:39:56 INFO  c.c.m.McpServerApplication - Started McpServerApplication in 893.432 seconds (process running for 1.47)
2026-05-23 13:08:13 INFO  c.c.m.McpServerApplication - Starting McpServerApplication v1.0-SNAPSHOT using Java 21.0.10 with PID 65965 (/Users/vivekpandey/Documents/Project/twdc/Mysql_mcp_server/target/mysql-mcp-server-1.0-SNAPSHOT.jar started by vivekpandey in /Users/vivekpandey/Documents/Project/twdc/Mysql_mcp_server)
2026-05-23 13:08:13 INFO  c.c.m.McpServerApplication - The following 1 profile is active: "mcp"
2026-05-23 13:08:13 INFO  o.s.a.m.s.a.McpServerAutoConfiguration - Enable tools capabilities, notification: true
2026-05-23 13:08:13 INFO  o.s.a.m.s.a.McpServerAutoConfiguration - Registered tools: 5
2026-05-23 13:08:13 INFO  o.s.a.m.s.a.McpServerAutoConfiguration - Enable resources capabilities, notification: true
2026-05-23 13:08:13 INFO  o.s.a.m.s.a.McpServerAutoConfiguration - Enable prompts capabilities, notification: true
2026-05-23 13:08:13 INFO  o.s.a.m.s.a.McpServerAutoConfiguration - Enable completions capabilities
2026-05-23 13:08:13 INFO  i.m.server.McpAsyncServer - Client initialize request - Protocol: 2025-11-25, Capabilities: ClientCapabilities[experimental=null, roots=null, sampling=null], Info: Implementation[name=q-chat-plugin, version=1.0.0]
2026-05-23 13:08:13 WARN  i.m.server.McpAsyncServer - Client requested unsupported protocol version: 2025-11-25, so the server will suggest the 2024-11-05 version instead
2026-05-23 13:08:13 INFO  c.c.m.McpServerApplication - Started McpServerApplication in 1.071 seconds (process running for 1.297)
2026-05-23 15:01:24 INFO  c.c.m.McpServerApplication - Starting McpServerApplication v1.0-SNAPSHOT using Java 21.0.10 with PID 66424 (/Users/vivekpandey/Documents/Project/twdc/Mysql_mcp_server/target/mysql-mcp-server-1.0-SNAPSHOT.jar started by vivekpandey in /Users/vivekpandey/Documents/Project/twdc/Mysql_mcp_server)
2026-05-23 15:01:24 INFO  c.c.m.McpServerApplication - The following 1 profile is active: "mcp"
2026-05-23 15:01:25 INFO  o.s.a.m.s.a.McpServerAutoConfiguration - Enable tools capabilities, notification: true
2026-05-23 15:01:25 INFO  o.s.a.m.s.a.McpServerAutoConfiguration - Registered tools: 5
2026-05-23 15:01:25 INFO  o.s.a.m.s.a.McpServerAutoConfiguration - Enable resources capabilities, notification: true
2026-05-23 15:01:25 INFO  o.s.a.m.s.a.McpServerAutoConfiguration - Enable prompts capabilities, notification: true
2026-05-23 15:01:25 INFO  o.s.a.m.s.a.McpServerAutoConfiguration - Enable completions capabilities
2026-05-23 15:01:25 INFO  i.m.server.McpAsyncServer - Client initialize request - Protocol: 2025-11-25, Capabilities: ClientCapabilities[experimental=null, roots=null, sampling=null], Info: Implementation[name=q-chat-plugin, version=1.0.0]
2026-05-23 15:01:25 WARN  i.m.server.McpAsyncServer - Client requested unsupported protocol version: 2025-11-25, so the server will suggest the 2024-11-05 version instead
2026-05-23 15:01:25 INFO  c.c.m.McpServerApplication - Started McpServerApplication in 1.011 seconds (process running for 1.288)
2026-05-23 18:12:54 INFO  c.c.m.McpServerApplication - Starting McpServerApplication v1.0-SNAPSHOT using Java 21.0.10 with PID 67182 (/Users/vivekpandey/Documents/Project/twdc/Mysql_mcp_server/target/mysql-mcp-server-1.0-SNAPSHOT.jar started by vivekpandey in /Users/vivekpandey/Documents/Project/twdc/Mysql_mcp_server)
2026-05-23 18:12:54 INFO  c.c.m.McpServerApplication - The following 1 profile is active: "mcp"
2026-05-23 18:13:00 INFO  o.s.a.m.s.a.McpServerAutoConfiguration - Enable tools capabilities, notification: true
2026-05-23 18:13:01 INFO  o.s.a.m.s.a.McpServerAutoConfiguration - Registered tools: 5
2026-05-23 18:13:01 INFO  o.s.a.m.s.a.McpServerAutoConfiguration - Enable resources capabilities, notification: true
2026-05-23 18:13:01 INFO  o.s.a.m.s.a.McpServerAutoConfiguration - Enable prompts capabilities, notification: true
2026-05-23 18:13:01 INFO  o.s.a.m.s.a.McpServerAutoConfiguration - Enable completions capabilities
2026-05-23 18:13:01 INFO  i.m.server.McpAsyncServer - Client initialize request - Protocol: 2025-11-25, Capabilities: ClientCapabilities[experimental=null, roots=null, sampling=null], Info: Implementation[name=q-chat-plugin, version=1.0.0]
2026-05-23 18:13:01 WARN  i.m.server.McpAsyncServer - Client requested unsupported protocol version: 2025-11-25, so the server will suggest the 2024-11-05 version instead
2026-05-23 18:13:02 INFO  c.c.m.McpServerApplication - Started McpServerApplication in 7.537 seconds (process running for 7.741)
2026-05-23 18:53:50 INFO  c.c.m.McpServerApplication - Starting McpServerApplication v1.0-SNAPSHOT using Java 21.0.10 with PID 68217 (/Users/vivekpandey/Documents/Project/twdc/Mysql_mcp_server/target/mysql-mcp-server-1.0-SNAPSHOT.jar started by vivekpandey in /Users/vivekpandey/Documents/Project/twdc/Mysql_mcp_server)
2026-05-23 18:53:50 INFO  c.c.m.McpServerApplication - The following 1 profile is active: "mcp"
2026-05-23 18:53:51 INFO  o.s.a.m.s.a.McpServerAutoConfiguration - Enable tools capabilities, notification: true
2026-05-23 18:53:51 INFO  o.s.a.m.s.a.McpServerAutoConfiguration - Registered tools: 5
2026-05-23 18:53:51 INFO  o.s.a.m.s.a.McpServerAutoConfiguration - Enable resources capabilities, notification: true
2026-05-23 18:53:51 INFO  o.s.a.m.s.a.McpServerAutoConfiguration - Enable prompts capabilities, notification: true
2026-05-23 18:53:51 INFO  o.s.a.m.s.a.McpServerAutoConfiguration - Enable completions capabilities
2026-05-23 18:53:51 INFO  i.m.server.McpAsyncServer - Client initialize request - Protocol: 2025-11-25, Capabilities: ClientCapabilities[experimental=null, roots=null, sampling=null], Info: Implementation[name=q-chat-plugin, version=1.0.0]
2026-05-23 18:53:51 WARN  i.m.server.McpAsyncServer - Client requested unsupported protocol version: 2025-11-25, so the server will suggest the 2024-11-05 version instead
2026-05-23 18:53:51 INFO  c.c.m.McpServerApplication - Started McpServerApplication in 1.008 seconds (process running for 1.259)
2026-05-23 19:36:47 INFO  c.c.m.McpServerApplication - Starting McpServerApplication v1.0-SNAPSHOT using Java 21.0.10 with PID 69247 (/Users/vivekpandey/Documents/Project/twdc/Mysql_mcp_server/target/mysql-mcp-server-1.0-SNAPSHOT.jar started by vivekpandey in /Users/vivekpandey/Documents/Project/twdc/Mysql_mcp_server)
2026-05-23 19:36:47 INFO  c.c.m.McpServerApplication - The following 1 profile is active: "mcp"
2026-05-23 19:36:48 INFO  o.s.a.m.s.a.McpServerAutoConfiguration - Enable tools capabilities, notification: true
2026-05-23 19:36:48 INFO  o.s.a.m.s.a.McpServerAutoConfiguration - Registered tools: 5
2026-05-23 19:36:48 INFO  o.s.a.m.s.a.McpServerAutoConfiguration - Enable resources capabilities, notification: true
2026-05-23 19:36:48 INFO  o.s.a.m.s.a.McpServerAutoConfiguration - Enable prompts capabilities, notification: true
2026-05-23 19:36:48 INFO  o.s.a.m.s.a.McpServerAutoConfiguration - Enable completions capabilities
2026-05-23 19:36:48 INFO  i.m.server.McpAsyncServer - Client initialize request - Protocol: 2025-11-25, Capabilities: ClientCapabilities[experimental=null, roots=null, sampling=null], Info: Implementation[name=q-chat-plugin, version=1.0.0]
2026-05-23 19:36:48 WARN  i.m.server.McpAsyncServer - Client requested unsupported protocol version: 2025-11-25, so the server will suggest the 2024-11-05 version instead
2026-05-23 19:36:48 INFO  c.c.m.McpServerApplication - Started McpServerApplication in 1.035 seconds (process running for 1.311)
2026-05-23 21:56:44 INFO  c.c.m.McpServerApplication - Starting McpServerApplication v1.0-SNAPSHOT using Java 21.0.10 with PID 70021 (/Users/vivekpandey/Documents/Project/twdc/Mysql_mcp_server/target/mysql-mcp-server-1.0-SNAPSHOT.jar started by vivekpandey in /Users/vivekpandey/Documents/Project/twdc/Mysql_mcp_server)
2026-05-23 21:56:44 INFO  c.c.m.McpServerApplication - The following 1 profile is active: "mcp"
2026-05-23 21:56:44 INFO  o.s.a.m.s.a.McpServerAutoConfiguration - Enable tools capabilities, notification: true
2026-05-23 21:56:44 INFO  o.s.a.m.s.a.McpServerAutoConfiguration - Registered tools: 5
2026-05-23 21:56:44 INFO  o.s.a.m.s.a.McpServerAutoConfiguration - Enable resources capabilities, notification: true
2026-05-23 21:56:44 INFO  o.s.a.m.s.a.McpServerAutoConfiguration - Enable prompts capabilities, notification: true
2026-05-23 21:56:44 INFO  o.s.a.m.s.a.McpServerAutoConfiguration - Enable completions capabilities
2026-05-23 21:56:45 INFO  i.m.server.McpAsyncServer - Client initialize request - Protocol: 2025-11-25, Capabilities: ClientCapabilities[experimental=null, roots=null, sampling=null], Info: Implementation[name=q-chat-plugin, version=1.0.0]
2026-05-23 21:56:45 WARN  i.m.server.McpAsyncServer - Client requested unsupported protocol version: 2025-11-25, so the server will suggest the 2024-11-05 version instead
2026-05-23 21:56:45 INFO  c.c.m.McpServerApplication - Started McpServerApplication in 1.211 seconds (process running for 1.631)
2026-05-23 22:57:50 INFO  c.c.m.McpServerApplication - Starting McpServerApplication v1.0-SNAPSHOT using Java 21.0.10 with PID 70267 (/Users/vivekpandey/Documents/Project/twdc/Mysql_mcp_server/target/mysql-mcp-server-1.0-SNAPSHOT.jar started by vivekpandey in /Users/vivekpandey/Documents/Project/twdc/Mysql_mcp_server)
2026-05-23 22:57:50 INFO  c.c.m.McpServerApplication - The following 1 profile is active: "mcp"
2026-05-23 22:57:55 INFO  o.s.a.m.s.a.McpServerAutoConfiguration - Enable tools capabilities, notification: true
2026-05-23 22:57:55 INFO  o.s.a.m.s.a.McpServerAutoConfiguration - Registered tools: 5
2026-05-23 22:57:55 INFO  o.s.a.m.s.a.McpServerAutoConfiguration - Enable resources capabilities, notification: true
2026-05-23 22:57:55 INFO  o.s.a.m.s.a.McpServerAutoConfiguration - Enable prompts capabilities, notification: true
2026-05-23 22:57:55 INFO  o.s.a.m.s.a.McpServerAutoConfiguration - Enable completions capabilities
2026-05-23 22:57:55 INFO  i.m.server.McpAsyncServer - Client initialize request - Protocol: 2025-11-25, Capabilities: ClientCapabilities[experimental=null, roots=null, sampling=null], Info: Implementation[name=q-chat-plugin, version=1.0.0]
2026-05-23 22:57:55 WARN  i.m.server.McpAsyncServer - Client requested unsupported protocol version: 2025-11-25, so the server will suggest the 2024-11-05 version instead
2026-05-23 22:57:55 INFO  c.c.m.McpServerApplication - Started McpServerApplication in 6.031 seconds (process running for 6.416)
2026-05-24 02:15:49 INFO  c.c.m.McpServerApplication - Starting McpServerApplication v1.0-SNAPSHOT using Java 21.0.10 with PID 71205 (/Users/vivekpandey/Documents/Project/twdc/Mysql_mcp_server/target/mysql-mcp-server-1.0-SNAPSHOT.jar started by vivekpandey in /Users/vivekpandey/Documents/Project/twdc/Mysql_mcp_server)
2026-05-24 02:15:49 INFO  c.c.m.McpServerApplication - The following 1 profile is active: "mcp"
2026-05-24 02:15:50 INFO  o.s.a.m.s.a.McpServerAutoConfiguration - Enable tools capabilities, notification: true
2026-05-24 02:15:50 INFO  o.s.a.m.s.a.McpServerAutoConfiguration - Registered tools: 5
2026-05-24 02:15:50 INFO  o.s.a.m.s.a.McpServerAutoConfiguration - Enable resources capabilities, notification: true
2026-05-24 02:15:50 INFO  o.s.a.m.s.a.McpServerAutoConfiguration - Enable prompts capabilities, notification: true
2026-05-24 02:15:50 INFO  o.s.a.m.s.a.McpServerAutoConfiguration - Enable completions capabilities
2026-05-24 02:15:50 INFO  i.m.server.McpAsyncServer - Client initialize request - Protocol: 2025-11-25, Capabilities: ClientCapabilities[experimental=null, roots=null, sampling=null], Info: Implementation[name=q-chat-plugin, version=1.0.0]
2026-05-24 02:15:50 WARN  i.m.server.McpAsyncServer - Client requested unsupported protocol version: 2025-11-25, so the server will suggest the 2024-11-05 version instead
2026-05-24 02:15:50 INFO  c.c.m.McpServerApplication - Started McpServerApplication in 1.224 seconds (process running for 1.463)
2026-05-24 04:15:53 INFO  c.c.m.McpServerApplication - Starting McpServerApplication v1.0-SNAPSHOT using Java 21.0.10 with PID 71727 (/Users/vivekpandey/Documents/Project/twdc/Mysql_mcp_server/target/mysql-mcp-server-1.0-SNAPSHOT.jar started by vivekpandey in /Users/vivekpandey/Documents/Project/twdc/Mysql_mcp_server)
2026-05-24 04:15:53 INFO  c.c.m.McpServerApplication - The following 1 profile is active: "mcp"
2026-05-24 04:15:58 INFO  o.s.a.m.s.a.McpServerAutoConfiguration - Enable tools capabilities, notification: true
2026-05-24 04:15:58 INFO  o.s.a.m.s.a.McpServerAutoConfiguration - Registered tools: 5
2026-05-24 04:15:58 INFO  o.s.a.m.s.a.McpServerAutoConfiguration - Enable resources capabilities, notification: true
2026-05-24 04:15:58 INFO  o.s.a.m.s.a.McpServerAutoConfiguration - Enable prompts capabilities, notification: true
2026-05-24 04:15:58 INFO  o.s.a.m.s.a.McpServerAutoConfiguration - Enable completions capabilities
2026-05-24 04:15:58 INFO  i.m.server.McpAsyncServer - Client initialize request - Protocol: 2025-11-25, Capabilities: ClientCapabilities[experimental=null, roots=null, sampling=null], Info: Implementation[name=q-chat-plugin, version=1.0.0]
2026-05-24 04:15:59 WARN  i.m.server.McpAsyncServer - Client requested unsupported protocol version: 2025-11-25, so the server will suggest the 2024-11-05 version instead
2026-05-24 04:15:59 INFO  c.c.m.McpServerApplication - Started McpServerApplication in 6.918 seconds (process running for 7.219)
2026-05-24 04:16:02 INFO  c.c.m.McpServerApplication - Starting McpServerApplication v1.0-SNAPSHOT using Java 21.0.10 with PID 71740 (/Users/vivekpandey/Documents/Project/twdc/Mysql_mcp_server/target/mysql-mcp-server-1.0-SNAPSHOT.jar started by vivekpandey in /Users/vivekpandey/Documents/Project/twdc/Mysql_mcp_server)
2026-05-24 04:16:02 INFO  c.c.m.McpServerApplication - The following 1 profile is active: "mcp"
2026-05-24 04:16:03 INFO  o.s.a.m.s.a.McpServerAutoConfiguration - Enable tools capabilities, notification: true
2026-05-24 04:16:03 INFO  o.s.a.m.s.a.McpServerAutoConfiguration - Registered tools: 5
2026-05-24 04:16:03 INFO  o.s.a.m.s.a.McpServerAutoConfiguration - Enable resources capabilities, notification: true
2026-05-24 04:16:03 INFO  o.s.a.m.s.a.McpServerAutoConfiguration - Enable prompts capabilities, notification: true
2026-05-24 04:16:03 INFO  o.s.a.m.s.a.McpServerAutoConfiguration - Enable completions capabilities
2026-05-24 04:16:03 INFO  i.m.server.McpAsyncServer - Client initialize request - Protocol: 2025-11-25, Capabilities: ClientCapabilities[experimental=null, roots=null, sampling=null], Info: Implementation[name=q-chat-plugin, version=1.0.0]
2026-05-24 04:16:03 WARN  i.m.server.McpAsyncServer - Client requested unsupported protocol version: 2025-11-25, so the server will suggest the 2024-11-05 version instead
2026-05-24 04:16:03 INFO  c.c.m.McpServerApplication - Started McpServerApplication in 1.705 seconds (process running for 3.255)
2026-05-24 04:16:04 INFO  c.c.m.McpServerApplication - Starting McpServerApplication v1.0-SNAPSHOT using Java 21.0.10 with PID 71768 (/Users/vivekpandey/Documents/Project/twdc/Mysql_mcp_server/target/mysql-mcp-server-1.0-SNAPSHOT.jar started by vivekpandey in /Users/vivekpandey/Documents/Project/twdc/Mysql_mcp_server)
2026-05-24 04:16:04 INFO  c.c.m.McpServerApplication - The following 1 profile is active: "mcp"
2026-05-24 04:32:04 INFO  o.s.a.m.s.a.McpServerAutoConfiguration - Enable tools capabilities, notification: true
2026-05-24 04:32:04 INFO  o.s.a.m.s.a.McpServerAutoConfiguration - Registered tools: 5
2026-05-24 04:32:04 INFO  o.s.a.m.s.a.McpServerAutoConfiguration - Enable resources capabilities, notification: true
2026-05-24 04:32:04 INFO  o.s.a.m.s.a.McpServerAutoConfiguration - Enable prompts capabilities, notification: true
2026-05-24 04:32:04 INFO  o.s.a.m.s.a.McpServerAutoConfiguration - Enable completions capabilities
2026-05-24 04:32:04 INFO  i.m.server.McpAsyncServer - Client initialize request - Protocol: 2025-11-25, Capabilities: ClientCapabilities[experimental=null, roots=null, sampling=null], Info: Implementation[name=q-chat-plugin, version=1.0.0]
2026-05-24 04:32:04 WARN  i.m.server.McpAsyncServer - Client requested unsupported protocol version: 2025-11-25, so the server will suggest the 2024-11-05 version instead
2026-05-24 04:32:04 ERROR i.m.spec.McpServerSession - No handler registered for notification method: notifications/cancelled
2026-05-24 04:32:04 INFO  c.c.m.McpServerApplication - Started McpServerApplication in 960.521 seconds (process running for 2.249)
2026-05-24 06:46:53 INFO  c.c.m.McpServerApplication - Starting McpServerApplication v1.0-SNAPSHOT using Java 21.0.10 with PID 72479 (/Users/vivekpandey/Documents/Project/twdc/Mysql_mcp_server/target/mysql-mcp-server-1.0-SNAPSHOT.jar started by vivekpandey in /Users/vivekpandey/Documents/Project/twdc/Mysql_mcp_server)
2026-05-24 06:46:53 INFO  c.c.m.McpServerApplication - The following 1 profile is active: "mcp"
2026-05-24 06:46:54 INFO  o.s.a.m.s.a.McpServerAutoConfiguration - Enable tools capabilities, notification: true
2026-05-24 06:46:54 INFO  o.s.a.m.s.a.McpServerAutoConfiguration - Registered tools: 5
2026-05-24 06:46:54 INFO  o.s.a.m.s.a.McpServerAutoConfiguration - Enable resources capabilities, notification: true
2026-05-24 06:46:54 INFO  o.s.a.m.s.a.McpServerAutoConfiguration - Enable prompts capabilities, notification: true
2026-05-24 06:46:54 INFO  o.s.a.m.s.a.McpServerAutoConfiguration - Enable completions capabilities
2026-05-24 06:46:54 INFO  i.m.server.McpAsyncServer - Client initialize request - Protocol: 2025-11-25, Capabilities: ClientCapabilities[experimental=null, roots=null, sampling=null], Info: Implementation[name=q-chat-plugin, version=1.0.0]
2026-05-24 06:46:54 WARN  i.m.server.McpAsyncServer - Client requested unsupported protocol version: 2025-11-25, so the server will suggest the 2024-11-05 version instead
2026-05-24 06:46:54 INFO  c.c.m.McpServerApplication - Started McpServerApplication in 1.1 seconds (process running for 1.35)
2026-05-24 09:37:24 INFO  c.c.m.McpServerApplication - Starting McpServerApplication v1.0-SNAPSHOT using Java 21.0.10 with PID 73250 (/Users/vivekpandey/Documents/Project/twdc/Mysql_mcp_server/target/mysql-mcp-server-1.0-SNAPSHOT.jar started by vivekpandey in /Users/vivekpandey/Documents/Project/twdc/Mysql_mcp_server)
2026-05-24 09:37:24 INFO  c.c.m.McpServerApplication - The following 1 profile is active: "mcp"
2026-05-24 09:37:28 INFO  o.s.a.m.s.a.McpServerAutoConfiguration - Enable tools capabilities, notification: true
2026-05-24 09:37:28 INFO  o.s.a.m.s.a.McpServerAutoConfiguration - Registered tools: 5
2026-05-24 09:37:28 INFO  o.s.a.m.s.a.McpServerAutoConfiguration - Enable resources capabilities, notification: true
2026-05-24 09:37:28 INFO  o.s.a.m.s.a.McpServerAutoConfiguration - Enable prompts capabilities, notification: true
2026-05-24 09:37:28 INFO  o.s.a.m.s.a.McpServerAutoConfiguration - Enable completions capabilities
2026-05-24 09:37:29 INFO  i.m.server.McpAsyncServer - Client initialize request - Protocol: 2025-11-25, Capabilities: ClientCapabilities[experimental=null, roots=null, sampling=null], Info: Implementation[name=q-chat-plugin, version=1.0.0]
2026-05-24 09:37:29 WARN  i.m.server.McpAsyncServer - Client requested unsupported protocol version: 2025-11-25, so the server will suggest the 2024-11-05 version instead
2026-05-24 09:37:29 INFO  c.c.m.McpServerApplication - Started McpServerApplication in 5.609 seconds (process running for 5.951)
2026-05-24 09:48:27 INFO  c.c.m.McpServerApplication - Starting McpServerApplication v1.0-SNAPSHOT using Java 21.0.10 with PID 73280 (/Users/vivekpandey/Documents/Project/twdc/Mysql_mcp_server/target/mysql-mcp-server-1.0-SNAPSHOT.jar started by vivekpandey in /Users/vivekpandey/Documents/Project/twdc/Mysql_mcp_server)
2026-05-24 09:48:27 INFO  c.c.m.McpServerApplication - The following 1 profile is active: "mcp"
2026-05-24 09:48:29 INFO  c.c.m.McpServerApplication - Starting McpServerApplication v1.0-SNAPSHOT using Java 21.0.10 with PID 73307 (/Users/vivekpandey/Documents/Project/twdc/Mysql_mcp_server/target/mysql-mcp-server-1.0-SNAPSHOT.jar started by vivekpandey in /Users/vivekpandey/Documents/Project/twdc/Mysql_mcp_server)
2026-05-24 09:48:29 INFO  c.c.m.McpServerApplication - The following 1 profile is active: "mcp"
2026-05-24 09:48:29 INFO  o.s.a.m.s.a.McpServerAutoConfiguration - Enable tools capabilities, notification: true
2026-05-24 09:48:29 INFO  o.s.a.m.s.a.McpServerAutoConfiguration - Registered tools: 5
2026-05-24 09:48:29 INFO  o.s.a.m.s.a.McpServerAutoConfiguration - Enable resources capabilities, notification: true
2026-05-24 09:48:29 INFO  o.s.a.m.s.a.McpServerAutoConfiguration - Enable prompts capabilities, notification: true
2026-05-24 09:48:29 INFO  o.s.a.m.s.a.McpServerAutoConfiguration - Enable completions capabilities
2026-05-24 09:48:29 INFO  i.m.server.McpAsyncServer - Client initialize request - Protocol: 2025-11-25, Capabilities: ClientCapabilities[experimental=null, roots=null, sampling=null], Info: Implementation[name=q-chat-plugin, version=1.0.0]
2026-05-24 09:48:29 WARN  i.m.server.McpAsyncServer - Client requested unsupported protocol version: 2025-11-25, so the server will suggest the 2024-11-05 version instead
2026-05-24 09:48:29 ERROR i.m.spec.McpServerSession - No handler registered for notification method: notifications/cancelled
2026-05-24 09:48:30 INFO  o.s.a.m.s.a.McpServerAutoConfiguration - Enable tools capabilities, notification: true
2026-05-24 09:48:30 INFO  o.s.a.m.s.a.McpServerAutoConfiguration - Registered tools: 5
2026-05-24 09:48:30 INFO  o.s.a.m.s.a.McpServerAutoConfiguration - Enable resources capabilities, notification: true
2026-05-24 09:48:30 INFO  o.s.a.m.s.a.McpServerAutoConfiguration - Enable prompts capabilities, notification: true
2026-05-24 09:48:30 INFO  o.s.a.m.s.a.McpServerAutoConfiguration - Enable completions capabilities
2026-05-24 09:48:30 INFO  i.m.server.McpAsyncServer - Client initialize request - Protocol: 2025-11-25, Capabilities: ClientCapabilities[experimental=null, roots=null, sampling=null], Info: Implementation[name=q-chat-plugin, version=1.0.0]
2026-05-24 09:48:30 WARN  i.m.server.McpAsyncServer - Client requested unsupported protocol version: 2025-11-25, so the server will suggest the 2024-11-05 version instead
2026-05-24 09:48:30 INFO  c.c.m.McpServerApplication - Started McpServerApplication in 2.336 seconds (process running for 3.199)
2026-05-24 11:50:51 INFO  c.c.m.McpServerApplication - Starting McpServerApplication v1.0-SNAPSHOT using Java 21.0.10 with PID 73926 (/Users/vivekpandey/Documents/Project/twdc/Mysql_mcp_server/target/mysql-mcp-server-1.0-SNAPSHOT.jar started by vivekpandey in /Users/vivekpandey/Documents/Project/twdc/Mysql_mcp_server)
2026-05-24 11:50:51 INFO  c.c.m.McpServerApplication - The following 1 profile is active: "mcp"
2026-05-24 11:50:52 INFO  o.s.a.m.s.a.McpServerAutoConfiguration - Enable tools capabilities, notification: true
2026-05-24 11:50:52 INFO  o.s.a.m.s.a.McpServerAutoConfiguration - Registered tools: 5
2026-05-24 11:50:52 INFO  o.s.a.m.s.a.McpServerAutoConfiguration - Enable resources capabilities, notification: true
2026-05-24 11:50:52 INFO  o.s.a.m.s.a.McpServerAutoConfiguration - Enable prompts capabilities, notification: true
2026-05-24 11:50:52 INFO  o.s.a.m.s.a.McpServerAutoConfiguration - Enable completions capabilities
2026-05-24 11:50:53 INFO  i.m.server.McpAsyncServer - Client initialize request - Protocol: 2025-11-25, Capabilities: ClientCapabilities[experimental=null, roots=null, sampling=null], Info: Implementation[name=q-chat-plugin, version=1.0.0]
2026-05-24 11:50:53 WARN  i.m.server.McpAsyncServer - Client requested unsupported protocol version: 2025-11-25, so the server will suggest the 2024-11-05 version instead
2026-05-24 11:50:53 INFO  c.c.m.McpServerApplication - Started McpServerApplication in 2.015 seconds (process running for 2.36)
2026-05-24 14:53:39 INFO  c.c.m.McpServerApplication - Starting McpServerApplication v1.0-SNAPSHOT using Java 21.0.10 with PID 74783 (/Users/vivekpandey/Documents/Project/twdc/Mysql_mcp_server/target/mysql-mcp-server-1.0-SNAPSHOT.jar started by vivekpandey in /Users/vivekpandey/Documents/Project/twdc/Mysql_mcp_server)
2026-05-24 14:53:39 INFO  c.c.m.McpServerApplication - The following 1 profile is active: "mcp"
2026-05-24 14:53:40 INFO  o.s.a.m.s.a.McpServerAutoConfiguration - Enable tools capabilities, notification: true
2026-05-24 14:53:40 INFO  o.s.a.m.s.a.McpServerAutoConfiguration - Registered tools: 5
2026-05-24 14:53:40 INFO  o.s.a.m.s.a.McpServerAutoConfiguration - Enable resources capabilities, notification: true
2026-05-24 14:53:40 INFO  o.s.a.m.s.a.McpServerAutoConfiguration - Enable prompts capabilities, notification: true
2026-05-24 14:53:40 INFO  o.s.a.m.s.a.McpServerAutoConfiguration - Enable completions capabilities
2026-05-24 14:53:40 INFO  i.m.server.McpAsyncServer - Client initialize request - Protocol: 2025-11-25, Capabilities: ClientCapabilities[experimental=null, roots=null, sampling=null], Info: Implementation[name=q-chat-plugin, version=1.0.0]
2026-05-24 14:53:40 WARN  i.m.server.McpAsyncServer - Client requested unsupported protocol version: 2025-11-25, so the server will suggest the 2024-11-05 version instead
2026-05-24 14:53:40 INFO  c.c.m.McpServerApplication - Started McpServerApplication in 1.29 seconds (process running for 1.619)
2026-05-24 16:55:29 INFO  c.c.m.McpServerApplication - Starting McpServerApplication v1.0-SNAPSHOT using Java 21.0.10 with PID 75285 (/Users/vivekpandey/Documents/Project/twdc/Mysql_mcp_server/target/mysql-mcp-server-1.0-SNAPSHOT.jar started by vivekpandey in /Users/vivekpandey/Documents/Project/twdc/Mysql_mcp_server)
2026-05-24 16:55:29 INFO  c.c.m.McpServerApplication - The following 1 profile is active: "mcp"
2026-05-24 16:55:30 INFO  o.s.a.m.s.a.McpServerAutoConfiguration - Enable tools capabilities, notification: true
2026-05-24 16:55:30 INFO  o.s.a.m.s.a.McpServerAutoConfiguration - Registered tools: 5
2026-05-24 16:55:30 INFO  o.s.a.m.s.a.McpServerAutoConfiguration - Enable resources capabilities, notification: true
2026-05-24 16:55:30 INFO  o.s.a.m.s.a.McpServerAutoConfiguration - Enable prompts capabilities, notification: true
2026-05-24 16:55:30 INFO  o.s.a.m.s.a.McpServerAutoConfiguration - Enable completions capabilities
2026-05-24 16:55:30 INFO  i.m.server.McpAsyncServer - Client initialize request - Protocol: 2025-11-25, Capabilities: ClientCapabilities[experimental=null, roots=null, sampling=null], Info: Implementation[name=q-chat-plugin, version=1.0.0]
2026-05-24 16:55:30 WARN  i.m.server.McpAsyncServer - Client requested unsupported protocol version: 2025-11-25, so the server will suggest the 2024-11-05 version instead
2026-05-24 16:55:30 INFO  c.c.m.McpServerApplication - Started McpServerApplication in 1.264 seconds (process running for 1.549)
2026-05-24 19:30:17 INFO  c.c.m.McpServerApplication - Starting McpServerApplication v1.0-SNAPSHOT using Java 21.0.10 with PID 76173 (/Users/vivekpandey/Documents/Project/twdc/Mysql_mcp_server/target/mysql-mcp-server-1.0-SNAPSHOT.jar started by vivekpandey in /Users/vivekpandey/Documents/Project/twdc/Mysql_mcp_server)
2026-05-24 19:30:17 INFO  c.c.m.McpServerApplication - The following 1 profile is active: "mcp"
2026-05-24 19:30:18 INFO  o.s.a.m.s.a.McpServerAutoConfiguration - Enable tools capabilities, notification: true
2026-05-24 19:30:18 INFO  o.s.a.m.s.a.McpServerAutoConfiguration - Registered tools: 5
2026-05-24 19:30:18 INFO  o.s.a.m.s.a.McpServerAutoConfiguration - Enable resources capabilities, notification: true
2026-05-24 19:30:18 INFO  o.s.a.m.s.a.McpServerAutoConfiguration - Enable prompts capabilities, notification: true
2026-05-24 19:30:18 INFO  o.s.a.m.s.a.McpServerAutoConfiguration - Enable completions capabilities
2026-05-24 19:30:18 INFO  i.m.server.McpAsyncServer - Client initialize request - Protocol: 2025-11-25, Capabilities: ClientCapabilities[experimental=null, roots=null, sampling=null], Info: Implementation[name=q-chat-plugin, version=1.0.0]
2026-05-24 19:30:18 WARN  i.m.server.McpAsyncServer - Client requested unsupported protocol version: 2025-11-25, so the server will suggest the 2024-11-05 version instead
2026-05-24 19:30:18 INFO  c.c.m.McpServerApplication - Started McpServerApplication in 0.991 seconds (process running for 1.259)
2026-05-24 19:30:18 INFO  c.c.m.McpServerApplication - Starting McpServerApplication v1.0-SNAPSHOT using Java 21.0.10 with PID 76184 (/Users/vivekpandey/Documents/Project/twdc/Mysql_mcp_server/target/mysql-mcp-server-1.0-SNAPSHOT.jar started by vivekpandey in /Users/vivekpandey/Documents/Project/twdc/Mysql_mcp_server)
2026-05-24 19:30:18 INFO  c.c.m.McpServerApplication - The following 1 profile is active: "mcp"
2026-05-24 19:30:19 INFO  o.s.a.m.s.a.McpServerAutoConfiguration - Enable tools capabilities, notification: true
2026-05-24 19:30:19 INFO  o.s.a.m.s.a.McpServerAutoConfiguration - Registered tools: 5
2026-05-24 19:30:19 INFO  o.s.a.m.s.a.McpServerAutoConfiguration - Enable resources capabilities, notification: true
2026-05-24 19:30:19 INFO  o.s.a.m.s.a.McpServerAutoConfiguration - Enable prompts capabilities, notification: true
2026-05-24 19:30:19 INFO  o.s.a.m.s.a.McpServerAutoConfiguration - Enable completions capabilities
2026-05-24 19:30:19 INFO  i.m.server.McpAsyncServer - Client initialize request - Protocol: 2025-11-25, Capabilities: ClientCapabilities[experimental=null, roots=null, sampling=null], Info: Implementation[name=q-chat-plugin, version=1.0.0]
2026-05-24 19:30:19 WARN  i.m.server.McpAsyncServer - Client requested unsupported protocol version: 2025-11-25, so the server will suggest the 2024-11-05 version instead
2026-05-24 19:30:19 INFO  c.c.m.McpServerApplication - Started McpServerApplication in 1.006 seconds (process running for 1.254)
2026-05-24 19:30:20 INFO  c.c.m.McpServerApplication - Starting McpServerApplication v1.0-SNAPSHOT using Java 21.0.10 with PID 76218 (/Users/vivekpandey/Documents/Project/twdc/Mysql_mcp_server/target/mysql-mcp-server-1.0-SNAPSHOT.jar started by vivekpandey in /Users/vivekpandey/Documents/Project/twdc/Mysql_mcp_server)
2026-05-24 19:30:20 INFO  c.c.m.McpServerApplication - The following 1 profile is active: "mcp"
2026-05-24 19:30:20 INFO  o.s.a.m.s.a.McpServerAutoConfiguration - Enable tools capabilities, notification: true
2026-05-24 19:30:20 INFO  o.s.a.m.s.a.McpServerAutoConfiguration - Registered tools: 5
2026-05-24 19:30:20 INFO  o.s.a.m.s.a.McpServerAutoConfiguration - Enable resources capabilities, notification: true
2026-05-24 19:30:20 INFO  o.s.a.m.s.a.McpServerAutoConfiguration - Enable prompts capabilities, notification: true
2026-05-24 19:30:20 INFO  o.s.a.m.s.a.McpServerAutoConfiguration - Enable completions capabilities
2026-05-24 19:30:20 INFO  i.m.server.McpAsyncServer - Client initialize request - Protocol: 2025-11-25, Capabilities: ClientCapabilities[experimental=null, roots=null, sampling=null], Info: Implementation[name=q-chat-plugin, version=1.0.0]
2026-05-24 19:30:20 WARN  i.m.server.McpAsyncServer - Client requested unsupported protocol version: 2025-11-25, so the server will suggest the 2024-11-05 version instead
2026-05-24 19:30:21 INFO  c.c.m.McpServerApplication - Started McpServerApplication in 0.97 seconds (process running for 1.261)
2026-05-24 20:59:49 INFO  c.c.m.McpServerApplication - Starting McpServerApplication v1.0-SNAPSHOT using Java 21.0.10 with PID 76649 (/Users/vivekpandey/Documents/Project/twdc/Mysql_mcp_server/target/mysql-mcp-server-1.0-SNAPSHOT.jar started by vivekpandey in /Users/vivekpandey/Documents/Project/twdc/Mysql_mcp_server)
2026-05-24 20:59:49 INFO  c.c.m.McpServerApplication - The following 1 profile is active: "mcp"
2026-05-24 20:59:49 INFO  o.s.a.m.s.a.McpServerAutoConfiguration - Enable tools capabilities, notification: true
2026-05-24 20:59:49 INFO  o.s.a.m.s.a.McpServerAutoConfiguration - Registered tools: 5
2026-05-24 20:59:49 INFO  o.s.a.m.s.a.McpServerAutoConfiguration - Enable resources capabilities, notification: true
2026-05-24 20:59:49 INFO  o.s.a.m.s.a.McpServerAutoConfiguration - Enable prompts capabilities, notification: true
2026-05-24 20:59:49 INFO  o.s.a.m.s.a.McpServerAutoConfiguration - Enable completions capabilities
2026-05-24 20:59:49 INFO  i.m.server.McpAsyncServer - Client initialize request - Protocol: 2025-11-25, Capabilities: ClientCapabilities[experimental=null, roots=null, sampling=null], Info: Implementation[name=q-chat-plugin, version=1.0.0]
2026-05-24 20:59:49 WARN  i.m.server.McpAsyncServer - Client requested unsupported protocol version: 2025-11-25, so the server will suggest the 2024-11-05 version instead
2026-05-24 20:59:50 INFO  c.c.m.McpServerApplication - Started McpServerApplication in 0.656 seconds (process running for 0.835)
2026-05-24 23:40:12 INFO  c.c.m.McpServerApplication - Starting McpServerApplication v1.0-SNAPSHOT using Java 21.0.10 with PID 77382 (/Users/vivekpandey/Documents/Project/twdc/Mysql_mcp_server/target/mysql-mcp-server-1.0-SNAPSHOT.jar started by vivekpandey in /Users/vivekpandey/Documents/Project/twdc/Mysql_mcp_server)
2026-05-24 23:40:12 INFO  c.c.m.McpServerApplication - The following 1 profile is active: "mcp"
2026-05-24 23:40:12 INFO  o.s.a.m.s.a.McpServerAutoConfiguration - Enable tools capabilities, notification: true
2026-05-24 23:40:12 INFO  o.s.a.m.s.a.McpServerAutoConfiguration - Registered tools: 5
2026-05-24 23:40:12 INFO  o.s.a.m.s.a.McpServerAutoConfiguration - Enable resources capabilities, notification: true
2026-05-24 23:40:12 INFO  o.s.a.m.s.a.McpServerAutoConfiguration - Enable prompts capabilities, notification: true
2026-05-24 23:40:12 INFO  o.s.a.m.s.a.McpServerAutoConfiguration - Enable completions capabilities
2026-05-24 23:40:13 INFO  i.m.server.McpAsyncServer - Client initialize request - Protocol: 2025-11-25, Capabilities: ClientCapabilities[experimental=null, roots=null, sampling=null], Info: Implementation[name=q-chat-plugin, version=1.0.0]
2026-05-24 23:40:13 WARN  i.m.server.McpAsyncServer - Client requested unsupported protocol version: 2025-11-25, so the server will suggest the 2024-11-05 version instead
2026-05-24 23:40:13 INFO  c.c.m.McpServerApplication - Started McpServerApplication in 1.151 seconds (process running for 1.409)
2026-05-25 03:17:42 INFO  c.c.m.McpServerApplication - Starting McpServerApplication v1.0-SNAPSHOT using Java 21.0.10 with PID 78280 (/Users/vivekpandey/Documents/Project/twdc/Mysql_mcp_server/target/mysql-mcp-server-1.0-SNAPSHOT.jar started by vivekpandey in /Users/vivekpandey/Documents/Project/twdc/Mysql_mcp_server)
2026-05-25 03:17:42 INFO  c.c.m.McpServerApplication - The following 1 profile is active: "mcp"
2026-05-25 03:17:43 INFO  o.s.a.m.s.a.McpServerAutoConfiguration - Enable tools capabilities, notification: true
2026-05-25 03:17:43 INFO  o.s.a.m.s.a.McpServerAutoConfiguration - Registered tools: 5
2026-05-25 03:17:43 INFO  o.s.a.m.s.a.McpServerAutoConfiguration - Enable resources capabilities, notification: true
2026-05-25 03:17:43 INFO  o.s.a.m.s.a.McpServerAutoConfiguration - Enable prompts capabilities, notification: true
2026-05-25 03:17:43 INFO  o.s.a.m.s.a.McpServerAutoConfiguration - Enable completions capabilities
2026-05-25 03:17:43 INFO  i.m.server.McpAsyncServer - Client initialize request - Protocol: 2025-11-25, Capabilities: ClientCapabilities[experimental=null, roots=null, sampling=null], Info: Implementation[name=q-chat-plugin, version=1.0.0]
2026-05-25 03:17:43 WARN  i.m.server.McpAsyncServer - Client requested unsupported protocol version: 2025-11-25, so the server will suggest the 2024-11-05 version instead
2026-05-25 03:17:43 INFO  c.c.m.McpServerApplication - Started McpServerApplication in 1.097 seconds (process running for 1.385)
2026-05-25 07:10:16 INFO  c.c.m.McpServerApplication - Starting McpServerApplication v1.0-SNAPSHOT using Java 21.0.10 with PID 79371 (/Users/vivekpandey/Documents/Project/twdc/Mysql_mcp_server/target/mysql-mcp-server-1.0-SNAPSHOT.jar started by vivekpandey in /Users/vivekpandey/Documents/Project/twdc/Mysql_mcp_server)
2026-05-25 07:10:16 INFO  c.c.m.McpServerApplication - The following 1 profile is active: "mcp"
2026-05-25 07:10:17 INFO  o.s.a.m.s.a.McpServerAutoConfiguration - Enable tools capabilities, notification: true
2026-05-25 07:10:18 INFO  o.s.a.m.s.a.McpServerAutoConfiguration - Registered tools: 5
2026-05-25 07:10:18 INFO  o.s.a.m.s.a.McpServerAutoConfiguration - Enable resources capabilities, notification: true
2026-05-25 07:10:18 INFO  o.s.a.m.s.a.McpServerAutoConfiguration - Enable prompts capabilities, notification: true
2026-05-25 07:10:18 INFO  o.s.a.m.s.a.McpServerAutoConfiguration - Enable completions capabilities
2026-05-25 07:10:18 INFO  i.m.server.McpAsyncServer - Client initialize request - Protocol: 2025-11-25, Capabilities: ClientCapabilities[experimental=null, roots=null, sampling=null], Info: Implementation[name=q-chat-plugin, version=1.0.0]
2026-05-25 07:10:18 WARN  i.m.server.McpAsyncServer - Client requested unsupported protocol version: 2025-11-25, so the server will suggest the 2024-11-05 version instead
2026-05-25 07:10:18 INFO  c.c.m.McpServerApplication - Started McpServerApplication in 2.041 seconds (process running for 2.544)
2026-05-25 07:10:23 INFO  c.c.m.McpServerApplication - Starting McpServerApplication v1.0-SNAPSHOT using Java 21.0.10 with PID 79391 (/Users/vivekpandey/Documents/Project/twdc/Mysql_mcp_server/target/mysql-mcp-server-1.0-SNAPSHOT.jar started by vivekpandey in /Users/vivekpandey/Documents/Project/twdc/Mysql_mcp_server)
2026-05-25 07:10:23 INFO  c.c.m.McpServerApplication - The following 1 profile is active: "mcp"
2026-05-25 07:10:30 INFO  o.s.a.m.s.a.McpServerAutoConfiguration - Enable tools capabilities, notification: true
2026-05-25 07:10:31 INFO  o.s.a.m.s.a.McpServerAutoConfiguration - Registered tools: 5
2026-05-25 07:10:31 INFO  o.s.a.m.s.a.McpServerAutoConfiguration - Enable resources capabilities, notification: true
2026-05-25 07:10:31 INFO  o.s.a.m.s.a.McpServerAutoConfiguration - Enable prompts capabilities, notification: true
2026-05-25 07:10:31 INFO  o.s.a.m.s.a.McpServerAutoConfiguration - Enable completions capabilities
2026-05-25 07:10:31 INFO  i.m.server.McpAsyncServer - Client initialize request - Protocol: 2025-11-25, Capabilities: ClientCapabilities[experimental=null, roots=null, sampling=null], Info: Implementation[name=q-chat-plugin, version=1.0.0]
2026-05-25 07:10:31 WARN  i.m.server.McpAsyncServer - Client requested unsupported protocol version: 2025-11-25, so the server will suggest the 2024-11-05 version instead
2026-05-25 07:10:32 INFO  c.c.m.McpServerApplication - Started McpServerApplication in 10.616 seconds (process running for 13.156)
2026-05-25 07:10:36 INFO  c.c.m.McpServerApplication - Starting McpServerApplication v1.0-SNAPSHOT using Java 21.0.10 with PID 79433 (/Users/vivekpandey/Documents/Project/twdc/Mysql_mcp_server/target/mysql-mcp-server-1.0-SNAPSHOT.jar started by vivekpandey in /Users/vivekpandey/Documents/Project/twdc/Mysql_mcp_server)
2026-05-25 07:10:36 INFO  c.c.m.McpServerApplication - The following 1 profile is active: "mcp"
2026-05-25 07:10:37 INFO  o.s.a.m.s.a.McpServerAutoConfiguration - Enable tools capabilities, notification: true
2026-05-25 07:10:37 INFO  o.s.a.m.s.a.McpServerAutoConfiguration - Registered tools: 5
2026-05-25 07:10:37 INFO  o.s.a.m.s.a.McpServerAutoConfiguration - Enable resources capabilities, notification: true
2026-05-25 07:10:37 INFO  o.s.a.m.s.a.McpServerAutoConfiguration - Enable prompts capabilities, notification: true
2026-05-25 07:10:37 INFO  o.s.a.m.s.a.McpServerAutoConfiguration - Enable completions capabilities
2026-05-25 07:10:37 INFO  i.m.server.McpAsyncServer - Client initialize request - Protocol: 2025-11-25, Capabilities: ClientCapabilities[experimental=null, roots=null, sampling=null], Info: Implementation[name=q-chat-plugin, version=1.0.0]
2026-05-25 07:10:37 WARN  i.m.server.McpAsyncServer - Client requested unsupported protocol version: 2025-11-25, so the server will suggest the 2024-11-05 version instead
2026-05-25 07:10:37 INFO  c.c.m.McpServerApplication - Started McpServerApplication in 3.274 seconds (process running for 4.668)
2026-05-25 08:31:52 INFO  c.c.m.McpServerApplication - Starting McpServerApplication v1.0-SNAPSHOT using Java 21.0.10 with PID 80007 (/Users/vivekpandey/Documents/Project/twdc/Mysql_mcp_server/target/mysql-mcp-server-1.0-SNAPSHOT.jar started by vivekpandey in /Users/vivekpandey/Documents/Project/twdc/Mysql_mcp_server)
2026-05-25 08:31:52 INFO  c.c.m.McpServerApplication - The following 1 profile is active: "mcp"
2026-05-25 08:31:53 INFO  o.s.a.m.s.a.McpServerAutoConfiguration - Enable tools capabilities, notification: true
2026-05-25 08:31:53 INFO  o.s.a.m.s.a.McpServerAutoConfiguration - Registered tools: 5
2026-05-25 08:31:53 INFO  o.s.a.m.s.a.McpServerAutoConfiguration - Enable resources capabilities, notification: true
2026-05-25 08:31:53 INFO  o.s.a.m.s.a.McpServerAutoConfiguration - Enable prompts capabilities, notification: true
2026-05-25 08:31:53 INFO  o.s.a.m.s.a.McpServerAutoConfiguration - Enable completions capabilities
2026-05-25 08:31:53 INFO  i.m.server.McpAsyncServer - Client initialize request - Protocol: 2025-11-25, Capabilities: ClientCapabilities[experimental=null, roots=null, sampling=null], Info: Implementation[name=q-chat-plugin, version=1.0.0]
2026-05-25 08:31:53 WARN  i.m.server.McpAsyncServer - Client requested unsupported protocol version: 2025-11-25, so the server will suggest the 2024-11-05 version instead
2026-05-25 08:31:53 INFO  c.c.m.McpServerApplication - Started McpServerApplication in 1.032 seconds (process running for 1.303)
2026-05-25 10:50:22 INFO  c.c.m.McpServerApplication - Starting McpServerApplication v1.0-SNAPSHOT using Java 21.0.10 with PID 80612 (/Users/vivekpandey/Documents/Project/twdc/Mysql_mcp_server/target/mysql-mcp-server-1.0-SNAPSHOT.jar started by vivekpandey in /Users/vivekpandey/Documents/Project/twdc/Mysql_mcp_server)
2026-05-25 10:50:22 INFO  c.c.m.McpServerApplication - The following 1 profile is active: "mcp"
2026-05-25 10:50:23 INFO  o.s.a.m.s.a.McpServerAutoConfiguration - Enable tools capabilities, notification: true
2026-05-25 10:50:23 INFO  o.s.a.m.s.a.McpServerAutoConfiguration - Registered tools: 5
2026-05-25 10:50:23 INFO  o.s.a.m.s.a.McpServerAutoConfiguration - Enable resources capabilities, notification: true
2026-05-25 10:50:23 INFO  o.s.a.m.s.a.McpServerAutoConfiguration - Enable prompts capabilities, notification: true
2026-05-25 10:50:23 INFO  o.s.a.m.s.a.McpServerAutoConfiguration - Enable completions capabilities
2026-05-25 10:50:23 INFO  i.m.server.McpAsyncServer - Client initialize request - Protocol: 2025-11-25, Capabilities: ClientCapabilities[experimental=null, roots=null, sampling=null], Info: Implementation[name=q-chat-plugin, version=1.0.0]
2026-05-25 10:50:23 WARN  i.m.server.McpAsyncServer - Client requested unsupported protocol version: 2025-11-25, so the server will suggest the 2024-11-05 version instead
2026-05-25 10:50:23 INFO  c.c.m.McpServerApplication - Started McpServerApplication in 1.082 seconds (process running for 1.307)
2026-05-25 11:33:11 INFO  c.c.m.McpServerApplication - Starting McpServerApplication v1.0-SNAPSHOT using Java 21.0.10 with PID 81611 (/Users/vivekpandey/Documents/Project/twdc/Mysql_mcp_server/target/mysql-mcp-server-1.0-SNAPSHOT.jar started by vivekpandey in /Users/vivekpandey/Documents/Project/twdc/Mysql_mcp_server)
2026-05-25 11:33:11 INFO  c.c.m.McpServerApplication - The following 1 profile is active: "mcp"
2026-05-25 11:33:12 INFO  o.s.a.m.s.a.McpServerAutoConfiguration - Enable tools capabilities, notification: true
2026-05-25 11:33:12 INFO  o.s.a.m.s.a.McpServerAutoConfiguration - Registered tools: 5
2026-05-25 11:33:12 INFO  o.s.a.m.s.a.McpServerAutoConfiguration - Enable resources capabilities, notification: true
2026-05-25 11:33:12 INFO  o.s.a.m.s.a.McpServerAutoConfiguration - Enable prompts capabilities, notification: true
2026-05-25 11:33:12 INFO  o.s.a.m.s.a.McpServerAutoConfiguration - Enable completions capabilities
2026-05-25 11:33:12 INFO  i.m.server.McpAsyncServer - Client initialize request - Protocol: 2025-11-25, Capabilities: ClientCapabilities[experimental=null, roots=null, sampling=null], Info: Implementation[name=q-chat-plugin, version=1.0.0]
2026-05-25 11:33:12 WARN  i.m.server.McpAsyncServer - Client requested unsupported protocol version: 2025-11-25, so the server will suggest the 2024-11-05 version instead
2026-05-25 11:33:12 INFO  c.c.m.McpServerApplication - Started McpServerApplication in 1.009 seconds (process running for 1.248)
2026-05-25 12:05:03 INFO  c.c.m.McpServerApplication - Starting McpServerApplication v1.0-SNAPSHOT using Java 21.0.10 with PID 82465 (/Users/vivekpandey/Documents/Project/twdc/Mysql_mcp_server/target/mysql-mcp-server-1.0-SNAPSHOT.jar started by vivekpandey in /Users/vivekpandey/Documents/Project/twdc/Mysql_mcp_server)
2026-05-25 12:05:03 INFO  c.c.m.McpServerApplication - The following 1 profile is active: "mcp"
2026-05-25 12:05:03 INFO  o.s.a.m.s.a.McpServerAutoConfiguration - Enable tools capabilities, notification: true
2026-05-25 12:05:03 INFO  o.s.a.m.s.a.McpServerAutoConfiguration - Registered tools: 5
2026-05-25 12:05:03 INFO  o.s.a.m.s.a.McpServerAutoConfiguration - Enable resources capabilities, notification: true
2026-05-25 12:05:03 INFO  o.s.a.m.s.a.McpServerAutoConfiguration - Enable prompts capabilities, notification: true
2026-05-25 12:05:03 INFO  o.s.a.m.s.a.McpServerAutoConfiguration - Enable completions capabilities
2026-05-25 12:05:03 INFO  i.m.server.McpAsyncServer - Client initialize request - Protocol: 2025-11-25, Capabilities: ClientCapabilities[experimental=null, roots=null, sampling=null], Info: Implementation[name=q-chat-plugin, version=1.0.0]
2026-05-25 12:05:03 WARN  i.m.server.McpAsyncServer - Client requested unsupported protocol version: 2025-11-25, so the server will suggest the 2024-11-05 version instead
2026-05-25 12:05:04 INFO  c.c.m.McpServerApplication - Started McpServerApplication in 1.242 seconds (process running for 1.587)
2026-05-25 12:12:17 INFO  c.c.m.McpServerApplication - Starting McpServerApplication using Java 21.0.10 with PID 82690 (/Users/vivekpandey/Documents/Project/twdc/Mysql_mcp_server/target/classes started by vivekpandey in /Users/vivekpandey/Documents/Project/twdc/Mysql_mcp_server)
2026-05-25 12:12:17 INFO  c.c.m.McpServerApplication - The following 1 profile is active: "mcp"
2026-05-25 12:12:18 INFO  o.s.a.m.s.a.McpServerAutoConfiguration - Enable tools capabilities, notification: true
2026-05-25 12:12:18 INFO  o.s.a.m.s.a.McpServerAutoConfiguration - Registered tools: 5
2026-05-25 12:12:18 INFO  o.s.a.m.s.a.McpServerAutoConfiguration - Enable resources capabilities, notification: true
2026-05-25 12:12:18 INFO  o.s.a.m.s.a.McpServerAutoConfiguration - Enable prompts capabilities, notification: true
2026-05-25 12:12:18 INFO  o.s.a.m.s.a.McpServerAutoConfiguration - Enable completions capabilities
2026-05-25 12:12:18 INFO  c.c.m.McpServerApplication - Started McpServerApplication in 0.569 seconds (process running for 0.699)
2026-05-25 12:14:10 INFO  c.c.m.McpServerApplication - Starting McpServerApplication v1.0-SNAPSHOT using Java 21.0.10 with PID 82787 (/Users/vivekpandey/Documents/Project/twdc/Mysql_mcp_server/target/mysql-mcp-server-1.0-SNAPSHOT.jar started by vivekpandey in /Users/vivekpandey/Documents/Project/twdc/Mysql_mcp_server)
2026-05-25 12:14:10 INFO  c.c.m.McpServerApplication - The following 1 profile is active: "mcp"
2026-05-25 12:14:10 INFO  o.s.a.m.s.a.McpServerAutoConfiguration - Enable tools capabilities, notification: true
2026-05-25 12:14:10 INFO  o.s.a.m.s.a.McpServerAutoConfiguration - Registered tools: 5
2026-05-25 12:14:10 INFO  o.s.a.m.s.a.McpServerAutoConfiguration - Enable resources capabilities, notification: true
2026-05-25 12:14:10 INFO  o.s.a.m.s.a.McpServerAutoConfiguration - Enable prompts capabilities, notification: true
2026-05-25 12:14:10 INFO  o.s.a.m.s.a.McpServerAutoConfiguration - Enable completions capabilities
2026-05-25 12:14:10 INFO  c.c.m.McpServerApplication - Started McpServerApplication in 0.602 seconds (process running for 0.77)
2026-05-25 12:14:17 ERROR i.m.s.t.StdioServerTransportProvider - Error processing inbound message
com.fasterxml.jackson.databind.exc.MismatchedInputException: No content to map due to end-of-input
 at [Source: REDACTED (`StreamReadFeature.INCLUDE_SOURCE_IN_LOCATION` disabled); line: 1]
	at com.fasterxml.jackson.databind.exc.MismatchedInputException.from(MismatchedInputException.java:59)
	at com.fasterxml.jackson.databind.ObjectMapper._initForReading(ObjectMapper.java:5022)
	at com.fasterxml.jackson.databind.ObjectMapper._readMapAndClose(ObjectMapper.java:4921)
	at com.fasterxml.jackson.databind.ObjectMapper.readValue(ObjectMapper.java:3868)
	at com.fasterxml.jackson.databind.ObjectMapper.readValue(ObjectMapper.java:3851)
	at io.modelcontextprotocol.spec.McpSchema.deserializeJsonRpcMessage(McpSchema.java:157)
	at io.modelcontextprotocol.server.transport.StdioServerTransportProvider$StdioMcpSessionTransport.lambda$startInboundProcessing$4(StdioServerTransportProvider.java:217)
	at reactor.core.scheduler.SchedulerTask.call(SchedulerTask.java:68)
	at reactor.core.scheduler.SchedulerTask.call(SchedulerTask.java:28)
	at java.base/java.util.concurrent.FutureTask.run(FutureTask.java:317)
	at java.base/java.util.concurrent.ThreadPoolExecutor.runWorker(ThreadPoolExecutor.java:1144)
	at java.base/java.util.concurrent.ThreadPoolExecutor$Worker.run(ThreadPoolExecutor.java:642)
	at java.base/java.lang.Thread.run(Thread.java:1583)
2026-05-25 12:14:41 INFO  c.c.m.McpServerApplication - Starting McpServerApplication v1.0-SNAPSHOT using Java 21.0.10 with PID 82807 (/Users/vivekpandey/Documents/Project/twdc/Mysql_mcp_server/target/mysql-mcp-server-1.0-SNAPSHOT.jar started by vivekpandey in /Users/vivekpandey/Documents/Project/twdc/Mysql_mcp_server)
2026-05-25 12:14:41 INFO  c.c.m.McpServerApplication - The following 1 profile is active: "mcp"
2026-05-25 12:14:41 INFO  o.s.a.m.s.a.McpServerAutoConfiguration - Enable tools capabilities, notification: true
2026-05-25 12:14:41 INFO  o.s.a.m.s.a.McpServerAutoConfiguration - Registered tools: 5
2026-05-25 12:14:41 INFO  o.s.a.m.s.a.McpServerAutoConfiguration - Enable resources capabilities, notification: true
2026-05-25 12:14:41 INFO  o.s.a.m.s.a.McpServerAutoConfiguration - Enable prompts capabilities, notification: true
2026-05-25 12:14:41 INFO  o.s.a.m.s.a.McpServerAutoConfiguration - Enable completions capabilities
2026-05-25 12:14:41 INFO  i.m.server.McpAsyncServer - Client initialize request - Protocol: 2025-11-25, Capabilities: ClientCapabilities[experimental=null, roots=null, sampling=null], Info: Implementation[name=q-chat-plugin, version=1.0.0]
2026-05-25 12:14:41 WARN  i.m.server.McpAsyncServer - Client requested unsupported protocol version: 2025-11-25, so the server will suggest the 2024-11-05 version instead
2026-05-25 12:14:42 INFO  c.c.m.McpServerApplication - Started McpServerApplication in 1.211 seconds (process running for 1.424)
2026-05-25 12:14:53 INFO  com.zaxxer.hikari.HikariDataSource - HikariPool-1 - Starting...
2026-05-25 12:14:54 INFO  com.zaxxer.hikari.pool.HikariPool - HikariPool-1 - Added connection com.mysql.cj.jdbc.ConnectionImpl@7aac127e
2026-05-25 12:14:54 INFO  com.zaxxer.hikari.HikariDataSource - HikariPool-1 - Start completed.
2026-05-25 12:15:17 INFO  c.c.m.McpServerApplication - Starting McpServerApplication using Java 21.0.10 with PID 82842 (/Users/vivekpandey/Documents/Project/twdc/Mysql_mcp_server/target/classes started by vivekpandey in /Users/vivekpandey/Documents/Project/twdc/Mysql_mcp_server)
2026-05-25 12:15:17 INFO  c.c.m.McpServerApplication - The following 1 profile is active: "mcp"
2026-05-25 12:15:17 INFO  o.s.a.m.s.a.McpServerAutoConfiguration - Enable tools capabilities, notification: true
2026-05-25 12:15:17 INFO  o.s.a.m.s.a.McpServerAutoConfiguration - Registered tools: 5
2026-05-25 12:15:17 INFO  o.s.a.m.s.a.McpServerAutoConfiguration - Enable resources capabilities, notification: true
2026-05-25 12:15:17 INFO  o.s.a.m.s.a.McpServerAutoConfiguration - Enable prompts capabilities, notification: true
2026-05-25 12:15:17 INFO  o.s.a.m.s.a.McpServerAutoConfiguration - Enable completions capabilities
2026-05-25 12:15:17 INFO  c.c.m.McpServerApplication - Started McpServerApplication in 0.557 seconds (process running for 0.679)
2026-05-25 12:37:30 INFO  com.zaxxer.hikari.HikariDataSource - HikariPool-1 - Shutdown initiated...
2026-05-25 12:37:30 INFO  com.zaxxer.hikari.HikariDataSource - HikariPool-1 - Shutdown completed.
